# Smooth compact 400m-style lane lines. Straight and curve lines are true strips.
v -14.768250 12.742500 0.020000
v 14.768250 12.742500 0.020000
v 14.768250 12.807500 0.020000
v -14.768250 12.807500 0.020000
v 14.768250 -12.742500 0.020000
v -14.768250 -12.742500 0.020000
v -14.768250 -12.807500 0.020000
v 14.768250 -12.807500 0.020000
v 14.768250 -12.742500 0.020000
v 14.768250 -12.807500 0.020000
v 14.976739 -12.740794 0.020000
v 14.977803 -12.805786 0.020000
v 15.185173 -12.735678 0.020000
v 15.187300 -12.800643 0.020000
v 15.393495 -12.727151 0.020000
v 15.396684 -12.792073 0.020000
v 15.601649 -12.715217 0.020000
v 15.605901 -12.780078 0.020000
v 15.809581 -12.699879 0.020000
v 15.814893 -12.764662 0.020000
v 16.017233 -12.681141 0.020000
v 16.023605 -12.745828 0.020000
v 16.224552 -12.659008 0.020000
v 16.231980 -12.723582 0.020000
v 16.431480 -12.633486 0.020000
v 16.439964 -12.697930 0.020000
v 16.637963 -12.604582 0.020000
v 16.647501 -12.668878 0.020000
v 16.843946 -12.572303 0.020000
v 16.854534 -12.636434 0.020000
v 17.049372 -12.536658 0.020000
v 17.061008 -12.600608 0.020000
v 17.254188 -12.497656 0.020000
v 17.266869 -12.561407 0.020000
v 17.458339 -12.455309 0.020000
v 17.472061 -12.518844 0.020000
v 17.661769 -12.409627 0.020000
v 17.676529 -12.472929 0.020000
v 17.864425 -12.360623 0.020000
v 17.880219 -12.423675 0.020000
v 18.066252 -12.308310 0.020000
v 18.083075 -12.371095 0.020000
v 18.267195 -12.252701 0.020000
v 18.285044 -12.315203 0.020000
v 18.467202 -12.193812 0.020000
v 18.486071 -12.256013 0.020000
v 18.666219 -12.131659 0.020000
v 18.686103 -12.193543 0.020000
v 18.864192 -12.066257 0.020000
v 18.885086 -12.127808 0.020000
v 19.061069 -11.997625 0.020000
v 19.082967 -12.058826 0.020000
v 19.256796 -11.925781 0.020000
v 19.279692 -11.986615 0.020000
v 19.451322 -11.850744 0.020000
v 19.475210 -11.911196 0.020000
v 19.644594 -11.772535 0.020000
v 19.669468 -11.832587 0.020000
v 19.836560 -11.691174 0.020000
v 19.862414 -11.750811 0.020000
v 20.027169 -11.606682 0.020000
v 20.053995 -11.665888 0.020000
v 20.216371 -11.519084 0.020000
v 20.244162 -11.577843 0.020000
v 20.404114 -11.428401 0.020000
v 20.432862 -11.486698 0.020000
v 20.590348 -11.334659 0.020000
v 20.620046 -11.392477 0.020000
v 20.775023 -11.237882 0.020000
v 20.805664 -11.295207 0.020000
v 20.958090 -11.138096 0.020000
v 20.989665 -11.194912 0.020000
v 21.139500 -11.035329 0.020000
v 21.172000 -11.091620 0.020000
v 21.319204 -10.929607 0.020000
v 21.352621 -10.985359 0.020000
v 21.497155 -10.820959 0.020000
v 21.531479 -10.876157 0.020000
v 21.673303 -10.709414 0.020000
v 21.708526 -10.764043 0.020000
v 21.847604 -10.595002 0.020000
v 21.883716 -10.649047 0.020000
v 22.020009 -10.477753 0.020000
v 22.057000 -10.531200 0.020000
v 22.190472 -10.357699 0.020000
v 22.228333 -10.410534 0.020000
v 22.358948 -10.234872 0.020000
v 22.397669 -10.287080 0.020000
v 22.525393 -10.109305 0.020000
v 22.564962 -10.160873 0.020000
v 22.689760 -9.981031 0.020000
v 22.730168 -10.031945 0.020000
v 22.852006 -9.850086 0.020000
v 22.893242 -9.900331 0.020000
v 23.012089 -9.716503 0.020000
v 23.054141 -9.766067 0.020000
v 23.169964 -9.580319 0.020000
v 23.212822 -9.629188 0.020000
v 23.325590 -9.441570 0.020000
v 23.369241 -9.489732 0.020000
v 23.478925 -9.300293 0.020000
v 23.523358 -9.347734 0.020000
v 23.629928 -9.156526 0.020000
v 23.675132 -9.203234 0.020000
v 23.778558 -9.010308 0.020000
v 23.824520 -9.056270 0.020000
v 23.924776 -8.861678 0.020000
v 23.971484 -8.906882 0.020000
v 24.068543 -8.710675 0.020000
v 24.115984 -8.755108 0.020000
v 24.209820 -8.557340 0.020000
v 24.257982 -8.600991 0.020000
v 24.348569 -8.401714 0.020000
v 24.397438 -8.444572 0.020000
v 24.484753 -8.243839 0.020000
v 24.534317 -8.285891 0.020000
v 24.618336 -8.083756 0.020000
v 24.668581 -8.124992 0.020000
v 24.749281 -7.921510 0.020000
v 24.800195 -7.961918 0.020000
v 24.877555 -7.757143 0.020000
v 24.929123 -7.796712 0.020000
v 25.003122 -7.590698 0.020000
v 25.055330 -7.629419 0.020000
v 25.125949 -7.422222 0.020000
v 25.178784 -7.460083 0.020000
v 25.246003 -7.251759 0.020000
v 25.299450 -7.288750 0.020000
v 25.363252 -7.079354 0.020000
v 25.417297 -7.115466 0.020000
v 25.477664 -6.905053 0.020000
v 25.532293 -6.940276 0.020000
v 25.589209 -6.728905 0.020000
v 25.644407 -6.763229 0.020000
v 25.697857 -6.550954 0.020000
v 25.753609 -6.584371 0.020000
v 25.803579 -6.371250 0.020000
v 25.859870 -6.403750 0.020000
v 25.906346 -6.189840 0.020000
v 25.963162 -6.221415 0.020000
v 26.006132 -6.006773 0.020000
v 26.063457 -6.037414 0.020000
v 26.102909 -5.822098 0.020000
v 26.160727 -5.851796 0.020000
v 26.196651 -5.635864 0.020000
v 26.254948 -5.664612 0.020000
v 26.287334 -5.448121 0.020000
v 26.346093 -5.475912 0.020000
v 26.374932 -5.258919 0.020000
v 26.434138 -5.285745 0.020000
v 26.459424 -5.068310 0.020000
v 26.519061 -5.094164 0.020000
v 26.540785 -4.876344 0.020000
v 26.600837 -4.901218 0.020000
v 26.618994 -4.683072 0.020000
v 26.679446 -4.706960 0.020000
v 26.694031 -4.488546 0.020000
v 26.754865 -4.511442 0.020000
v 26.765875 -4.292819 0.020000
v 26.827076 -4.314717 0.020000
v 26.834507 -4.095942 0.020000
v 26.896058 -4.116836 0.020000
v 26.899909 -3.897969 0.020000
v 26.961793 -3.917853 0.020000
v 26.962062 -3.698952 0.020000
v 27.024263 -3.717821 0.020000
v 27.020951 -3.498945 0.020000
v 27.083453 -3.516794 0.020000
v 27.076560 -3.298002 0.020000
v 27.139345 -3.314825 0.020000
v 27.128873 -3.096175 0.020000
v 27.191925 -3.111969 0.020000
v 27.177877 -2.893519 0.020000
v 27.241179 -2.908279 0.020000
v 27.223559 -2.690089 0.020000
v 27.287094 -2.703811 0.020000
v 27.265906 -2.485938 0.020000
v 27.329657 -2.498619 0.020000
v 27.304908 -2.281122 0.020000
v 27.368858 -2.292758 0.020000
v 27.340553 -2.075696 0.020000
v 27.404684 -2.086284 0.020000
v 27.372832 -1.869713 0.020000
v 27.437128 -1.879251 0.020000
v 27.401736 -1.663230 0.020000
v 27.466180 -1.671714 0.020000
v 27.427258 -1.456302 0.020000
v 27.491832 -1.463730 0.020000
v 27.449391 -1.248983 0.020000
v 27.514078 -1.255355 0.020000
v 27.468129 -1.041331 0.020000
v 27.532912 -1.046643 0.020000
v 27.483467 -0.833399 0.020000
v 27.548328 -0.837651 0.020000
v 27.495401 -0.625245 0.020000
v 27.560323 -0.628434 0.020000
v 27.503928 -0.416923 0.020000
v 27.568893 -0.419050 0.020000
v 27.509044 -0.208489 0.020000
v 27.574036 -0.209553 0.020000
v 27.510750 0.000000 0.020000
v 27.575750 0.000000 0.020000
v 27.509044 0.208489 0.020000
v 27.574036 0.209553 0.020000
v 27.503928 0.416923 0.020000
v 27.568893 0.419050 0.020000
v 27.495401 0.625245 0.020000
v 27.560323 0.628434 0.020000
v 27.483467 0.833399 0.020000
v 27.548328 0.837651 0.020000
v 27.468129 1.041331 0.020000
v 27.532912 1.046643 0.020000
v 27.449391 1.248983 0.020000
v 27.514078 1.255355 0.020000
v 27.427258 1.456302 0.020000
v 27.491832 1.463730 0.020000
v 27.401736 1.663230 0.020000
v 27.466180 1.671714 0.020000
v 27.372832 1.869713 0.020000
v 27.437128 1.879251 0.020000
v 27.340553 2.075696 0.020000
v 27.404684 2.086284 0.020000
v 27.304908 2.281122 0.020000
v 27.368858 2.292758 0.020000
v 27.265906 2.485938 0.020000
v 27.329657 2.498619 0.020000
v 27.223559 2.690089 0.020000
v 27.287094 2.703811 0.020000
v 27.177877 2.893519 0.020000
v 27.241179 2.908279 0.020000
v 27.128873 3.096175 0.020000
v 27.191925 3.111969 0.020000
v 27.076560 3.298002 0.020000
v 27.139345 3.314825 0.020000
v 27.020951 3.498945 0.020000
v 27.083453 3.516794 0.020000
v 26.962062 3.698952 0.020000
v 27.024263 3.717821 0.020000
v 26.899909 3.897969 0.020000
v 26.961793 3.917853 0.020000
v 26.834507 4.095942 0.020000
v 26.896058 4.116836 0.020000
v 26.765875 4.292819 0.020000
v 26.827076 4.314717 0.020000
v 26.694031 4.488546 0.020000
v 26.754865 4.511442 0.020000
v 26.618994 4.683072 0.020000
v 26.679446 4.706960 0.020000
v 26.540785 4.876344 0.020000
v 26.600837 4.901218 0.020000
v 26.459424 5.068310 0.020000
v 26.519061 5.094164 0.020000
v 26.374932 5.258919 0.020000
v 26.434138 5.285745 0.020000
v 26.287334 5.448121 0.020000
v 26.346093 5.475912 0.020000
v 26.196651 5.635864 0.020000
v 26.254948 5.664612 0.020000
v 26.102909 5.822098 0.020000
v 26.160727 5.851796 0.020000
v 26.006132 6.006773 0.020000
v 26.063457 6.037414 0.020000
v 25.906346 6.189840 0.020000
v 25.963162 6.221415 0.020000
v 25.803579 6.371250 0.020000
v 25.859870 6.403750 0.020000
v 25.697857 6.550954 0.020000
v 25.753609 6.584371 0.020000
v 25.589209 6.728905 0.020000
v 25.644407 6.763229 0.020000
v 25.477664 6.905053 0.020000
v 25.532293 6.940276 0.020000
v 25.363252 7.079354 0.020000
v 25.417297 7.115466 0.020000
v 25.246003 7.251759 0.020000
v 25.299450 7.288750 0.020000
v 25.125949 7.422222 0.020000
v 25.178784 7.460083 0.020000
v 25.003122 7.590698 0.020000
v 25.055330 7.629419 0.020000
v 24.877555 7.757143 0.020000
v 24.929123 7.796712 0.020000
v 24.749281 7.921510 0.020000
v 24.800195 7.961918 0.020000
v 24.618336 8.083756 0.020000
v 24.668581 8.124992 0.020000
v 24.484753 8.243839 0.020000
v 24.534317 8.285891 0.020000
v 24.348569 8.401714 0.020000
v 24.397438 8.444572 0.020000
v 24.209820 8.557340 0.020000
v 24.257982 8.600991 0.020000
v 24.068543 8.710675 0.020000
v 24.115984 8.755108 0.020000
v 23.924776 8.861678 0.020000
v 23.971484 8.906882 0.020000
v 23.778558 9.010308 0.020000
v 23.824520 9.056270 0.020000
v 23.629928 9.156526 0.020000
v 23.675132 9.203234 0.020000
v 23.478925 9.300293 0.020000
v 23.523358 9.347734 0.020000
v 23.325590 9.441570 0.020000
v 23.369241 9.489732 0.020000
v 23.169964 9.580319 0.020000
v 23.212822 9.629188 0.020000
v 23.012089 9.716503 0.020000
v 23.054141 9.766067 0.020000
v 22.852006 9.850086 0.020000
v 22.893242 9.900331 0.020000
v 22.689760 9.981031 0.020000
v 22.730168 10.031945 0.020000
v 22.525393 10.109305 0.020000
v 22.564962 10.160873 0.020000
v 22.358948 10.234872 0.020000
v 22.397669 10.287080 0.020000
v 22.190472 10.357699 0.020000
v 22.228333 10.410534 0.020000
v 22.020009 10.477753 0.020000
v 22.057000 10.531200 0.020000
v 21.847604 10.595002 0.020000
v 21.883716 10.649047 0.020000
v 21.673303 10.709414 0.020000
v 21.708526 10.764043 0.020000
v 21.497155 10.820959 0.020000
v 21.531479 10.876157 0.020000
v 21.319204 10.929607 0.020000
v 21.352621 10.985359 0.020000
v 21.139500 11.035329 0.020000
v 21.172000 11.091620 0.020000
v 20.958090 11.138096 0.020000
v 20.989665 11.194912 0.020000
v 20.775023 11.237882 0.020000
v 20.805664 11.295207 0.020000
v 20.590348 11.334659 0.020000
v 20.620046 11.392477 0.020000
v 20.404114 11.428401 0.020000
v 20.432862 11.486698 0.020000
v 20.216371 11.519084 0.020000
v 20.244162 11.577843 0.020000
v 20.027169 11.606682 0.020000
v 20.053995 11.665888 0.020000
v 19.836560 11.691174 0.020000
v 19.862414 11.750811 0.020000
v 19.644594 11.772535 0.020000
v 19.669468 11.832587 0.020000
v 19.451322 11.850744 0.020000
v 19.475210 11.911196 0.020000
v 19.256796 11.925781 0.020000
v 19.279692 11.986615 0.020000
v 19.061069 11.997625 0.020000
v 19.082967 12.058826 0.020000
v 18.864192 12.066257 0.020000
v 18.885086 12.127808 0.020000
v 18.666219 12.131659 0.020000
v 18.686103 12.193543 0.020000
v 18.467202 12.193812 0.020000
v 18.486071 12.256013 0.020000
v 18.267195 12.252701 0.020000
v 18.285044 12.315203 0.020000
v 18.066252 12.308310 0.020000
v 18.083075 12.371095 0.020000
v 17.864425 12.360623 0.020000
v 17.880219 12.423675 0.020000
v 17.661769 12.409627 0.020000
v 17.676529 12.472929 0.020000
v 17.458339 12.455309 0.020000
v 17.472061 12.518844 0.020000
v 17.254188 12.497656 0.020000
v 17.266869 12.561407 0.020000
v 17.049372 12.536658 0.020000
v 17.061008 12.600608 0.020000
v 16.843946 12.572303 0.020000
v 16.854534 12.636434 0.020000
v 16.637963 12.604582 0.020000
v 16.647501 12.668878 0.020000
v 16.431480 12.633486 0.020000
v 16.439964 12.697930 0.020000
v 16.224552 12.659008 0.020000
v 16.231980 12.723582 0.020000
v 16.017233 12.681141 0.020000
v 16.023605 12.745828 0.020000
v 15.809581 12.699879 0.020000
v 15.814893 12.764662 0.020000
v 15.601649 12.715217 0.020000
v 15.605901 12.780078 0.020000
v 15.393495 12.727151 0.020000
v 15.396684 12.792073 0.020000
v 15.185173 12.735678 0.020000
v 15.187300 12.800643 0.020000
v 14.976739 12.740794 0.020000
v 14.977803 12.805786 0.020000
v 14.768250 12.742500 0.020000
v 14.768250 12.807500 0.020000
v -14.768250 12.742500 0.020000
v -14.768250 12.807500 0.020000
v -14.976739 12.740794 0.020000
v -14.977803 12.805786 0.020000
v -15.185173 12.735678 0.020000
v -15.187300 12.800643 0.020000
v -15.393495 12.727151 0.020000
v -15.396684 12.792073 0.020000
v -15.601649 12.715217 0.020000
v -15.605901 12.780078 0.020000
v -15.809581 12.699879 0.020000
v -15.814893 12.764662 0.020000
v -16.017233 12.681141 0.020000
v -16.023605 12.745828 0.020000
v -16.224552 12.659008 0.020000
v -16.231980 12.723582 0.020000
v -16.431480 12.633486 0.020000
v -16.439964 12.697930 0.020000
v -16.637963 12.604582 0.020000
v -16.647501 12.668878 0.020000
v -16.843946 12.572303 0.020000
v -16.854534 12.636434 0.020000
v -17.049372 12.536658 0.020000
v -17.061008 12.600608 0.020000
v -17.254188 12.497656 0.020000
v -17.266869 12.561407 0.020000
v -17.458339 12.455309 0.020000
v -17.472061 12.518844 0.020000
v -17.661769 12.409627 0.020000
v -17.676529 12.472929 0.020000
v -17.864425 12.360623 0.020000
v -17.880219 12.423675 0.020000
v -18.066252 12.308310 0.020000
v -18.083075 12.371095 0.020000
v -18.267195 12.252701 0.020000
v -18.285044 12.315203 0.020000
v -18.467202 12.193812 0.020000
v -18.486071 12.256013 0.020000
v -18.666219 12.131659 0.020000
v -18.686103 12.193543 0.020000
v -18.864192 12.066257 0.020000
v -18.885086 12.127808 0.020000
v -19.061069 11.997625 0.020000
v -19.082967 12.058826 0.020000
v -19.256796 11.925781 0.020000
v -19.279692 11.986615 0.020000
v -19.451322 11.850744 0.020000
v -19.475210 11.911196 0.020000
v -19.644594 11.772535 0.020000
v -19.669468 11.832587 0.020000
v -19.836560 11.691174 0.020000
v -19.862414 11.750811 0.020000
v -20.027169 11.606682 0.020000
v -20.053995 11.665888 0.020000
v -20.216371 11.519084 0.020000
v -20.244162 11.577843 0.020000
v -20.404114 11.428401 0.020000
v -20.432862 11.486698 0.020000
v -20.590348 11.334659 0.020000
v -20.620046 11.392477 0.020000
v -20.775023 11.237882 0.020000
v -20.805664 11.295207 0.020000
v -20.958090 11.138096 0.020000
v -20.989665 11.194912 0.020000
v -21.139500 11.035329 0.020000
v -21.172000 11.091620 0.020000
v -21.319204 10.929607 0.020000
v -21.352621 10.985359 0.020000
v -21.497155 10.820959 0.020000
v -21.531479 10.876157 0.020000
v -21.673303 10.709414 0.020000
v -21.708526 10.764043 0.020000
v -21.847604 10.595002 0.020000
v -21.883716 10.649047 0.020000
v -22.020009 10.477753 0.020000
v -22.057000 10.531200 0.020000
v -22.190472 10.357699 0.020000
v -22.228333 10.410534 0.020000
v -22.358948 10.234872 0.020000
v -22.397669 10.287080 0.020000
v -22.525393 10.109305 0.020000
v -22.564962 10.160873 0.020000
v -22.689760 9.981031 0.020000
v -22.730168 10.031945 0.020000
v -22.852006 9.850086 0.020000
v -22.893242 9.900331 0.020000
v -23.012089 9.716503 0.020000
v -23.054141 9.766067 0.020000
v -23.169964 9.580319 0.020000
v -23.212822 9.629188 0.020000
v -23.325590 9.441570 0.020000
v -23.369241 9.489732 0.020000
v -23.478925 9.300293 0.020000
v -23.523358 9.347734 0.020000
v -23.629928 9.156526 0.020000
v -23.675132 9.203234 0.020000
v -23.778558 9.010308 0.020000
v -23.824520 9.056270 0.020000
v -23.924776 8.861678 0.020000
v -23.971484 8.906882 0.020000
v -24.068543 8.710675 0.020000
v -24.115984 8.755108 0.020000
v -24.209820 8.557340 0.020000
v -24.257982 8.600991 0.020000
v -24.348569 8.401714 0.020000
v -24.397438 8.444572 0.020000
v -24.484753 8.243839 0.020000
v -24.534317 8.285891 0.020000
v -24.618336 8.083756 0.020000
v -24.668581 8.124992 0.020000
v -24.749281 7.921510 0.020000
v -24.800195 7.961918 0.020000
v -24.877555 7.757143 0.020000
v -24.929123 7.796712 0.020000
v -25.003122 7.590698 0.020000
v -25.055330 7.629419 0.020000
v -25.125949 7.422222 0.020000
v -25.178784 7.460083 0.020000
v -25.246003 7.251759 0.020000
v -25.299450 7.288750 0.020000
v -25.363252 7.079354 0.020000
v -25.417297 7.115466 0.020000
v -25.477664 6.905053 0.020000
v -25.532293 6.940276 0.020000
v -25.589209 6.728905 0.020000
v -25.644407 6.763229 0.020000
v -25.697857 6.550954 0.020000
v -25.753609 6.584371 0.020000
v -25.803579 6.371250 0.020000
v -25.859870 6.403750 0.020000
v -25.906346 6.189840 0.020000
v -25.963162 6.221415 0.020000
v -26.006132 6.006773 0.020000
v -26.063457 6.037414 0.020000
v -26.102909 5.822098 0.020000
v -26.160727 5.851796 0.020000
v -26.196651 5.635864 0.020000
v -26.254948 5.664612 0.020000
v -26.287334 5.448121 0.020000
v -26.346093 5.475912 0.020000
v -26.374932 5.258919 0.020000
v -26.434138 5.285745 0.020000
v -26.459424 5.068310 0.020000
v -26.519061 5.094164 0.020000
v -26.540785 4.876344 0.020000
v -26.600837 4.901218 0.020000
v -26.618994 4.683072 0.020000
v -26.679446 4.706960 0.020000
v -26.694031 4.488546 0.020000
v -26.754865 4.511442 0.020000
v -26.765875 4.292819 0.020000
v -26.827076 4.314717 0.020000
v -26.834507 4.095942 0.020000
v -26.896058 4.116836 0.020000
v -26.899909 3.897969 0.020000
v -26.961793 3.917853 0.020000
v -26.962062 3.698952 0.020000
v -27.024263 3.717821 0.020000
v -27.020951 3.498945 0.020000
v -27.083453 3.516794 0.020000
v -27.076560 3.298002 0.020000
v -27.139345 3.314825 0.020000
v -27.128873 3.096175 0.020000
v -27.191925 3.111969 0.020000
v -27.177877 2.893519 0.020000
v -27.241179 2.908279 0.020000
v -27.223559 2.690089 0.020000
v -27.287094 2.703811 0.020000
v -27.265906 2.485938 0.020000
v -27.329657 2.498619 0.020000
v -27.304908 2.281122 0.020000
v -27.368858 2.292758 0.020000
v -27.340553 2.075696 0.020000
v -27.404684 2.086284 0.020000
v -27.372832 1.869713 0.020000
v -27.437128 1.879251 0.020000
v -27.401736 1.663230 0.020000
v -27.466180 1.671714 0.020000
v -27.427258 1.456302 0.020000
v -27.491832 1.463730 0.020000
v -27.449391 1.248983 0.020000
v -27.514078 1.255355 0.020000
v -27.468129 1.041331 0.020000
v -27.532912 1.046643 0.020000
v -27.483467 0.833399 0.020000
v -27.548328 0.837651 0.020000
v -27.495401 0.625245 0.020000
v -27.560323 0.628434 0.020000
v -27.503928 0.416923 0.020000
v -27.568893 0.419050 0.020000
v -27.509044 0.208489 0.020000
v -27.574036 0.209553 0.020000
v -27.510750 0.000000 0.020000
v -27.575750 0.000000 0.020000
v -27.509044 -0.208489 0.020000
v -27.574036 -0.209553 0.020000
v -27.503928 -0.416923 0.020000
v -27.568893 -0.419050 0.020000
v -27.495401 -0.625245 0.020000
v -27.560323 -0.628434 0.020000
v -27.483467 -0.833399 0.020000
v -27.548328 -0.837651 0.020000
v -27.468129 -1.041331 0.020000
v -27.532912 -1.046643 0.020000
v -27.449391 -1.248983 0.020000
v -27.514078 -1.255355 0.020000
v -27.427258 -1.456302 0.020000
v -27.491832 -1.463730 0.020000
v -27.401736 -1.663230 0.020000
v -27.466180 -1.671714 0.020000
v -27.372832 -1.869713 0.020000
v -27.437128 -1.879251 0.020000
v -27.340553 -2.075696 0.020000
v -27.404684 -2.086284 0.020000
v -27.304908 -2.281122 0.020000
v -27.368858 -2.292758 0.020000
v -27.265906 -2.485938 0.020000
v -27.329657 -2.498619 0.020000
v -27.223559 -2.690089 0.020000
v -27.287094 -2.703811 0.020000
v -27.177877 -2.893519 0.020000
v -27.241179 -2.908279 0.020000
v -27.128873 -3.096175 0.020000
v -27.191925 -3.111969 0.020000
v -27.076560 -3.298002 0.020000
v -27.139345 -3.314825 0.020000
v -27.020951 -3.498945 0.020000
v -27.083453 -3.516794 0.020000
v -26.962062 -3.698952 0.020000
v -27.024263 -3.717821 0.020000
v -26.899909 -3.897969 0.020000
v -26.961793 -3.917853 0.020000
v -26.834507 -4.095942 0.020000
v -26.896058 -4.116836 0.020000
v -26.765875 -4.292819 0.020000
v -26.827076 -4.314717 0.020000
v -26.694031 -4.488546 0.020000
v -26.754865 -4.511442 0.020000
v -26.618994 -4.683072 0.020000
v -26.679446 -4.706960 0.020000
v -26.540785 -4.876344 0.020000
v -26.600837 -4.901218 0.020000
v -26.459424 -5.068310 0.020000
v -26.519061 -5.094164 0.020000
v -26.374932 -5.258919 0.020000
v -26.434138 -5.285745 0.020000
v -26.287334 -5.448121 0.020000
v -26.346093 -5.475912 0.020000
v -26.196651 -5.635864 0.020000
v -26.254948 -5.664612 0.020000
v -26.102909 -5.822098 0.020000
v -26.160727 -5.851796 0.020000
v -26.006132 -6.006773 0.020000
v -26.063457 -6.037414 0.020000
v -25.906346 -6.189840 0.020000
v -25.963162 -6.221415 0.020000
v -25.803579 -6.371250 0.020000
v -25.859870 -6.403750 0.020000
v -25.697857 -6.550954 0.020000
v -25.753609 -6.584371 0.020000
v -25.589209 -6.728905 0.020000
v -25.644407 -6.763229 0.020000
v -25.477664 -6.905053 0.020000
v -25.532293 -6.940276 0.020000
v -25.363252 -7.079354 0.020000
v -25.417297 -7.115466 0.020000
v -25.246003 -7.251759 0.020000
v -25.299450 -7.288750 0.020000
v -25.125949 -7.422222 0.020000
v -25.178784 -7.460083 0.020000
v -25.003122 -7.590698 0.020000
v -25.055330 -7.629419 0.020000
v -24.877555 -7.757143 0.020000
v -24.929123 -7.796712 0.020000
v -24.749281 -7.921510 0.020000
v -24.800195 -7.961918 0.020000
v -24.618336 -8.083756 0.020000
v -24.668581 -8.124992 0.020000
v -24.484753 -8.243839 0.020000
v -24.534317 -8.285891 0.020000
v -24.348569 -8.401714 0.020000
v -24.397438 -8.444572 0.020000
v -24.209820 -8.557340 0.020000
v -24.257982 -8.600991 0.020000
v -24.068543 -8.710675 0.020000
v -24.115984 -8.755108 0.020000
v -23.924776 -8.861678 0.020000
v -23.971484 -8.906882 0.020000
v -23.778558 -9.010308 0.020000
v -23.824520 -9.056270 0.020000
v -23.629928 -9.156526 0.020000
v -23.675132 -9.203234 0.020000
v -23.478925 -9.300293 0.020000
v -23.523358 -9.347734 0.020000
v -23.325590 -9.441570 0.020000
v -23.369241 -9.489732 0.020000
v -23.169964 -9.580319 0.020000
v -23.212822 -9.629188 0.020000
v -23.012089 -9.716503 0.020000
v -23.054141 -9.766067 0.020000
v -22.852006 -9.850086 0.020000
v -22.893242 -9.900331 0.020000
v -22.689760 -9.981031 0.020000
v -22.730168 -10.031945 0.020000
v -22.525393 -10.109305 0.020000
v -22.564962 -10.160873 0.020000
v -22.358948 -10.234872 0.020000
v -22.397669 -10.287080 0.020000
v -22.190472 -10.357699 0.020000
v -22.228333 -10.410534 0.020000
v -22.020009 -10.477753 0.020000
v -22.057000 -10.531200 0.020000
v -21.847604 -10.595002 0.020000
v -21.883716 -10.649047 0.020000
v -21.673303 -10.709414 0.020000
v -21.708526 -10.764043 0.020000
v -21.497155 -10.820959 0.020000
v -21.531479 -10.876157 0.020000
v -21.319204 -10.929607 0.020000
v -21.352621 -10.985359 0.020000
v -21.139500 -11.035329 0.020000
v -21.172000 -11.091620 0.020000
v -20.958090 -11.138096 0.020000
v -20.989665 -11.194912 0.020000
v -20.775023 -11.237882 0.020000
v -20.805664 -11.295207 0.020000
v -20.590348 -11.334659 0.020000
v -20.620046 -11.392477 0.020000
v -20.404114 -11.428401 0.020000
v -20.432862 -11.486698 0.020000
v -20.216371 -11.519084 0.020000
v -20.244162 -11.577843 0.020000
v -20.027169 -11.606682 0.020000
v -20.053995 -11.665888 0.020000
v -19.836560 -11.691174 0.020000
v -19.862414 -11.750811 0.020000
v -19.644594 -11.772535 0.020000
v -19.669468 -11.832587 0.020000
v -19.451322 -11.850744 0.020000
v -19.475210 -11.911196 0.020000
v -19.256796 -11.925781 0.020000
v -19.279692 -11.986615 0.020000
v -19.061069 -11.997625 0.020000
v -19.082967 -12.058826 0.020000
v -18.864192 -12.066257 0.020000
v -18.885086 -12.127808 0.020000
v -18.666219 -12.131659 0.020000
v -18.686103 -12.193543 0.020000
v -18.467202 -12.193812 0.020000
v -18.486071 -12.256013 0.020000
v -18.267195 -12.252701 0.020000
v -18.285044 -12.315203 0.020000
v -18.066252 -12.308310 0.020000
v -18.083075 -12.371095 0.020000
v -17.864425 -12.360623 0.020000
v -17.880219 -12.423675 0.020000
v -17.661769 -12.409627 0.020000
v -17.676529 -12.472929 0.020000
v -17.458339 -12.455309 0.020000
v -17.472061 -12.518844 0.020000
v -17.254188 -12.497656 0.020000
v -17.266869 -12.561407 0.020000
v -17.049372 -12.536658 0.020000
v -17.061008 -12.600608 0.020000
v -16.843946 -12.572303 0.020000
v -16.854534 -12.636434 0.020000
v -16.637963 -12.604582 0.020000
v -16.647501 -12.668878 0.020000
v -16.431480 -12.633486 0.020000
v -16.439964 -12.697930 0.020000
v -16.224552 -12.659008 0.020000
v -16.231980 -12.723582 0.020000
v -16.017233 -12.681141 0.020000
v -16.023605 -12.745828 0.020000
v -15.809581 -12.699879 0.020000
v -15.814893 -12.764662 0.020000
v -15.601649 -12.715217 0.020000
v -15.605901 -12.780078 0.020000
v -15.393495 -12.727151 0.020000
v -15.396684 -12.792073 0.020000
v -15.185173 -12.735678 0.020000
v -15.187300 -12.800643 0.020000
v -14.976739 -12.740794 0.020000
v -14.977803 -12.805786 0.020000
v -14.768250 -12.742500 0.020000
v -14.768250 -12.807500 0.020000
v -14.768250 13.962500 0.020000
v 14.768250 13.962500 0.020000
v 14.768250 14.027500 0.020000
v -14.768250 14.027500 0.020000
v 14.768250 -13.962500 0.020000
v -14.768250 -13.962500 0.020000
v -14.768250 -14.027500 0.020000
v 14.768250 -14.027500 0.020000
v 14.768250 -13.962500 0.020000
v 14.768250 -14.027500 0.020000
v 14.996701 -13.960631 0.020000
v 14.997764 -14.025622 0.020000
v 15.225090 -13.955024 0.020000
v 15.227217 -14.019990 0.020000
v 15.453357 -13.945682 0.020000
v 15.456547 -14.010603 0.020000
v 15.681441 -13.932605 0.020000
v 15.685692 -13.997466 0.020000
v 15.909280 -13.915799 0.020000
v 15.914592 -13.980581 0.020000
v 16.136814 -13.895267 0.020000
v 16.143185 -13.959954 0.020000
v 16.363982 -13.871015 0.020000
v 16.371410 -13.935589 0.020000
v 16.590722 -13.843049 0.020000
v 16.599206 -13.907493 0.020000
v 16.816974 -13.811377 0.020000
v 16.826512 -13.875673 0.020000
v 17.042678 -13.776008 0.020000
v 17.053266 -13.840139 0.020000
v 17.267773 -13.736950 0.020000
v 17.279409 -13.800900 0.020000
v 17.492199 -13.694214 0.020000
v 17.504879 -13.757966 0.020000
v 17.715895 -13.647813 0.020000
v 17.729617 -13.711348 0.020000
v 17.938802 -13.597757 0.020000
v 17.953562 -13.661059 0.020000
v 18.160861 -13.544061 0.020000
v 18.176654 -13.607113 0.020000
v 18.382011 -13.486739 0.020000
v 18.398834 -13.549525 0.020000
v 18.602194 -13.425807 0.020000
v 18.620042 -13.488308 0.020000
v 18.821350 -13.361279 0.020000
v 18.840218 -13.423481 0.020000
v 19.039421 -13.293175 0.020000
v 19.059305 -13.355059 0.020000
v 19.256349 -13.221512 0.020000
v 19.277242 -13.283062 0.020000
v 19.472075 -13.146309 0.020000
v 19.493972 -13.207509 0.020000
v 19.686541 -13.067587 0.020000
v 19.709438 -13.128420 0.020000
v 19.899691 -12.985365 0.020000
v 19.923580 -13.045817 0.020000
v 20.111467 -12.899668 0.020000
v 20.136342 -12.959720 0.020000
v 20.321813 -12.810517 0.020000
v 20.347667 -12.870154 0.020000
v 20.530672 -12.717936 0.020000
v 20.557498 -12.777142 0.020000
v 20.737988 -12.621951 0.020000
v 20.765779 -12.680710 0.020000
v 20.943706 -12.522586 0.020000
v 20.972455 -12.580882 0.020000
v 21.147770 -12.419868 0.020000
v 21.177469 -12.477687 0.020000
v 21.350127 -12.313826 0.020000
v 21.380768 -12.371151 0.020000
v 21.550721 -12.204486 0.020000
v 21.582296 -12.261302 0.020000
v 21.749500 -12.091880 0.020000
v 21.782000 -12.148171 0.020000
v 21.946410 -11.976036 0.020000
v 21.979826 -12.031788 0.020000
v 22.141397 -11.856985 0.020000
v 22.175722 -11.912184 0.020000
v 22.334411 -11.734761 0.020000
v 22.369634 -11.789390 0.020000
v 22.525399 -11.609394 0.020000
v 22.561511 -11.663440 0.020000
v 22.714311 -11.480920 0.020000
v 22.751302 -11.534367 0.020000
v 22.901095 -11.349372 0.020000
v 22.938956 -11.402207 0.020000
v 23.085702 -11.214785 0.020000
v 23.124422 -11.266994 0.020000
v 23.268081 -11.077196 0.020000
v 23.307651 -11.128764 0.020000
v 23.448186 -10.936641 0.020000
v 23.488594 -10.987555 0.020000
v 23.625966 -10.793158 0.020000
v 23.667202 -10.843404 0.020000
v 23.801375 -10.646786 0.020000
v 23.843427 -10.696350 0.020000
v 23.974366 -10.497563 0.020000
v 24.017223 -10.546433 0.020000
v 24.144892 -10.345530 0.020000
v 24.188543 -10.393692 0.020000
v 24.312908 -10.190727 0.020000
v 24.357341 -10.238168 0.020000
v 24.478368 -10.033196 0.020000
v 24.523572 -10.079904 0.020000
v 24.641228 -9.872978 0.020000
v 24.687190 -9.918940 0.020000
v 24.801446 -9.710118 0.020000
v 24.848154 -9.755322 0.020000
v 24.958977 -9.544658 0.020000
v 25.006418 -9.589091 0.020000
v 25.113780 -9.376642 0.020000
v 25.161942 -9.420293 0.020000
v 25.265813 -9.206116 0.020000
v 25.314683 -9.248973 0.020000
v 25.415036 -9.033125 0.020000
v 25.464600 -9.075177 0.020000
v 25.561408 -8.857716 0.020000
v 25.611654 -8.898952 0.020000
v 25.704891 -8.679936 0.020000
v 25.755805 -8.720344 0.020000
v 25.845446 -8.499831 0.020000
v 25.897014 -8.539401 0.020000
v 25.983035 -8.317452 0.020000
v 26.035244 -8.356172 0.020000
v 26.117622 -8.132845 0.020000
v 26.170457 -8.170706 0.020000
v 26.249170 -7.946061 0.020000
v 26.302617 -7.983052 0.020000
v 26.377644 -7.757149 0.020000
v 26.431690 -7.793261 0.020000
v 26.503011 -7.566161 0.020000
v 26.557640 -7.601384 0.020000
v 26.625235 -7.373147 0.020000
v 26.680434 -7.407472 0.020000
v 26.744286 -7.178160 0.020000
v 26.800038 -7.211576 0.020000
v 26.860130 -6.981250 0.020000
v 26.916421 -7.013750 0.020000
v 26.972736 -6.782471 0.020000
v 27.029552 -6.814046 0.020000
v 27.082076 -6.581877 0.020000
v 27.139401 -6.612518 0.020000
v 27.188118 -6.379520 0.020000
v 27.245937 -6.409219 0.020000
v 27.290836 -6.175456 0.020000
v 27.349132 -6.204205 0.020000
v 27.390201 -5.969738 0.020000
v 27.448960 -5.997529 0.020000
v 27.486186 -5.762422 0.020000
v 27.545392 -5.789248 0.020000
v 27.578767 -5.553563 0.020000
v 27.638404 -5.579417 0.020000
v 27.667918 -5.343217 0.020000
v 27.727970 -5.368092 0.020000
v 27.753615 -5.131441 0.020000
v 27.814067 -5.155330 0.020000
v 27.835837 -4.918291 0.020000
v 27.896670 -4.941188 0.020000
v 27.914559 -4.703825 0.020000
v 27.975759 -4.725722 0.020000
v 27.989762 -4.488099 0.020000
v 28.051312 -4.508992 0.020000
v 28.061425 -4.271171 0.020000
v 28.123309 -4.291055 0.020000
v 28.129529 -4.053100 0.020000
v 28.191731 -4.071968 0.020000
v 28.194057 -3.833944 0.020000
v 28.256558 -3.851792 0.020000
v 28.254989 -3.613761 0.020000
v 28.317775 -3.630584 0.020000
v 28.312311 -3.392611 0.020000
v 28.375363 -3.408404 0.020000
v 28.366007 -3.170552 0.020000
v 28.429309 -3.185312 0.020000
v 28.416063 -2.947645 0.020000
v 28.479598 -2.961367 0.020000
v 28.462464 -2.723949 0.020000
v 28.526216 -2.736629 0.020000
v 28.505200 -2.499523 0.020000
v 28.569150 -2.511159 0.020000
v 28.544258 -2.274428 0.020000
v 28.608389 -2.285016 0.020000
v 28.579627 -2.048724 0.020000
v 28.643923 -2.058262 0.020000
v 28.611299 -1.822472 0.020000
v 28.675743 -1.830956 0.020000
v 28.639265 -1.595732 0.020000
v 28.703839 -1.603160 0.020000
v 28.663517 -1.368564 0.020000
v 28.728204 -1.374935 0.020000
v 28.684049 -1.141030 0.020000
v 28.748831 -1.146342 0.020000
v 28.700855 -0.913191 0.020000
v 28.765716 -0.917442 0.020000
v 28.713932 -0.685107 0.020000
v 28.778853 -0.688297 0.020000
v 28.723274 -0.456840 0.020000
v 28.788240 -0.458967 0.020000
v 28.728881 -0.228451 0.020000
v 28.793872 -0.229514 0.020000
v 28.730750 0.000000 0.020000
v 28.795750 0.000000 0.020000
v 28.728881 0.228451 0.020000
v 28.793872 0.229514 0.020000
v 28.723274 0.456840 0.020000
v 28.788240 0.458967 0.020000
v 28.713932 0.685107 0.020000
v 28.778853 0.688297 0.020000
v 28.700855 0.913191 0.020000
v 28.765716 0.917442 0.020000
v 28.684049 1.141030 0.020000
v 28.748831 1.146342 0.020000
v 28.663517 1.368564 0.020000
v 28.728204 1.374935 0.020000
v 28.639265 1.595732 0.020000
v 28.703839 1.603160 0.020000
v 28.611299 1.822472 0.020000
v 28.675743 1.830956 0.020000
v 28.579627 2.048724 0.020000
v 28.643923 2.058262 0.020000
v 28.544258 2.274428 0.020000
v 28.608389 2.285016 0.020000
v 28.505200 2.499523 0.020000
v 28.569150 2.511159 0.020000
v 28.462464 2.723949 0.020000
v 28.526216 2.736629 0.020000
v 28.416063 2.947645 0.020000
v 28.479598 2.961367 0.020000
v 28.366007 3.170552 0.020000
v 28.429309 3.185312 0.020000
v 28.312311 3.392611 0.020000
v 28.375363 3.408404 0.020000
v 28.254989 3.613761 0.020000
v 28.317775 3.630584 0.020000
v 28.194057 3.833944 0.020000
v 28.256558 3.851792 0.020000
v 28.129529 4.053100 0.020000
v 28.191731 4.071968 0.020000
v 28.061425 4.271171 0.020000
v 28.123309 4.291055 0.020000
v 27.989762 4.488099 0.020000
v 28.051312 4.508992 0.020000
v 27.914559 4.703825 0.020000
v 27.975759 4.725722 0.020000
v 27.835837 4.918291 0.020000
v 27.896670 4.941188 0.020000
v 27.753615 5.131441 0.020000
v 27.814067 5.155330 0.020000
v 27.667918 5.343217 0.020000
v 27.727970 5.368092 0.020000
v 27.578767 5.553563 0.020000
v 27.638404 5.579417 0.020000
v 27.486186 5.762422 0.020000
v 27.545392 5.789248 0.020000
v 27.390201 5.969738 0.020000
v 27.448960 5.997529 0.020000
v 27.290836 6.175456 0.020000
v 27.349132 6.204205 0.020000
v 27.188118 6.379520 0.020000
v 27.245937 6.409219 0.020000
v 27.082076 6.581877 0.020000
v 27.139401 6.612518 0.020000
v 26.972736 6.782471 0.020000
v 27.029552 6.814046 0.020000
v 26.860130 6.981250 0.020000
v 26.916421 7.013750 0.020000
v 26.744286 7.178160 0.020000
v 26.800038 7.211576 0.020000
v 26.625235 7.373147 0.020000
v 26.680434 7.407472 0.020000
v 26.503011 7.566161 0.020000
v 26.557640 7.601384 0.020000
v 26.377644 7.757149 0.020000
v 26.431690 7.793261 0.020000
v 26.249170 7.946061 0.020000
v 26.302617 7.983052 0.020000
v 26.117622 8.132845 0.020000
v 26.170457 8.170706 0.020000
v 25.983035 8.317452 0.020000
v 26.035244 8.356172 0.020000
v 25.845446 8.499831 0.020000
v 25.897014 8.539401 0.020000
v 25.704891 8.679936 0.020000
v 25.755805 8.720344 0.020000
v 25.561408 8.857716 0.020000
v 25.611654 8.898952 0.020000
v 25.415036 9.033125 0.020000
v 25.464600 9.075177 0.020000
v 25.265813 9.206116 0.020000
v 25.314683 9.248973 0.020000
v 25.113780 9.376642 0.020000
v 25.161942 9.420293 0.020000
v 24.958977 9.544658 0.020000
v 25.006418 9.589091 0.020000
v 24.801446 9.710118 0.020000
v 24.848154 9.755322 0.020000
v 24.641228 9.872978 0.020000
v 24.687190 9.918940 0.020000
v 24.478368 10.033196 0.020000
v 24.523572 10.079904 0.020000
v 24.312908 10.190727 0.020000
v 24.357341 10.238168 0.020000
v 24.144892 10.345530 0.020000
v 24.188543 10.393692 0.020000
v 23.974366 10.497563 0.020000
v 24.017223 10.546433 0.020000
v 23.801375 10.646786 0.020000
v 23.843427 10.696350 0.020000
v 23.625966 10.793158 0.020000
v 23.667202 10.843404 0.020000
v 23.448186 10.936641 0.020000
v 23.488594 10.987555 0.020000
v 23.268081 11.077196 0.020000
v 23.307651 11.128764 0.020000
v 23.085702 11.214785 0.020000
v 23.124422 11.266994 0.020000
v 22.901095 11.349372 0.020000
v 22.938956 11.402207 0.020000
v 22.714311 11.480920 0.020000
v 22.751302 11.534367 0.020000
v 22.525399 11.609394 0.020000
v 22.561511 11.663440 0.020000
v 22.334411 11.734761 0.020000
v 22.369634 11.789390 0.020000
v 22.141397 11.856985 0.020000
v 22.175722 11.912184 0.020000
v 21.946410 11.976036 0.020000
v 21.979826 12.031788 0.020000
v 21.749500 12.091880 0.020000
v 21.782000 12.148171 0.020000
v 21.550721 12.204486 0.020000
v 21.582296 12.261302 0.020000
v 21.350127 12.313826 0.020000
v 21.380768 12.371151 0.020000
v 21.147770 12.419868 0.020000
v 21.177469 12.477687 0.020000
v 20.943706 12.522586 0.020000
v 20.972455 12.580882 0.020000
v 20.737988 12.621951 0.020000
v 20.765779 12.680710 0.020000
v 20.530672 12.717936 0.020000
v 20.557498 12.777142 0.020000
v 20.321813 12.810517 0.020000
v 20.347667 12.870154 0.020000
v 20.111467 12.899668 0.020000
v 20.136342 12.959720 0.020000
v 19.899691 12.985365 0.020000
v 19.923580 13.045817 0.020000
v 19.686541 13.067587 0.020000
v 19.709438 13.128420 0.020000
v 19.472075 13.146309 0.020000
v 19.493972 13.207509 0.020000
v 19.256349 13.221512 0.020000
v 19.277242 13.283062 0.020000
v 19.039421 13.293175 0.020000
v 19.059305 13.355059 0.020000
v 18.821350 13.361279 0.020000
v 18.840218 13.423481 0.020000
v 18.602194 13.425807 0.020000
v 18.620042 13.488308 0.020000
v 18.382011 13.486739 0.020000
v 18.398834 13.549525 0.020000
v 18.160861 13.544061 0.020000
v 18.176654 13.607113 0.020000
v 17.938802 13.597757 0.020000
v 17.953562 13.661059 0.020000
v 17.715895 13.647813 0.020000
v 17.729617 13.711348 0.020000
v 17.492199 13.694214 0.020000
v 17.504879 13.757966 0.020000
v 17.267773 13.736950 0.020000
v 17.279409 13.800900 0.020000
v 17.042678 13.776008 0.020000
v 17.053266 13.840139 0.020000
v 16.816974 13.811377 0.020000
v 16.826512 13.875673 0.020000
v 16.590722 13.843049 0.020000
v 16.599206 13.907493 0.020000
v 16.363982 13.871015 0.020000
v 16.371410 13.935589 0.020000
v 16.136814 13.895267 0.020000
v 16.143185 13.959954 0.020000
v 15.909280 13.915799 0.020000
v 15.914592 13.980581 0.020000
v 15.681441 13.932605 0.020000
v 15.685692 13.997466 0.020000
v 15.453357 13.945682 0.020000
v 15.456547 14.010603 0.020000
v 15.225090 13.955024 0.020000
v 15.227217 14.019990 0.020000
v 14.996701 13.960631 0.020000
v 14.997764 14.025622 0.020000
v 14.768250 13.962500 0.020000
v 14.768250 14.027500 0.020000
v -14.768250 13.962500 0.020000
v -14.768250 14.027500 0.020000
v -14.996701 13.960631 0.020000
v -14.997764 14.025622 0.020000
v -15.225090 13.955024 0.020000
v -15.227217 14.019990 0.020000
v -15.453357 13.945682 0.020000
v -15.456547 14.010603 0.020000
v -15.681441 13.932605 0.020000
v -15.685692 13.997466 0.020000
v -15.909280 13.915799 0.020000
v -15.914592 13.980581 0.020000
v -16.136814 13.895267 0.020000
v -16.143185 13.959954 0.020000
v -16.363982 13.871015 0.020000
v -16.371410 13.935589 0.020000
v -16.590722 13.843049 0.020000
v -16.599206 13.907493 0.020000
v -16.816974 13.811377 0.020000
v -16.826512 13.875673 0.020000
v -17.042678 13.776008 0.020000
v -17.053266 13.840139 0.020000
v -17.267773 13.736950 0.020000
v -17.279409 13.800900 0.020000
v -17.492199 13.694214 0.020000
v -17.504879 13.757966 0.020000
v -17.715895 13.647813 0.020000
v -17.729617 13.711348 0.020000
v -17.938802 13.597757 0.020000
v -17.953562 13.661059 0.020000
v -18.160861 13.544061 0.020000
v -18.176654 13.607113 0.020000
v -18.382011 13.486739 0.020000
v -18.398834 13.549525 0.020000
v -18.602194 13.425807 0.020000
v -18.620042 13.488308 0.020000
v -18.821350 13.361279 0.020000
v -18.840218 13.423481 0.020000
v -19.039421 13.293175 0.020000
v -19.059305 13.355059 0.020000
v -19.256349 13.221512 0.020000
v -19.277242 13.283062 0.020000
v -19.472075 13.146309 0.020000
v -19.493972 13.207509 0.020000
v -19.686541 13.067587 0.020000
v -19.709438 13.128420 0.020000
v -19.899691 12.985365 0.020000
v -19.923580 13.045817 0.020000
v -20.111467 12.899668 0.020000
v -20.136342 12.959720 0.020000
v -20.321813 12.810517 0.020000
v -20.347667 12.870154 0.020000
v -20.530672 12.717936 0.020000
v -20.557498 12.777142 0.020000
v -20.737988 12.621951 0.020000
v -20.765779 12.680710 0.020000
v -20.943706 12.522586 0.020000
v -20.972455 12.580882 0.020000
v -21.147770 12.419868 0.020000
v -21.177469 12.477687 0.020000
v -21.350127 12.313826 0.020000
v -21.380768 12.371151 0.020000
v -21.550721 12.204486 0.020000
v -21.582296 12.261302 0.020000
v -21.749500 12.091880 0.020000
v -21.782000 12.148171 0.020000
v -21.946410 11.976036 0.020000
v -21.979826 12.031788 0.020000
v -22.141397 11.856985 0.020000
v -22.175722 11.912184 0.020000
v -22.334411 11.734761 0.020000
v -22.369634 11.789390 0.020000
v -22.525399 11.609394 0.020000
v -22.561511 11.663440 0.020000
v -22.714311 11.480920 0.020000
v -22.751302 11.534367 0.020000
v -22.901095 11.349372 0.020000
v -22.938956 11.402207 0.020000
v -23.085702 11.214785 0.020000
v -23.124422 11.266994 0.020000
v -23.268081 11.077196 0.020000
v -23.307651 11.128764 0.020000
v -23.448186 10.936641 0.020000
v -23.488594 10.987555 0.020000
v -23.625966 10.793158 0.020000
v -23.667202 10.843404 0.020000
v -23.801375 10.646786 0.020000
v -23.843427 10.696350 0.020000
v -23.974366 10.497563 0.020000
v -24.017223 10.546433 0.020000
v -24.144892 10.345530 0.020000
v -24.188543 10.393692 0.020000
v -24.312908 10.190727 0.020000
v -24.357341 10.238168 0.020000
v -24.478368 10.033196 0.020000
v -24.523572 10.079904 0.020000
v -24.641228 9.872978 0.020000
v -24.687190 9.918940 0.020000
v -24.801446 9.710118 0.020000
v -24.848154 9.755322 0.020000
v -24.958977 9.544658 0.020000
v -25.006418 9.589091 0.020000
v -25.113780 9.376642 0.020000
v -25.161942 9.420293 0.020000
v -25.265813 9.206116 0.020000
v -25.314683 9.248973 0.020000
v -25.415036 9.033125 0.020000
v -25.464600 9.075177 0.020000
v -25.561408 8.857716 0.020000
v -25.611654 8.898952 0.020000
v -25.704891 8.679936 0.020000
v -25.755805 8.720344 0.020000
v -25.845446 8.499831 0.020000
v -25.897014 8.539401 0.020000
v -25.983035 8.317452 0.020000
v -26.035244 8.356172 0.020000
v -26.117622 8.132845 0.020000
v -26.170457 8.170706 0.020000
v -26.249170 7.946061 0.020000
v -26.302617 7.983052 0.020000
v -26.377644 7.757149 0.020000
v -26.431690 7.793261 0.020000
v -26.503011 7.566161 0.020000
v -26.557640 7.601384 0.020000
v -26.625235 7.373147 0.020000
v -26.680434 7.407472 0.020000
v -26.744286 7.178160 0.020000
v -26.800038 7.211576 0.020000
v -26.860130 6.981250 0.020000
v -26.916421 7.013750 0.020000
v -26.972736 6.782471 0.020000
v -27.029552 6.814046 0.020000
v -27.082076 6.581877 0.020000
v -27.139401 6.612518 0.020000
v -27.188118 6.379520 0.020000
v -27.245937 6.409219 0.020000
v -27.290836 6.175456 0.020000
v -27.349132 6.204205 0.020000
v -27.390201 5.969738 0.020000
v -27.448960 5.997529 0.020000
v -27.486186 5.762422 0.020000
v -27.545392 5.789248 0.020000
v -27.578767 5.553563 0.020000
v -27.638404 5.579417 0.020000
v -27.667918 5.343217 0.020000
v -27.727970 5.368092 0.020000
v -27.753615 5.131441 0.020000
v -27.814067 5.155330 0.020000
v -27.835837 4.918291 0.020000
v -27.896670 4.941188 0.020000
v -27.914559 4.703825 0.020000
v -27.975759 4.725722 0.020000
v -27.989762 4.488099 0.020000
v -28.051312 4.508992 0.020000
v -28.061425 4.271171 0.020000
v -28.123309 4.291055 0.020000
v -28.129529 4.053100 0.020000
v -28.191731 4.071968 0.020000
v -28.194057 3.833944 0.020000
v -28.256558 3.851792 0.020000
v -28.254989 3.613761 0.020000
v -28.317775 3.630584 0.020000
v -28.312311 3.392611 0.020000
v -28.375363 3.408404 0.020000
v -28.366007 3.170552 0.020000
v -28.429309 3.185312 0.020000
v -28.416063 2.947645 0.020000
v -28.479598 2.961367 0.020000
v -28.462464 2.723949 0.020000
v -28.526216 2.736629 0.020000
v -28.505200 2.499523 0.020000
v -28.569150 2.511159 0.020000
v -28.544258 2.274428 0.020000
v -28.608389 2.285016 0.020000
v -28.579627 2.048724 0.020000
v -28.643923 2.058262 0.020000
v -28.611299 1.822472 0.020000
v -28.675743 1.830956 0.020000
v -28.639265 1.595732 0.020000
v -28.703839 1.603160 0.020000
v -28.663517 1.368564 0.020000
v -28.728204 1.374935 0.020000
v -28.684049 1.141030 0.020000
v -28.748831 1.146342 0.020000
v -28.700855 0.913191 0.020000
v -28.765716 0.917442 0.020000
v -28.713932 0.685107 0.020000
v -28.778853 0.688297 0.020000
v -28.723274 0.456840 0.020000
v -28.788240 0.458967 0.020000
v -28.728881 0.228451 0.020000
v -28.793872 0.229514 0.020000
v -28.730750 0.000000 0.020000
v -28.795750 0.000000 0.020000
v -28.728881 -0.228451 0.020000
v -28.793872 -0.229514 0.020000
v -28.723274 -0.456840 0.020000
v -28.788240 -0.458967 0.020000
v -28.713932 -0.685107 0.020000
v -28.778853 -0.688297 0.020000
v -28.700855 -0.913191 0.020000
v -28.765716 -0.917442 0.020000
v -28.684049 -1.141030 0.020000
v -28.748831 -1.146342 0.020000
v -28.663517 -1.368564 0.020000
v -28.728204 -1.374935 0.020000
v -28.639265 -1.595732 0.020000
v -28.703839 -1.603160 0.020000
v -28.611299 -1.822472 0.020000
v -28.675743 -1.830956 0.020000
v -28.579627 -2.048724 0.020000
v -28.643923 -2.058262 0.020000
v -28.544258 -2.274428 0.020000
v -28.608389 -2.285016 0.020000
v -28.505200 -2.499523 0.020000
v -28.569150 -2.511159 0.020000
v -28.462464 -2.723949 0.020000
v -28.526216 -2.736629 0.020000
v -28.416063 -2.947645 0.020000
v -28.479598 -2.961367 0.020000
v -28.366007 -3.170552 0.020000
v -28.429309 -3.185312 0.020000
v -28.312311 -3.392611 0.020000
v -28.375363 -3.408404 0.020000
v -28.254989 -3.613761 0.020000
v -28.317775 -3.630584 0.020000
v -28.194057 -3.833944 0.020000
v -28.256558 -3.851792 0.020000
v -28.129529 -4.053100 0.020000
v -28.191731 -4.071968 0.020000
v -28.061425 -4.271171 0.020000
v -28.123309 -4.291055 0.020000
v -27.989762 -4.488099 0.020000
v -28.051312 -4.508992 0.020000
v -27.914559 -4.703825 0.020000
v -27.975759 -4.725722 0.020000
v -27.835837 -4.918291 0.020000
v -27.896670 -4.941188 0.020000
v -27.753615 -5.131441 0.020000
v -27.814067 -5.155330 0.020000
v -27.667918 -5.343217 0.020000
v -27.727970 -5.368092 0.020000
v -27.578767 -5.553563 0.020000
v -27.638404 -5.579417 0.020000
v -27.486186 -5.762422 0.020000
v -27.545392 -5.789248 0.020000
v -27.390201 -5.969738 0.020000
v -27.448960 -5.997529 0.020000
v -27.290836 -6.175456 0.020000
v -27.349132 -6.204205 0.020000
v -27.188118 -6.379520 0.020000
v -27.245937 -6.409219 0.020000
v -27.082076 -6.581877 0.020000
v -27.139401 -6.612518 0.020000
v -26.972736 -6.782471 0.020000
v -27.029552 -6.814046 0.020000
v -26.860130 -6.981250 0.020000
v -26.916421 -7.013750 0.020000
v -26.744286 -7.178160 0.020000
v -26.800038 -7.211576 0.020000
v -26.625235 -7.373147 0.020000
v -26.680434 -7.407472 0.020000
v -26.503011 -7.566161 0.020000
v -26.557640 -7.601384 0.020000
v -26.377644 -7.757149 0.020000
v -26.431690 -7.793261 0.020000
v -26.249170 -7.946061 0.020000
v -26.302617 -7.983052 0.020000
v -26.117622 -8.132845 0.020000
v -26.170457 -8.170706 0.020000
v -25.983035 -8.317452 0.020000
v -26.035244 -8.356172 0.020000
v -25.845446 -8.499831 0.020000
v -25.897014 -8.539401 0.020000
v -25.704891 -8.679936 0.020000
v -25.755805 -8.720344 0.020000
v -25.561408 -8.857716 0.020000
v -25.611654 -8.898952 0.020000
v -25.415036 -9.033125 0.020000
v -25.464600 -9.075177 0.020000
v -25.265813 -9.206116 0.020000
v -25.314683 -9.248973 0.020000
v -25.113780 -9.376642 0.020000
v -25.161942 -9.420293 0.020000
v -24.958977 -9.544658 0.020000
v -25.006418 -9.589091 0.020000
v -24.801446 -9.710118 0.020000
v -24.848154 -9.755322 0.020000
v -24.641228 -9.872978 0.020000
v -24.687190 -9.918940 0.020000
v -24.478368 -10.033196 0.020000
v -24.523572 -10.079904 0.020000
v -24.312908 -10.190727 0.020000
v -24.357341 -10.238168 0.020000
v -24.144892 -10.345530 0.020000
v -24.188543 -10.393692 0.020000
v -23.974366 -10.497563 0.020000
v -24.017223 -10.546433 0.020000
v -23.801375 -10.646786 0.020000
v -23.843427 -10.696350 0.020000
v -23.625966 -10.793158 0.020000
v -23.667202 -10.843404 0.020000
v -23.448186 -10.936641 0.020000
v -23.488594 -10.987555 0.020000
v -23.268081 -11.077196 0.020000
v -23.307651 -11.128764 0.020000
v -23.085702 -11.214785 0.020000
v -23.124422 -11.266994 0.020000
v -22.901095 -11.349372 0.020000
v -22.938956 -11.402207 0.020000
v -22.714311 -11.480920 0.020000
v -22.751302 -11.534367 0.020000
v -22.525399 -11.609394 0.020000
v -22.561511 -11.663440 0.020000
v -22.334411 -11.734761 0.020000
v -22.369634 -11.789390 0.020000
v -22.141397 -11.856985 0.020000
v -22.175722 -11.912184 0.020000
v -21.946410 -11.976036 0.020000
v -21.979826 -12.031788 0.020000
v -21.749500 -12.091880 0.020000
v -21.782000 -12.148171 0.020000
v -21.550721 -12.204486 0.020000
v -21.582296 -12.261302 0.020000
v -21.350127 -12.313826 0.020000
v -21.380768 -12.371151 0.020000
v -21.147770 -12.419868 0.020000
v -21.177469 -12.477687 0.020000
v -20.943706 -12.522586 0.020000
v -20.972455 -12.580882 0.020000
v -20.737988 -12.621951 0.020000
v -20.765779 -12.680710 0.020000
v -20.530672 -12.717936 0.020000
v -20.557498 -12.777142 0.020000
v -20.321813 -12.810517 0.020000
v -20.347667 -12.870154 0.020000
v -20.111467 -12.899668 0.020000
v -20.136342 -12.959720 0.020000
v -19.899691 -12.985365 0.020000
v -19.923580 -13.045817 0.020000
v -19.686541 -13.067587 0.020000
v -19.709438 -13.128420 0.020000
v -19.472075 -13.146309 0.020000
v -19.493972 -13.207509 0.020000
v -19.256349 -13.221512 0.020000
v -19.277242 -13.283062 0.020000
v -19.039421 -13.293175 0.020000
v -19.059305 -13.355059 0.020000
v -18.821350 -13.361279 0.020000
v -18.840218 -13.423481 0.020000
v -18.602194 -13.425807 0.020000
v -18.620042 -13.488308 0.020000
v -18.382011 -13.486739 0.020000
v -18.398834 -13.549525 0.020000
v -18.160861 -13.544061 0.020000
v -18.176654 -13.607113 0.020000
v -17.938802 -13.597757 0.020000
v -17.953562 -13.661059 0.020000
v -17.715895 -13.647813 0.020000
v -17.729617 -13.711348 0.020000
v -17.492199 -13.694214 0.020000
v -17.504879 -13.757966 0.020000
v -17.267773 -13.736950 0.020000
v -17.279409 -13.800900 0.020000
v -17.042678 -13.776008 0.020000
v -17.053266 -13.840139 0.020000
v -16.816974 -13.811377 0.020000
v -16.826512 -13.875673 0.020000
v -16.590722 -13.843049 0.020000
v -16.599206 -13.907493 0.020000
v -16.363982 -13.871015 0.020000
v -16.371410 -13.935589 0.020000
v -16.136814 -13.895267 0.020000
v -16.143185 -13.959954 0.020000
v -15.909280 -13.915799 0.020000
v -15.914592 -13.980581 0.020000
v -15.681441 -13.932605 0.020000
v -15.685692 -13.997466 0.020000
v -15.453357 -13.945682 0.020000
v -15.456547 -14.010603 0.020000
v -15.225090 -13.955024 0.020000
v -15.227217 -14.019990 0.020000
v -14.996701 -13.960631 0.020000
v -14.997764 -14.025622 0.020000
v -14.768250 -13.962500 0.020000
v -14.768250 -14.027500 0.020000
v -14.768250 15.182500 0.020000
v 14.768250 15.182500 0.020000
v 14.768250 15.247500 0.020000
v -14.768250 15.247500 0.020000
v 14.768250 -15.182500 0.020000
v -14.768250 -15.182500 0.020000
v -14.768250 -15.247500 0.020000
v 14.768250 -15.247500 0.020000
v 14.768250 -15.182500 0.020000
v 14.768250 -15.247500 0.020000
v 15.016662 -15.180468 0.020000
v 15.017726 -15.245459 0.020000
v 15.265007 -15.174371 0.020000
v 15.267134 -15.239336 0.020000
v 15.513220 -15.164212 0.020000
v 15.516409 -15.229134 0.020000
v 15.761233 -15.149993 0.020000
v 15.765484 -15.214854 0.020000
v 16.008980 -15.131718 0.020000
v 16.014292 -15.196501 0.020000
v 16.256395 -15.109392 0.020000
v 16.262766 -15.174079 0.020000
v 16.503412 -15.083021 0.020000
v 16.510840 -15.147595 0.020000
v 16.749964 -15.052612 0.020000
v 16.758448 -15.117056 0.020000
v 16.995985 -15.018172 0.020000
v 17.005523 -15.082469 0.020000
v 17.241411 -14.979712 0.020000
v 17.251999 -15.043844 0.020000
v 17.486173 -14.937242 0.020000
v 17.497810 -15.001192 0.020000
v 17.730209 -14.890773 0.020000
v 17.742890 -14.954524 0.020000
v 17.973451 -14.840316 0.020000
v 17.987173 -14.903851 0.020000
v 18.215835 -14.785887 0.020000
v 18.230595 -14.849189 0.020000
v 18.457297 -14.727500 0.020000
v 18.473090 -14.790552 0.020000
v 18.697770 -14.665169 0.020000
v 18.714593 -14.727954 0.020000
v 18.937192 -14.598912 0.020000
v 18.955040 -14.661414 0.020000
v 19.175497 -14.528747 0.020000
v 19.194366 -14.590948 0.020000
v 19.412623 -14.454692 0.020000
v 19.432506 -14.516576 0.020000
v 19.648505 -14.376767 0.020000
v 19.669398 -14.438317 0.020000
v 19.883080 -14.294993 0.020000
v 19.904978 -14.356193 0.020000
v 20.116286 -14.209392 0.020000
v 20.139183 -14.270226 0.020000
v 20.348061 -14.119986 0.020000
v 20.371949 -14.180438 0.020000
v 20.578341 -14.026801 0.020000
v 20.603216 -14.086853 0.020000
v 20.807066 -13.929860 0.020000
v 20.832920 -13.989497 0.020000
v 21.034174 -13.829190 0.020000
v 21.061000 -13.888396 0.020000
v 21.259605 -13.724817 0.020000
v 21.287396 -13.783577 0.020000
v 21.483298 -13.616770 0.020000
v 21.512047 -13.675067 0.020000
v 21.705193 -13.505078 0.020000
v 21.734892 -13.562896 0.020000
v 21.925231 -13.389770 0.020000
v 21.955872 -13.447094 0.020000
v 22.143353 -13.270877 0.020000
v 22.174927 -13.327692 0.020000
v 22.359500 -13.148431 0.020000
v 22.392000 -13.204722 0.020000
v 22.573615 -13.022465 0.020000
v 22.607032 -13.078217 0.020000
v 22.785640 -12.893012 0.020000
v 22.819965 -12.948210 0.020000
v 22.995519 -12.760108 0.020000
v 23.030742 -12.814737 0.020000
v 23.203195 -12.623787 0.020000
v 23.239307 -12.677833 0.020000
v 23.408613 -12.484087 0.020000
v 23.445604 -12.537535 0.020000
v 23.611718 -12.341045 0.020000
v 23.649579 -12.393880 0.020000
v 23.812455 -12.194698 0.020000
v 23.851175 -12.246907 0.020000
v 24.010770 -12.045087 0.020000
v 24.050340 -12.096655 0.020000
v 24.206612 -11.892251 0.020000
v 24.247020 -11.943165 0.020000
v 24.399926 -11.736231 0.020000
v 24.441162 -11.786477 0.020000
v 24.590662 -11.577069 0.020000
v 24.632714 -11.626634 0.020000
v 24.778768 -11.414808 0.020000
v 24.821625 -11.463677 0.020000
v 24.964194 -11.249490 0.020000
v 25.007845 -11.297652 0.020000
v 25.146890 -11.081161 0.020000
v 25.191324 -11.128602 0.020000
v 25.326808 -10.909865 0.020000
v 25.372012 -10.956573 0.020000
v 25.503899 -10.735649 0.020000
v 25.549861 -10.781611 0.020000
v 25.678115 -10.558558 0.020000
v 25.724823 -10.603762 0.020000
v 25.849411 -10.378640 0.020000
v 25.896852 -10.423074 0.020000
v 26.017740 -10.195944 0.020000
v 26.065902 -10.239595 0.020000
v 26.183058 -10.010518 0.020000
v 26.231927 -10.053375 0.020000
v 26.345319 -9.822412 0.020000
v 26.394884 -9.864464 0.020000
v 26.504481 -9.631676 0.020000
v 26.554727 -9.672912 0.020000
v 26.660501 -9.438362 0.020000
v 26.711415 -9.478770 0.020000
v 26.813337 -9.242520 0.020000
v 26.864905 -9.282090 0.020000
v 26.962948 -9.044205 0.020000
v 27.015157 -9.082925 0.020000
v 27.109295 -8.843468 0.020000
v 27.162130 -8.881329 0.020000
v 27.252337 -8.640363 0.020000
v 27.305785 -8.677354 0.020000
v 27.392037 -8.434945 0.020000
v 27.446083 -8.471057 0.020000
v 27.528358 -8.227269 0.020000
v 27.582987 -8.262492 0.020000
v 27.661262 -8.017390 0.020000
v 27.716460 -8.051715 0.020000
v 27.790715 -7.805365 0.020000
v 27.846467 -7.838782 0.020000
v 27.916681 -7.591250 0.020000
v 27.972972 -7.623750 0.020000
v 28.039127 -7.375103 0.020000
v 28.095942 -7.406677 0.020000
v 28.158020 -7.156981 0.020000
v 28.215344 -7.187622 0.020000
v 28.273328 -6.936943 0.020000
v 28.331146 -6.966642 0.020000
v 28.385020 -6.715048 0.020000
v 28.443317 -6.743797 0.020000
v 28.493067 -6.491355 0.020000
v 28.551827 -6.519146 0.020000
v 28.597440 -6.265924 0.020000
v 28.656646 -6.292750 0.020000
v 28.698110 -6.038816 0.020000
v 28.757747 -6.064670 0.020000
v 28.795051 -5.810091 0.020000
v 28.855103 -5.834966 0.020000
v 28.888236 -5.579811 0.020000
v 28.948688 -5.603699 0.020000
v 28.977642 -5.348036 0.020000
v 29.038476 -5.370933 0.020000
v 29.063243 -5.114830 0.020000
v 29.124443 -5.136728 0.020000
v 29.145017 -4.880255 0.020000
v 29.206567 -4.901148 0.020000
v 29.222942 -4.644373 0.020000
v 29.284826 -4.664256 0.020000
v 29.296997 -4.407247 0.020000
v 29.359198 -4.426116 0.020000
v 29.367162 -4.168942 0.020000
v 29.429664 -4.186790 0.020000
v 29.433419 -3.929520 0.020000
v 29.496204 -3.946343 0.020000
v 29.495750 -3.689047 0.020000
v 29.558802 -3.704840 0.020000
v 29.554137 -3.447585 0.020000
v 29.617439 -3.462345 0.020000
v 29.608566 -3.205201 0.020000
v 29.672101 -3.218923 0.020000
v 29.659023 -2.961959 0.020000
v 29.722774 -2.974640 0.020000
v 29.705492 -2.717923 0.020000
v 29.769442 -2.729560 0.020000
v 29.747962 -2.473161 0.020000
v 29.812094 -2.483749 0.020000
v 29.786422 -2.227735 0.020000
v 29.850719 -2.237273 0.020000
v 29.820862 -1.981714 0.020000
v 29.885306 -1.990198 0.020000
v 29.851271 -1.735162 0.020000
v 29.915845 -1.742590 0.020000
v 29.877642 -1.488145 0.020000
v 29.942329 -1.494516 0.020000
v 29.899968 -1.240730 0.020000
v 29.964751 -1.246042 0.020000
v 29.918243 -0.992983 0.020000
v 29.983104 -0.997234 0.020000
v 29.932462 -0.744970 0.020000
v 29.997384 -0.748159 0.020000
v 29.942621 -0.496757 0.020000
v 30.007586 -0.498884 0.020000
v 29.948718 -0.248412 0.020000
v 30.013709 -0.249476 0.020000
v 29.950750 0.000000 0.020000
v 30.015750 0.000000 0.020000
v 29.948718 0.248412 0.020000
v 30.013709 0.249476 0.020000
v 29.942621 0.496757 0.020000
v 30.007586 0.498884 0.020000
v 29.932462 0.744970 0.020000
v 29.997384 0.748159 0.020000
v 29.918243 0.992983 0.020000
v 29.983104 0.997234 0.020000
v 29.899968 1.240730 0.020000
v 29.964751 1.246042 0.020000
v 29.877642 1.488145 0.020000
v 29.942329 1.494516 0.020000
v 29.851271 1.735162 0.020000
v 29.915845 1.742590 0.020000
v 29.820862 1.981714 0.020000
v 29.885306 1.990198 0.020000
v 29.786422 2.227735 0.020000
v 29.850719 2.237273 0.020000
v 29.747962 2.473161 0.020000
v 29.812094 2.483749 0.020000
v 29.705492 2.717923 0.020000
v 29.769442 2.729560 0.020000
v 29.659023 2.961959 0.020000
v 29.722774 2.974640 0.020000
v 29.608566 3.205201 0.020000
v 29.672101 3.218923 0.020000
v 29.554137 3.447585 0.020000
v 29.617439 3.462345 0.020000
v 29.495750 3.689047 0.020000
v 29.558802 3.704840 0.020000
v 29.433419 3.929520 0.020000
v 29.496204 3.946343 0.020000
v 29.367162 4.168942 0.020000
v 29.429664 4.186790 0.020000
v 29.296997 4.407247 0.020000
v 29.359198 4.426116 0.020000
v 29.222942 4.644373 0.020000
v 29.284826 4.664256 0.020000
v 29.145017 4.880255 0.020000
v 29.206567 4.901148 0.020000
v 29.063243 5.114830 0.020000
v 29.124443 5.136728 0.020000
v 28.977642 5.348036 0.020000
v 29.038476 5.370933 0.020000
v 28.888236 5.579811 0.020000
v 28.948688 5.603699 0.020000
v 28.795051 5.810091 0.020000
v 28.855103 5.834966 0.020000
v 28.698110 6.038816 0.020000
v 28.757747 6.064670 0.020000
v 28.597440 6.265924 0.020000
v 28.656646 6.292750 0.020000
v 28.493067 6.491355 0.020000
v 28.551827 6.519146 0.020000
v 28.385020 6.715048 0.020000
v 28.443317 6.743797 0.020000
v 28.273328 6.936943 0.020000
v 28.331146 6.966642 0.020000
v 28.158020 7.156981 0.020000
v 28.215344 7.187622 0.020000
v 28.039127 7.375103 0.020000
v 28.095942 7.406677 0.020000
v 27.916681 7.591250 0.020000
v 27.972972 7.623750 0.020000
v 27.790715 7.805365 0.020000
v 27.846467 7.838782 0.020000
v 27.661262 8.017390 0.020000
v 27.716460 8.051715 0.020000
v 27.528358 8.227269 0.020000
v 27.582987 8.262492 0.020000
v 27.392037 8.434945 0.020000
v 27.446083 8.471057 0.020000
v 27.252337 8.640363 0.020000
v 27.305785 8.677354 0.020000
v 27.109295 8.843468 0.020000
v 27.162130 8.881329 0.020000
v 26.962948 9.044205 0.020000
v 27.015157 9.082925 0.020000
v 26.813337 9.242520 0.020000
v 26.864905 9.282090 0.020000
v 26.660501 9.438362 0.020000
v 26.711415 9.478770 0.020000
v 26.504481 9.631676 0.020000
v 26.554727 9.672912 0.020000
v 26.345319 9.822412 0.020000
v 26.394884 9.864464 0.020000
v 26.183058 10.010518 0.020000
v 26.231927 10.053375 0.020000
v 26.017740 10.195944 0.020000
v 26.065902 10.239595 0.020000
v 25.849411 10.378640 0.020000
v 25.896852 10.423074 0.020000
v 25.678115 10.558558 0.020000
v 25.724823 10.603762 0.020000
v 25.503899 10.735649 0.020000
v 25.549861 10.781611 0.020000
v 25.326808 10.909865 0.020000
v 25.372012 10.956573 0.020000
v 25.146890 11.081161 0.020000
v 25.191324 11.128602 0.020000
v 24.964194 11.249490 0.020000
v 25.007845 11.297652 0.020000
v 24.778768 11.414808 0.020000
v 24.821625 11.463677 0.020000
v 24.590662 11.577069 0.020000
v 24.632714 11.626634 0.020000
v 24.399926 11.736231 0.020000
v 24.441162 11.786477 0.020000
v 24.206612 11.892251 0.020000
v 24.247020 11.943165 0.020000
v 24.010770 12.045087 0.020000
v 24.050340 12.096655 0.020000
v 23.812455 12.194698 0.020000
v 23.851175 12.246907 0.020000
v 23.611718 12.341045 0.020000
v 23.649579 12.393880 0.020000
v 23.408613 12.484087 0.020000
v 23.445604 12.537535 0.020000
v 23.203195 12.623787 0.020000
v 23.239307 12.677833 0.020000
v 22.995519 12.760108 0.020000
v 23.030742 12.814737 0.020000
v 22.785640 12.893012 0.020000
v 22.819965 12.948210 0.020000
v 22.573615 13.022465 0.020000
v 22.607032 13.078217 0.020000
v 22.359500 13.148431 0.020000
v 22.392000 13.204722 0.020000
v 22.143353 13.270877 0.020000
v 22.174927 13.327692 0.020000
v 21.925231 13.389770 0.020000
v 21.955872 13.447094 0.020000
v 21.705193 13.505078 0.020000
v 21.734892 13.562896 0.020000
v 21.483298 13.616770 0.020000
v 21.512047 13.675067 0.020000
v 21.259605 13.724817 0.020000
v 21.287396 13.783577 0.020000
v 21.034174 13.829190 0.020000
v 21.061000 13.888396 0.020000
v 20.807066 13.929860 0.020000
v 20.832920 13.989497 0.020000
v 20.578341 14.026801 0.020000
v 20.603216 14.086853 0.020000
v 20.348061 14.119986 0.020000
v 20.371949 14.180438 0.020000
v 20.116286 14.209392 0.020000
v 20.139183 14.270226 0.020000
v 19.883080 14.294993 0.020000
v 19.904978 14.356193 0.020000
v 19.648505 14.376767 0.020000
v 19.669398 14.438317 0.020000
v 19.412623 14.454692 0.020000
v 19.432506 14.516576 0.020000
v 19.175497 14.528747 0.020000
v 19.194366 14.590948 0.020000
v 18.937192 14.598912 0.020000
v 18.955040 14.661414 0.020000
v 18.697770 14.665169 0.020000
v 18.714593 14.727954 0.020000
v 18.457297 14.727500 0.020000
v 18.473090 14.790552 0.020000
v 18.215835 14.785887 0.020000
v 18.230595 14.849189 0.020000
v 17.973451 14.840316 0.020000
v 17.987173 14.903851 0.020000
v 17.730209 14.890773 0.020000
v 17.742890 14.954524 0.020000
v 17.486173 14.937242 0.020000
v 17.497810 15.001192 0.020000
v 17.241411 14.979712 0.020000
v 17.251999 15.043844 0.020000
v 16.995985 15.018172 0.020000
v 17.005523 15.082469 0.020000
v 16.749964 15.052612 0.020000
v 16.758448 15.117056 0.020000
v 16.503412 15.083021 0.020000
v 16.510840 15.147595 0.020000
v 16.256395 15.109392 0.020000
v 16.262766 15.174079 0.020000
v 16.008980 15.131718 0.020000
v 16.014292 15.196501 0.020000
v 15.761233 15.149993 0.020000
v 15.765484 15.214854 0.020000
v 15.513220 15.164212 0.020000
v 15.516409 15.229134 0.020000
v 15.265007 15.174371 0.020000
v 15.267134 15.239336 0.020000
v 15.016662 15.180468 0.020000
v 15.017726 15.245459 0.020000
v 14.768250 15.182500 0.020000
v 14.768250 15.247500 0.020000
v -14.768250 15.182500 0.020000
v -14.768250 15.247500 0.020000
v -15.016662 15.180468 0.020000
v -15.017726 15.245459 0.020000
v -15.265007 15.174371 0.020000
v -15.267134 15.239336 0.020000
v -15.513220 15.164212 0.020000
v -15.516409 15.229134 0.020000
v -15.761233 15.149993 0.020000
v -15.765484 15.214854 0.020000
v -16.008980 15.131718 0.020000
v -16.014292 15.196501 0.020000
v -16.256395 15.109392 0.020000
v -16.262766 15.174079 0.020000
v -16.503412 15.083021 0.020000
v -16.510840 15.147595 0.020000
v -16.749964 15.052612 0.020000
v -16.758448 15.117056 0.020000
v -16.995985 15.018172 0.020000
v -17.005523 15.082469 0.020000
v -17.241411 14.979712 0.020000
v -17.251999 15.043844 0.020000
v -17.486173 14.937242 0.020000
v -17.497810 15.001192 0.020000
v -17.730209 14.890773 0.020000
v -17.742890 14.954524 0.020000
v -17.973451 14.840316 0.020000
v -17.987173 14.903851 0.020000
v -18.215835 14.785887 0.020000
v -18.230595 14.849189 0.020000
v -18.457297 14.727500 0.020000
v -18.473090 14.790552 0.020000
v -18.697770 14.665169 0.020000
v -18.714593 14.727954 0.020000
v -18.937192 14.598912 0.020000
v -18.955040 14.661414 0.020000
v -19.175497 14.528747 0.020000
v -19.194366 14.590948 0.020000
v -19.412623 14.454692 0.020000
v -19.432506 14.516576 0.020000
v -19.648505 14.376767 0.020000
v -19.669398 14.438317 0.020000
v -19.883080 14.294993 0.020000
v -19.904978 14.356193 0.020000
v -20.116286 14.209392 0.020000
v -20.139183 14.270226 0.020000
v -20.348061 14.119986 0.020000
v -20.371949 14.180438 0.020000
v -20.578341 14.026801 0.020000
v -20.603216 14.086853 0.020000
v -20.807066 13.929860 0.020000
v -20.832920 13.989497 0.020000
v -21.034174 13.829190 0.020000
v -21.061000 13.888396 0.020000
v -21.259605 13.724817 0.020000
v -21.287396 13.783577 0.020000
v -21.483298 13.616770 0.020000
v -21.512047 13.675067 0.020000
v -21.705193 13.505078 0.020000
v -21.734892 13.562896 0.020000
v -21.925231 13.389770 0.020000
v -21.955872 13.447094 0.020000
v -22.143353 13.270877 0.020000
v -22.174927 13.327692 0.020000
v -22.359500 13.148431 0.020000
v -22.392000 13.204722 0.020000
v -22.573615 13.022465 0.020000
v -22.607032 13.078217 0.020000
v -22.785640 12.893012 0.020000
v -22.819965 12.948210 0.020000
v -22.995519 12.760108 0.020000
v -23.030742 12.814737 0.020000
v -23.203195 12.623787 0.020000
v -23.239307 12.677833 0.020000
v -23.408613 12.484087 0.020000
v -23.445604 12.537535 0.020000
v -23.611718 12.341045 0.020000
v -23.649579 12.393880 0.020000
v -23.812455 12.194698 0.020000
v -23.851175 12.246907 0.020000
v -24.010770 12.045087 0.020000
v -24.050340 12.096655 0.020000
v -24.206612 11.892251 0.020000
v -24.247020 11.943165 0.020000
v -24.399926 11.736231 0.020000
v -24.441162 11.786477 0.020000
v -24.590662 11.577069 0.020000
v -24.632714 11.626634 0.020000
v -24.778768 11.414808 0.020000
v -24.821625 11.463677 0.020000
v -24.964194 11.249490 0.020000
v -25.007845 11.297652 0.020000
v -25.146890 11.081161 0.020000
v -25.191324 11.128602 0.020000
v -25.326808 10.909865 0.020000
v -25.372012 10.956573 0.020000
v -25.503899 10.735649 0.020000
v -25.549861 10.781611 0.020000
v -25.678115 10.558558 0.020000
v -25.724823 10.603762 0.020000
v -25.849411 10.378640 0.020000
v -25.896852 10.423074 0.020000
v -26.017740 10.195944 0.020000
v -26.065902 10.239595 0.020000
v -26.183058 10.010518 0.020000
v -26.231927 10.053375 0.020000
v -26.345319 9.822412 0.020000
v -26.394884 9.864464 0.020000
v -26.504481 9.631676 0.020000
v -26.554727 9.672912 0.020000
v -26.660501 9.438362 0.020000
v -26.711415 9.478770 0.020000
v -26.813337 9.242520 0.020000
v -26.864905 9.282090 0.020000
v -26.962948 9.044205 0.020000
v -27.015157 9.082925 0.020000
v -27.109295 8.843468 0.020000
v -27.162130 8.881329 0.020000
v -27.252337 8.640363 0.020000
v -27.305785 8.677354 0.020000
v -27.392037 8.434945 0.020000
v -27.446083 8.471057 0.020000
v -27.528358 8.227269 0.020000
v -27.582987 8.262492 0.020000
v -27.661262 8.017390 0.020000
v -27.716460 8.051715 0.020000
v -27.790715 7.805365 0.020000
v -27.846467 7.838782 0.020000
v -27.916681 7.591250 0.020000
v -27.972972 7.623750 0.020000
v -28.039127 7.375103 0.020000
v -28.095942 7.406677 0.020000
v -28.158020 7.156981 0.020000
v -28.215344 7.187622 0.020000
v -28.273328 6.936943 0.020000
v -28.331146 6.966642 0.020000
v -28.385020 6.715048 0.020000
v -28.443317 6.743797 0.020000
v -28.493067 6.491355 0.020000
v -28.551827 6.519146 0.020000
v -28.597440 6.265924 0.020000
v -28.656646 6.292750 0.020000
v -28.698110 6.038816 0.020000
v -28.757747 6.064670 0.020000
v -28.795051 5.810091 0.020000
v -28.855103 5.834966 0.020000
v -28.888236 5.579811 0.020000
v -28.948688 5.603699 0.020000
v -28.977642 5.348036 0.020000
v -29.038476 5.370933 0.020000
v -29.063243 5.114830 0.020000
v -29.124443 5.136728 0.020000
v -29.145017 4.880255 0.020000
v -29.206567 4.901148 0.020000
v -29.222942 4.644373 0.020000
v -29.284826 4.664256 0.020000
v -29.296997 4.407247 0.020000
v -29.359198 4.426116 0.020000
v -29.367162 4.168942 0.020000
v -29.429664 4.186790 0.020000
v -29.433419 3.929520 0.020000
v -29.496204 3.946343 0.020000
v -29.495750 3.689047 0.020000
v -29.558802 3.704840 0.020000
v -29.554137 3.447585 0.020000
v -29.617439 3.462345 0.020000
v -29.608566 3.205201 0.020000
v -29.672101 3.218923 0.020000
v -29.659023 2.961959 0.020000
v -29.722774 2.974640 0.020000
v -29.705492 2.717923 0.020000
v -29.769442 2.729560 0.020000
v -29.747962 2.473161 0.020000
v -29.812094 2.483749 0.020000
v -29.786422 2.227735 0.020000
v -29.850719 2.237273 0.020000
v -29.820862 1.981714 0.020000
v -29.885306 1.990198 0.020000
v -29.851271 1.735162 0.020000
v -29.915845 1.742590 0.020000
v -29.877642 1.488145 0.020000
v -29.942329 1.494516 0.020000
v -29.899968 1.240730 0.020000
v -29.964751 1.246042 0.020000
v -29.918243 0.992983 0.020000
v -29.983104 0.997234 0.020000
v -29.932462 0.744970 0.020000
v -29.997384 0.748159 0.020000
v -29.942621 0.496757 0.020000
v -30.007586 0.498884 0.020000
v -29.948718 0.248412 0.020000
v -30.013709 0.249476 0.020000
v -29.950750 0.000000 0.020000
v -30.015750 0.000000 0.020000
v -29.948718 -0.248412 0.020000
v -30.013709 -0.249476 0.020000
v -29.942621 -0.496757 0.020000
v -30.007586 -0.498884 0.020000
v -29.932462 -0.744970 0.020000
v -29.997384 -0.748159 0.020000
v -29.918243 -0.992983 0.020000
v -29.983104 -0.997234 0.020000
v -29.899968 -1.240730 0.020000
v -29.964751 -1.246042 0.020000
v -29.877642 -1.488145 0.020000
v -29.942329 -1.494516 0.020000
v -29.851271 -1.735162 0.020000
v -29.915845 -1.742590 0.020000
v -29.820862 -1.981714 0.020000
v -29.885306 -1.990198 0.020000
v -29.786422 -2.227735 0.020000
v -29.850719 -2.237273 0.020000
v -29.747962 -2.473161 0.020000
v -29.812094 -2.483749 0.020000
v -29.705492 -2.717923 0.020000
v -29.769442 -2.729560 0.020000
v -29.659023 -2.961959 0.020000
v -29.722774 -2.974640 0.020000
v -29.608566 -3.205201 0.020000
v -29.672101 -3.218923 0.020000
v -29.554137 -3.447585 0.020000
v -29.617439 -3.462345 0.020000
v -29.495750 -3.689047 0.020000
v -29.558802 -3.704840 0.020000
v -29.433419 -3.929520 0.020000
v -29.496204 -3.946343 0.020000
v -29.367162 -4.168942 0.020000
v -29.429664 -4.186790 0.020000
v -29.296997 -4.407247 0.020000
v -29.359198 -4.426116 0.020000
v -29.222942 -4.644373 0.020000
v -29.284826 -4.664256 0.020000
v -29.145017 -4.880255 0.020000
v -29.206567 -4.901148 0.020000
v -29.063243 -5.114830 0.020000
v -29.124443 -5.136728 0.020000
v -28.977642 -5.348036 0.020000
v -29.038476 -5.370933 0.020000
v -28.888236 -5.579811 0.020000
v -28.948688 -5.603699 0.020000
v -28.795051 -5.810091 0.020000
v -28.855103 -5.834966 0.020000
v -28.698110 -6.038816 0.020000
v -28.757747 -6.064670 0.020000
v -28.597440 -6.265924 0.020000
v -28.656646 -6.292750 0.020000
v -28.493067 -6.491355 0.020000
v -28.551827 -6.519146 0.020000
v -28.385020 -6.715048 0.020000
v -28.443317 -6.743797 0.020000
v -28.273328 -6.936943 0.020000
v -28.331146 -6.966642 0.020000
v -28.158020 -7.156981 0.020000
v -28.215344 -7.187622 0.020000
v -28.039127 -7.375103 0.020000
v -28.095942 -7.406677 0.020000
v -27.916681 -7.591250 0.020000
v -27.972972 -7.623750 0.020000
v -27.790715 -7.805365 0.020000
v -27.846467 -7.838782 0.020000
v -27.661262 -8.017390 0.020000
v -27.716460 -8.051715 0.020000
v -27.528358 -8.227269 0.020000
v -27.582987 -8.262492 0.020000
v -27.392037 -8.434945 0.020000
v -27.446083 -8.471057 0.020000
v -27.252337 -8.640363 0.020000
v -27.305785 -8.677354 0.020000
v -27.109295 -8.843468 0.020000
v -27.162130 -8.881329 0.020000
v -26.962948 -9.044205 0.020000
v -27.015157 -9.082925 0.020000
v -26.813337 -9.242520 0.020000
v -26.864905 -9.282090 0.020000
v -26.660501 -9.438362 0.020000
v -26.711415 -9.478770 0.020000
v -26.504481 -9.631676 0.020000
v -26.554727 -9.672912 0.020000
v -26.345319 -9.822412 0.020000
v -26.394884 -9.864464 0.020000
v -26.183058 -10.010518 0.020000
v -26.231927 -10.053375 0.020000
v -26.017740 -10.195944 0.020000
v -26.065902 -10.239595 0.020000
v -25.849411 -10.378640 0.020000
v -25.896852 -10.423074 0.020000
v -25.678115 -10.558558 0.020000
v -25.724823 -10.603762 0.020000
v -25.503899 -10.735649 0.020000
v -25.549861 -10.781611 0.020000
v -25.326808 -10.909865 0.020000
v -25.372012 -10.956573 0.020000
v -25.146890 -11.081161 0.020000
v -25.191324 -11.128602 0.020000
v -24.964194 -11.249490 0.020000
v -25.007845 -11.297652 0.020000
v -24.778768 -11.414808 0.020000
v -24.821625 -11.463677 0.020000
v -24.590662 -11.577069 0.020000
v -24.632714 -11.626634 0.020000
v -24.399926 -11.736231 0.020000
v -24.441162 -11.786477 0.020000
v -24.206612 -11.892251 0.020000
v -24.247020 -11.943165 0.020000
v -24.010770 -12.045087 0.020000
v -24.050340 -12.096655 0.020000
v -23.812455 -12.194698 0.020000
v -23.851175 -12.246907 0.020000
v -23.611718 -12.341045 0.020000
v -23.649579 -12.393880 0.020000
v -23.408613 -12.484087 0.020000
v -23.445604 -12.537535 0.020000
v -23.203195 -12.623787 0.020000
v -23.239307 -12.677833 0.020000
v -22.995519 -12.760108 0.020000
v -23.030742 -12.814737 0.020000
v -22.785640 -12.893012 0.020000
v -22.819965 -12.948210 0.020000
v -22.573615 -13.022465 0.020000
v -22.607032 -13.078217 0.020000
v -22.359500 -13.148431 0.020000
v -22.392000 -13.204722 0.020000
v -22.143353 -13.270877 0.020000
v -22.174927 -13.327692 0.020000
v -21.925231 -13.389770 0.020000
v -21.955872 -13.447094 0.020000
v -21.705193 -13.505078 0.020000
v -21.734892 -13.562896 0.020000
v -21.483298 -13.616770 0.020000
v -21.512047 -13.675067 0.020000
v -21.259605 -13.724817 0.020000
v -21.287396 -13.783577 0.020000
v -21.034174 -13.829190 0.020000
v -21.061000 -13.888396 0.020000
v -20.807066 -13.929860 0.020000
v -20.832920 -13.989497 0.020000
v -20.578341 -14.026801 0.020000
v -20.603216 -14.086853 0.020000
v -20.348061 -14.119986 0.020000
v -20.371949 -14.180438 0.020000
v -20.116286 -14.209392 0.020000
v -20.139183 -14.270226 0.020000
v -19.883080 -14.294993 0.020000
v -19.904978 -14.356193 0.020000
v -19.648505 -14.376767 0.020000
v -19.669398 -14.438317 0.020000
v -19.412623 -14.454692 0.020000
v -19.432506 -14.516576 0.020000
v -19.175497 -14.528747 0.020000
v -19.194366 -14.590948 0.020000
v -18.937192 -14.598912 0.020000
v -18.955040 -14.661414 0.020000
v -18.697770 -14.665169 0.020000
v -18.714593 -14.727954 0.020000
v -18.457297 -14.727500 0.020000
v -18.473090 -14.790552 0.020000
v -18.215835 -14.785887 0.020000
v -18.230595 -14.849189 0.020000
v -17.973451 -14.840316 0.020000
v -17.987173 -14.903851 0.020000
v -17.730209 -14.890773 0.020000
v -17.742890 -14.954524 0.020000
v -17.486173 -14.937242 0.020000
v -17.497810 -15.001192 0.020000
v -17.241411 -14.979712 0.020000
v -17.251999 -15.043844 0.020000
v -16.995985 -15.018172 0.020000
v -17.005523 -15.082469 0.020000
v -16.749964 -15.052612 0.020000
v -16.758448 -15.117056 0.020000
v -16.503412 -15.083021 0.020000
v -16.510840 -15.147595 0.020000
v -16.256395 -15.109392 0.020000
v -16.262766 -15.174079 0.020000
v -16.008980 -15.131718 0.020000
v -16.014292 -15.196501 0.020000
v -15.761233 -15.149993 0.020000
v -15.765484 -15.214854 0.020000
v -15.513220 -15.164212 0.020000
v -15.516409 -15.229134 0.020000
v -15.265007 -15.174371 0.020000
v -15.267134 -15.239336 0.020000
v -15.016662 -15.180468 0.020000
v -15.017726 -15.245459 0.020000
v -14.768250 -15.182500 0.020000
v -14.768250 -15.247500 0.020000
v -14.768250 16.402500 0.020000
v 14.768250 16.402500 0.020000
v 14.768250 16.467500 0.020000
v -14.768250 16.467500 0.020000
v 14.768250 -16.402500 0.020000
v -14.768250 -16.402500 0.020000
v -14.768250 -16.467500 0.020000
v 14.768250 -16.467500 0.020000
v 14.768250 -16.402500 0.020000
v 14.768250 -16.467500 0.020000
v 15.036623 -16.400304 0.020000
v 15.037687 -16.465296 0.020000
v 15.304925 -16.393718 0.020000
v 15.307051 -16.458683 0.020000
v 15.573083 -16.382742 0.020000
v 15.576272 -16.447664 0.020000
v 15.841025 -16.367381 0.020000
v 15.845276 -16.432242 0.020000
v 16.108680 -16.347638 0.020000
v 16.113992 -16.412420 0.020000
v 16.375976 -16.323517 0.020000
v 16.382347 -16.388204 0.020000
v 16.642842 -16.295027 0.020000
v 16.650271 -16.359601 0.020000
v 16.909206 -16.262174 0.020000
v 16.917690 -16.326618 0.020000
v 17.174997 -16.224968 0.020000
v 17.184534 -16.289264 0.020000
v 17.440143 -16.183417 0.020000
v 17.450731 -16.247549 0.020000
v 17.704574 -16.137534 0.020000
v 17.716210 -16.201484 0.020000
v 17.968219 -16.087331 0.020000
v 17.980900 -16.151082 0.020000
v 18.231007 -16.032820 0.020000
v 18.244729 -16.096355 0.020000
v 18.492868 -15.974017 0.020000
v 18.507628 -16.037319 0.020000
v 18.753732 -15.910938 0.020000
v 18.769526 -15.973990 0.020000
v 19.013529 -15.843598 0.020000
v 19.030353 -15.906384 0.020000
v 19.272190 -15.772017 0.020000
v 19.290038 -15.834519 0.020000
v 19.529644 -15.696214 0.020000
v 19.548513 -15.758415 0.020000
v 19.785824 -15.616208 0.020000
v 19.805708 -15.678092 0.020000
v 20.040661 -15.532021 0.020000
v 20.061554 -15.593572 0.020000
v 20.294086 -15.443677 0.020000
v 20.315984 -15.504877 0.020000
v 20.546031 -15.351197 0.020000
v 20.568928 -15.412031 0.020000
v 20.796430 -15.254608 0.020000
v 20.820319 -15.315059 0.020000
v 21.045215 -15.153934 0.020000
v 21.070089 -15.213986 0.020000
v 21.292319 -15.049203 0.020000
v 21.318173 -15.108841 0.020000
v 21.537677 -14.940444 0.020000
v 21.564503 -14.999650 0.020000
v 21.781222 -14.827684 0.020000
v 21.809014 -14.886444 0.020000
v 22.022890 -14.710955 0.020000
v 22.051639 -14.769252 0.020000
v 22.262616 -14.590287 0.020000
v 22.292315 -14.648106 0.020000
v 22.500335 -14.465714 0.020000
v 22.530976 -14.523038 0.020000
v 22.735984 -14.337267 0.020000
v 22.767559 -14.394083 0.020000
v 22.969500 -14.204982 0.020000
v 23.002000 -14.261273 0.020000
v 23.200820 -14.068894 0.020000
v 23.234237 -14.124646 0.020000
v 23.429883 -13.929039 0.020000
v 23.464207 -13.984237 0.020000
v 23.656627 -13.785455 0.020000
v 23.691850 -13.840084 0.020000
v 23.880991 -13.638180 0.020000
v 23.917103 -13.692226 0.020000
v 24.102915 -13.487254 0.020000
v 24.139907 -13.540702 0.020000
v 24.322340 -13.332718 0.020000
v 24.360201 -13.385553 0.020000
v 24.539208 -13.174612 0.020000
v 24.577928 -13.226820 0.020000
v 24.753459 -13.012978 0.020000
v 24.793029 -13.064546 0.020000
v 24.965038 -12.847861 0.020000
v 25.005445 -12.898775 0.020000
v 25.173886 -12.679304 0.020000
v 25.215121 -12.729550 0.020000
v 25.379948 -12.507352 0.020000
v 25.422000 -12.556917 0.020000
v 25.583170 -12.332052 0.020000
v 25.626027 -12.380922 0.020000
v 25.783496 -12.153451 0.020000
v 25.827147 -12.201613 0.020000
v 25.980873 -11.971595 0.020000
v 26.025306 -12.019037 0.020000
v 26.175248 -11.786535 0.020000
v 26.220452 -11.833243 0.020000
v 26.366569 -11.598319 0.020000
v 26.412531 -11.644281 0.020000
v 26.554785 -11.406998 0.020000
v 26.601493 -11.452202 0.020000
v 26.739845 -11.212623 0.020000
v 26.787287 -11.257056 0.020000
v 26.921701 -11.015246 0.020000
v 26.969863 -11.058897 0.020000
v 27.100302 -10.814920 0.020000
v 27.149172 -10.857777 0.020000
v 27.275602 -10.611698 0.020000
v 27.325167 -10.653750 0.020000
v 27.447554 -10.405636 0.020000
v 27.497800 -10.446871 0.020000
v 27.616111 -10.196788 0.020000
v 27.667025 -10.237195 0.020000
v 27.781228 -9.985209 0.020000
v 27.832796 -10.024779 0.020000
v 27.942862 -9.770958 0.020000
v 27.995070 -9.809678 0.020000
v 28.100968 -9.554090 0.020000
v 28.153803 -9.591951 0.020000
v 28.255504 -9.334665 0.020000
v 28.308952 -9.371657 0.020000
v 28.406430 -9.112741 0.020000
v 28.460476 -9.148853 0.020000
v 28.553705 -8.888377 0.020000
v 28.608334 -8.923600 0.020000
v 28.697289 -8.661633 0.020000
v 28.752487 -8.695957 0.020000
v 28.837144 -8.432570 0.020000
v 28.892896 -8.465987 0.020000
v 28.973232 -8.201250 0.020000
v 29.029523 -8.233750 0.020000
v 29.105517 -7.967734 0.020000
v 29.162333 -7.999309 0.020000
v 29.233964 -7.732085 0.020000
v 29.291288 -7.762726 0.020000
v 29.358537 -7.494366 0.020000
v 29.416356 -7.524065 0.020000
v 29.479205 -7.254640 0.020000
v 29.537502 -7.283389 0.020000
v 29.595934 -7.012972 0.020000
v 29.654694 -7.040764 0.020000
v 29.708694 -6.769427 0.020000
v 29.767900 -6.796253 0.020000
v 29.817453 -6.524069 0.020000
v 29.877091 -6.549923 0.020000
v 29.922184 -6.276965 0.020000
v 29.982236 -6.301839 0.020000
v 30.022858 -6.028180 0.020000
v 30.083309 -6.052069 0.020000
v 30.119447 -5.777781 0.020000
v 30.180281 -5.800678 0.020000
v 30.211927 -5.525836 0.020000
v 30.273127 -5.547734 0.020000
v 30.300271 -5.272411 0.020000
v 30.361822 -5.293304 0.020000
v 30.384458 -5.017574 0.020000
v 30.446342 -5.037458 0.020000
v 30.464464 -4.761394 0.020000
v 30.526665 -4.780263 0.020000
v 30.540267 -4.503940 0.020000
v 30.602769 -4.521788 0.020000
v 30.611848 -4.245279 0.020000
v 30.674634 -4.262103 0.020000
v 30.679188 -3.985482 0.020000
v 30.742240 -4.001276 0.020000
v 30.742267 -3.724618 0.020000
v 30.805569 -3.739378 0.020000
v 30.801070 -3.462757 0.020000
v 30.864605 -3.476479 0.020000
v 30.855581 -3.199969 0.020000
v 30.919332 -3.212650 0.020000
v 30.905784 -2.936324 0.020000
v 30.969734 -2.947960 0.020000
v 30.951667 -2.671893 0.020000
v 31.015799 -2.682481 0.020000
v 30.993218 -2.406747 0.020000
v 31.057514 -2.416284 0.020000
v 31.030424 -2.140956 0.020000
v 31.094868 -2.149440 0.020000
v 31.063277 -1.874592 0.020000
v 31.127851 -1.882021 0.020000
v 31.091767 -1.607726 0.020000
v 31.156454 -1.614097 0.020000
v 31.115888 -1.340430 0.020000
v 31.180670 -1.345742 0.020000
v 31.135631 -1.072775 0.020000
v 31.200492 -1.077026 0.020000
v 31.150992 -0.804833 0.020000
v 31.215914 -0.808022 0.020000
v 31.161968 -0.536675 0.020000
v 31.226933 -0.538801 0.020000
v 31.168554 -0.268373 0.020000
v 31.233546 -0.269437 0.020000
v 31.170750 0.000000 0.020000
v 31.235750 0.000000 0.020000
v 31.168554 0.268373 0.020000
v 31.233546 0.269437 0.020000
v 31.161968 0.536675 0.020000
v 31.226933 0.538801 0.020000
v 31.150992 0.804833 0.020000
v 31.215914 0.808022 0.020000
v 31.135631 1.072775 0.020000
v 31.200492 1.077026 0.020000
v 31.115888 1.340430 0.020000
v 31.180670 1.345742 0.020000
v 31.091767 1.607726 0.020000
v 31.156454 1.614097 0.020000
v 31.063277 1.874592 0.020000
v 31.127851 1.882021 0.020000
v 31.030424 2.140956 0.020000
v 31.094868 2.149440 0.020000
v 30.993218 2.406747 0.020000
v 31.057514 2.416284 0.020000
v 30.951667 2.671893 0.020000
v 31.015799 2.682481 0.020000
v 30.905784 2.936324 0.020000
v 30.969734 2.947960 0.020000
v 30.855581 3.199969 0.020000
v 30.919332 3.212650 0.020000
v 30.801070 3.462757 0.020000
v 30.864605 3.476479 0.020000
v 30.742267 3.724618 0.020000
v 30.805569 3.739378 0.020000
v 30.679188 3.985482 0.020000
v 30.742240 4.001276 0.020000
v 30.611848 4.245279 0.020000
v 30.674634 4.262103 0.020000
v 30.540267 4.503940 0.020000
v 30.602769 4.521788 0.020000
v 30.464464 4.761394 0.020000
v 30.526665 4.780263 0.020000
v 30.384458 5.017574 0.020000
v 30.446342 5.037458 0.020000
v 30.300271 5.272411 0.020000
v 30.361822 5.293304 0.020000
v 30.211927 5.525836 0.020000
v 30.273127 5.547734 0.020000
v 30.119447 5.777781 0.020000
v 30.180281 5.800678 0.020000
v 30.022858 6.028180 0.020000
v 30.083309 6.052069 0.020000
v 29.922184 6.276965 0.020000
v 29.982236 6.301839 0.020000
v 29.817453 6.524069 0.020000
v 29.877091 6.549923 0.020000
v 29.708694 6.769427 0.020000
v 29.767900 6.796253 0.020000
v 29.595934 7.012972 0.020000
v 29.654694 7.040764 0.020000
v 29.479205 7.254640 0.020000
v 29.537502 7.283389 0.020000
v 29.358537 7.494366 0.020000
v 29.416356 7.524065 0.020000
v 29.233964 7.732085 0.020000
v 29.291288 7.762726 0.020000
v 29.105517 7.967734 0.020000
v 29.162333 7.999309 0.020000
v 28.973232 8.201250 0.020000
v 29.029523 8.233750 0.020000
v 28.837144 8.432570 0.020000
v 28.892896 8.465987 0.020000
v 28.697289 8.661633 0.020000
v 28.752487 8.695957 0.020000
v 28.553705 8.888377 0.020000
v 28.608334 8.923600 0.020000
v 28.406430 9.112741 0.020000
v 28.460476 9.148853 0.020000
v 28.255504 9.334665 0.020000
v 28.308952 9.371657 0.020000
v 28.100968 9.554090 0.020000
v 28.153803 9.591951 0.020000
v 27.942862 9.770958 0.020000
v 27.995070 9.809678 0.020000
v 27.781228 9.985209 0.020000
v 27.832796 10.024779 0.020000
v 27.616111 10.196788 0.020000
v 27.667025 10.237195 0.020000
v 27.447554 10.405636 0.020000
v 27.497800 10.446871 0.020000
v 27.275602 10.611698 0.020000
v 27.325167 10.653750 0.020000
v 27.100302 10.814920 0.020000
v 27.149172 10.857777 0.020000
v 26.921701 11.015246 0.020000
v 26.969863 11.058897 0.020000
v 26.739845 11.212623 0.020000
v 26.787287 11.257056 0.020000
v 26.554785 11.406998 0.020000
v 26.601493 11.452202 0.020000
v 26.366569 11.598319 0.020000
v 26.412531 11.644281 0.020000
v 26.175248 11.786535 0.020000
v 26.220452 11.833243 0.020000
v 25.980873 11.971595 0.020000
v 26.025306 12.019037 0.020000
v 25.783496 12.153451 0.020000
v 25.827147 12.201613 0.020000
v 25.583170 12.332052 0.020000
v 25.626027 12.380922 0.020000
v 25.379948 12.507352 0.020000
v 25.422000 12.556917 0.020000
v 25.173886 12.679304 0.020000
v 25.215121 12.729550 0.020000
v 24.965038 12.847861 0.020000
v 25.005445 12.898775 0.020000
v 24.753459 13.012978 0.020000
v 24.793029 13.064546 0.020000
v 24.539208 13.174612 0.020000
v 24.577928 13.226820 0.020000
v 24.322340 13.332718 0.020000
v 24.360201 13.385553 0.020000
v 24.102915 13.487254 0.020000
v 24.139907 13.540702 0.020000
v 23.880991 13.638180 0.020000
v 23.917103 13.692226 0.020000
v 23.656627 13.785455 0.020000
v 23.691850 13.840084 0.020000
v 23.429883 13.929039 0.020000
v 23.464207 13.984237 0.020000
v 23.200820 14.068894 0.020000
v 23.234237 14.124646 0.020000
v 22.969500 14.204982 0.020000
v 23.002000 14.261273 0.020000
v 22.735984 14.337267 0.020000
v 22.767559 14.394083 0.020000
v 22.500335 14.465714 0.020000
v 22.530976 14.523038 0.020000
v 22.262616 14.590287 0.020000
v 22.292315 14.648106 0.020000
v 22.022890 14.710955 0.020000
v 22.051639 14.769252 0.020000
v 21.781222 14.827684 0.020000
v 21.809014 14.886444 0.020000
v 21.537677 14.940444 0.020000
v 21.564503 14.999650 0.020000
v 21.292319 15.049203 0.020000
v 21.318173 15.108841 0.020000
v 21.045215 15.153934 0.020000
v 21.070089 15.213986 0.020000
v 20.796430 15.254608 0.020000
v 20.820319 15.315059 0.020000
v 20.546031 15.351197 0.020000
v 20.568928 15.412031 0.020000
v 20.294086 15.443677 0.020000
v 20.315984 15.504877 0.020000
v 20.040661 15.532021 0.020000
v 20.061554 15.593572 0.020000
v 19.785824 15.616208 0.020000
v 19.805708 15.678092 0.020000
v 19.529644 15.696214 0.020000
v 19.548513 15.758415 0.020000
v 19.272190 15.772017 0.020000
v 19.290038 15.834519 0.020000
v 19.013529 15.843598 0.020000
v 19.030353 15.906384 0.020000
v 18.753732 15.910938 0.020000
v 18.769526 15.973990 0.020000
v 18.492868 15.974017 0.020000
v 18.507628 16.037319 0.020000
v 18.231007 16.032820 0.020000
v 18.244729 16.096355 0.020000
v 17.968219 16.087331 0.020000
v 17.980900 16.151082 0.020000
v 17.704574 16.137534 0.020000
v 17.716210 16.201484 0.020000
v 17.440143 16.183417 0.020000
v 17.450731 16.247549 0.020000
v 17.174997 16.224968 0.020000
v 17.184534 16.289264 0.020000
v 16.909206 16.262174 0.020000
v 16.917690 16.326618 0.020000
v 16.642842 16.295027 0.020000
v 16.650271 16.359601 0.020000
v 16.375976 16.323517 0.020000
v 16.382347 16.388204 0.020000
v 16.108680 16.347638 0.020000
v 16.113992 16.412420 0.020000
v 15.841025 16.367381 0.020000
v 15.845276 16.432242 0.020000
v 15.573083 16.382742 0.020000
v 15.576272 16.447664 0.020000
v 15.304925 16.393718 0.020000
v 15.307051 16.458683 0.020000
v 15.036623 16.400304 0.020000
v 15.037687 16.465296 0.020000
v 14.768250 16.402500 0.020000
v 14.768250 16.467500 0.020000
v -14.768250 16.402500 0.020000
v -14.768250 16.467500 0.020000
v -15.036623 16.400304 0.020000
v -15.037687 16.465296 0.020000
v -15.304925 16.393718 0.020000
v -15.307051 16.458683 0.020000
v -15.573083 16.382742 0.020000
v -15.576272 16.447664 0.020000
v -15.841025 16.367381 0.020000
v -15.845276 16.432242 0.020000
v -16.108680 16.347638 0.020000
v -16.113992 16.412420 0.020000
v -16.375976 16.323517 0.020000
v -16.382347 16.388204 0.020000
v -16.642842 16.295027 0.020000
v -16.650271 16.359601 0.020000
v -16.909206 16.262174 0.020000
v -16.917690 16.326618 0.020000
v -17.174997 16.224968 0.020000
v -17.184534 16.289264 0.020000
v -17.440143 16.183417 0.020000
v -17.450731 16.247549 0.020000
v -17.704574 16.137534 0.020000
v -17.716210 16.201484 0.020000
v -17.968219 16.087331 0.020000
v -17.980900 16.151082 0.020000
v -18.231007 16.032820 0.020000
v -18.244729 16.096355 0.020000
v -18.492868 15.974017 0.020000
v -18.507628 16.037319 0.020000
v -18.753732 15.910938 0.020000
v -18.769526 15.973990 0.020000
v -19.013529 15.843598 0.020000
v -19.030353 15.906384 0.020000
v -19.272190 15.772017 0.020000
v -19.290038 15.834519 0.020000
v -19.529644 15.696214 0.020000
v -19.548513 15.758415 0.020000
v -19.785824 15.616208 0.020000
v -19.805708 15.678092 0.020000
v -20.040661 15.532021 0.020000
v -20.061554 15.593572 0.020000
v -20.294086 15.443677 0.020000
v -20.315984 15.504877 0.020000
v -20.546031 15.351197 0.020000
v -20.568928 15.412031 0.020000
v -20.796430 15.254608 0.020000
v -20.820319 15.315059 0.020000
v -21.045215 15.153934 0.020000
v -21.070089 15.213986 0.020000
v -21.292319 15.049203 0.020000
v -21.318173 15.108841 0.020000
v -21.537677 14.940444 0.020000
v -21.564503 14.999650 0.020000
v -21.781222 14.827684 0.020000
v -21.809014 14.886444 0.020000
v -22.022890 14.710955 0.020000
v -22.051639 14.769252 0.020000
v -22.262616 14.590287 0.020000
v -22.292315 14.648106 0.020000
v -22.500335 14.465714 0.020000
v -22.530976 14.523038 0.020000
v -22.735984 14.337267 0.020000
v -22.767559 14.394083 0.020000
v -22.969500 14.204982 0.020000
v -23.002000 14.261273 0.020000
v -23.200820 14.068894 0.020000
v -23.234237 14.124646 0.020000
v -23.429883 13.929039 0.020000
v -23.464207 13.984237 0.020000
v -23.656627 13.785455 0.020000
v -23.691850 13.840084 0.020000
v -23.880991 13.638180 0.020000
v -23.917103 13.692226 0.020000
v -24.102915 13.487254 0.020000
v -24.139907 13.540702 0.020000
v -24.322340 13.332718 0.020000
v -24.360201 13.385553 0.020000
v -24.539208 13.174612 0.020000
v -24.577928 13.226820 0.020000
v -24.753459 13.012978 0.020000
v -24.793029 13.064546 0.020000
v -24.965038 12.847861 0.020000
v -25.005445 12.898775 0.020000
v -25.173886 12.679304 0.020000
v -25.215121 12.729550 0.020000
v -25.379948 12.507352 0.020000
v -25.422000 12.556917 0.020000
v -25.583170 12.332052 0.020000
v -25.626027 12.380922 0.020000
v -25.783496 12.153451 0.020000
v -25.827147 12.201613 0.020000
v -25.980873 11.971595 0.020000
v -26.025306 12.019037 0.020000
v -26.175248 11.786535 0.020000
v -26.220452 11.833243 0.020000
v -26.366569 11.598319 0.020000
v -26.412531 11.644281 0.020000
v -26.554785 11.406998 0.020000
v -26.601493 11.452202 0.020000
v -26.739845 11.212623 0.020000
v -26.787287 11.257056 0.020000
v -26.921701 11.015246 0.020000
v -26.969863 11.058897 0.020000
v -27.100302 10.814920 0.020000
v -27.149172 10.857777 0.020000
v -27.275602 10.611698 0.020000
v -27.325167 10.653750 0.020000
v -27.447554 10.405636 0.020000
v -27.497800 10.446871 0.020000
v -27.616111 10.196788 0.020000
v -27.667025 10.237195 0.020000
v -27.781228 9.985209 0.020000
v -27.832796 10.024779 0.020000
v -27.942862 9.770958 0.020000
v -27.995070 9.809678 0.020000
v -28.100968 9.554090 0.020000
v -28.153803 9.591951 0.020000
v -28.255504 9.334665 0.020000
v -28.308952 9.371657 0.020000
v -28.406430 9.112741 0.020000
v -28.460476 9.148853 0.020000
v -28.553705 8.888377 0.020000
v -28.608334 8.923600 0.020000
v -28.697289 8.661633 0.020000
v -28.752487 8.695957 0.020000
v -28.837144 8.432570 0.020000
v -28.892896 8.465987 0.020000
v -28.973232 8.201250 0.020000
v -29.029523 8.233750 0.020000
v -29.105517 7.967734 0.020000
v -29.162333 7.999309 0.020000
v -29.233964 7.732085 0.020000
v -29.291288 7.762726 0.020000
v -29.358537 7.494366 0.020000
v -29.416356 7.524065 0.020000
v -29.479205 7.254640 0.020000
v -29.537502 7.283389 0.020000
v -29.595934 7.012972 0.020000
v -29.654694 7.040764 0.020000
v -29.708694 6.769427 0.020000
v -29.767900 6.796253 0.020000
v -29.817453 6.524069 0.020000
v -29.877091 6.549923 0.020000
v -29.922184 6.276965 0.020000
v -29.982236 6.301839 0.020000
v -30.022858 6.028180 0.020000
v -30.083309 6.052069 0.020000
v -30.119447 5.777781 0.020000
v -30.180281 5.800678 0.020000
v -30.211927 5.525836 0.020000
v -30.273127 5.547734 0.020000
v -30.300271 5.272411 0.020000
v -30.361822 5.293304 0.020000
v -30.384458 5.017574 0.020000
v -30.446342 5.037458 0.020000
v -30.464464 4.761394 0.020000
v -30.526665 4.780263 0.020000
v -30.540267 4.503940 0.020000
v -30.602769 4.521788 0.020000
v -30.611848 4.245279 0.020000
v -30.674634 4.262103 0.020000
v -30.679188 3.985482 0.020000
v -30.742240 4.001276 0.020000
v -30.742267 3.724618 0.020000
v -30.805569 3.739378 0.020000
v -30.801070 3.462757 0.020000
v -30.864605 3.476479 0.020000
v -30.855581 3.199969 0.020000
v -30.919332 3.212650 0.020000
v -30.905784 2.936324 0.020000
v -30.969734 2.947960 0.020000
v -30.951667 2.671893 0.020000
v -31.015799 2.682481 0.020000
v -30.993218 2.406747 0.020000
v -31.057514 2.416284 0.020000
v -31.030424 2.140956 0.020000
v -31.094868 2.149440 0.020000
v -31.063277 1.874592 0.020000
v -31.127851 1.882021 0.020000
v -31.091767 1.607726 0.020000
v -31.156454 1.614097 0.020000
v -31.115888 1.340430 0.020000
v -31.180670 1.345742 0.020000
v -31.135631 1.072775 0.020000
v -31.200492 1.077026 0.020000
v -31.150992 0.804833 0.020000
v -31.215914 0.808022 0.020000
v -31.161968 0.536675 0.020000
v -31.226933 0.538801 0.020000
v -31.168554 0.268373 0.020000
v -31.233546 0.269437 0.020000
v -31.170750 0.000000 0.020000
v -31.235750 0.000000 0.020000
v -31.168554 -0.268373 0.020000
v -31.233546 -0.269437 0.020000
v -31.161968 -0.536675 0.020000
v -31.226933 -0.538801 0.020000
v -31.150992 -0.804833 0.020000
v -31.215914 -0.808022 0.020000
v -31.135631 -1.072775 0.020000
v -31.200492 -1.077026 0.020000
v -31.115888 -1.340430 0.020000
v -31.180670 -1.345742 0.020000
v -31.091767 -1.607726 0.020000
v -31.156454 -1.614097 0.020000
v -31.063277 -1.874592 0.020000
v -31.127851 -1.882021 0.020000
v -31.030424 -2.140956 0.020000
v -31.094868 -2.149440 0.020000
v -30.993218 -2.406747 0.020000
v -31.057514 -2.416284 0.020000
v -30.951667 -2.671893 0.020000
v -31.015799 -2.682481 0.020000
v -30.905784 -2.936324 0.020000
v -30.969734 -2.947960 0.020000
v -30.855581 -3.199969 0.020000
v -30.919332 -3.212650 0.020000
v -30.801070 -3.462757 0.020000
v -30.864605 -3.476479 0.020000
v -30.742267 -3.724618 0.020000
v -30.805569 -3.739378 0.020000
v -30.679188 -3.985482 0.020000
v -30.742240 -4.001276 0.020000
v -30.611848 -4.245279 0.020000
v -30.674634 -4.262103 0.020000
v -30.540267 -4.503940 0.020000
v -30.602769 -4.521788 0.020000
v -30.464464 -4.761394 0.020000
v -30.526665 -4.780263 0.020000
v -30.384458 -5.017574 0.020000
v -30.446342 -5.037458 0.020000
v -30.300271 -5.272411 0.020000
v -30.361822 -5.293304 0.020000
v -30.211927 -5.525836 0.020000
v -30.273127 -5.547734 0.020000
v -30.119447 -5.777781 0.020000
v -30.180281 -5.800678 0.020000
v -30.022858 -6.028180 0.020000
v -30.083309 -6.052069 0.020000
v -29.922184 -6.276965 0.020000
v -29.982236 -6.301839 0.020000
v -29.817453 -6.524069 0.020000
v -29.877091 -6.549923 0.020000
v -29.708694 -6.769427 0.020000
v -29.767900 -6.796253 0.020000
v -29.595934 -7.012972 0.020000
v -29.654694 -7.040764 0.020000
v -29.479205 -7.254640 0.020000
v -29.537502 -7.283389 0.020000
v -29.358537 -7.494366 0.020000
v -29.416356 -7.524065 0.020000
v -29.233964 -7.732085 0.020000
v -29.291288 -7.762726 0.020000
v -29.105517 -7.967734 0.020000
v -29.162333 -7.999309 0.020000
v -28.973232 -8.201250 0.020000
v -29.029523 -8.233750 0.020000
v -28.837144 -8.432570 0.020000
v -28.892896 -8.465987 0.020000
v -28.697289 -8.661633 0.020000
v -28.752487 -8.695957 0.020000
v -28.553705 -8.888377 0.020000
v -28.608334 -8.923600 0.020000
v -28.406430 -9.112741 0.020000
v -28.460476 -9.148853 0.020000
v -28.255504 -9.334665 0.020000
v -28.308952 -9.371657 0.020000
v -28.100968 -9.554090 0.020000
v -28.153803 -9.591951 0.020000
v -27.942862 -9.770958 0.020000
v -27.995070 -9.809678 0.020000
v -27.781228 -9.985209 0.020000
v -27.832796 -10.024779 0.020000
v -27.616111 -10.196788 0.020000
v -27.667025 -10.237195 0.020000
v -27.447554 -10.405636 0.020000
v -27.497800 -10.446871 0.020000
v -27.275602 -10.611698 0.020000
v -27.325167 -10.653750 0.020000
v -27.100302 -10.814920 0.020000
v -27.149172 -10.857777 0.020000
v -26.921701 -11.015246 0.020000
v -26.969863 -11.058897 0.020000
v -26.739845 -11.212623 0.020000
v -26.787287 -11.257056 0.020000
v -26.554785 -11.406998 0.020000
v -26.601493 -11.452202 0.020000
v -26.366569 -11.598319 0.020000
v -26.412531 -11.644281 0.020000
v -26.175248 -11.786535 0.020000
v -26.220452 -11.833243 0.020000
v -25.980873 -11.971595 0.020000
v -26.025306 -12.019037 0.020000
v -25.783496 -12.153451 0.020000
v -25.827147 -12.201613 0.020000
v -25.583170 -12.332052 0.020000
v -25.626027 -12.380922 0.020000
v -25.379948 -12.507352 0.020000
v -25.422000 -12.556917 0.020000
v -25.173886 -12.679304 0.020000
v -25.215121 -12.729550 0.020000
v -24.965038 -12.847861 0.020000
v -25.005445 -12.898775 0.020000
v -24.753459 -13.012978 0.020000
v -24.793029 -13.064546 0.020000
v -24.539208 -13.174612 0.020000
v -24.577928 -13.226820 0.020000
v -24.322340 -13.332718 0.020000
v -24.360201 -13.385553 0.020000
v -24.102915 -13.487254 0.020000
v -24.139907 -13.540702 0.020000
v -23.880991 -13.638180 0.020000
v -23.917103 -13.692226 0.020000
v -23.656627 -13.785455 0.020000
v -23.691850 -13.840084 0.020000
v -23.429883 -13.929039 0.020000
v -23.464207 -13.984237 0.020000
v -23.200820 -14.068894 0.020000
v -23.234237 -14.124646 0.020000
v -22.969500 -14.204982 0.020000
v -23.002000 -14.261273 0.020000
v -22.735984 -14.337267 0.020000
v -22.767559 -14.394083 0.020000
v -22.500335 -14.465714 0.020000
v -22.530976 -14.523038 0.020000
v -22.262616 -14.590287 0.020000
v -22.292315 -14.648106 0.020000
v -22.022890 -14.710955 0.020000
v -22.051639 -14.769252 0.020000
v -21.781222 -14.827684 0.020000
v -21.809014 -14.886444 0.020000
v -21.537677 -14.940444 0.020000
v -21.564503 -14.999650 0.020000
v -21.292319 -15.049203 0.020000
v -21.318173 -15.108841 0.020000
v -21.045215 -15.153934 0.020000
v -21.070089 -15.213986 0.020000
v -20.796430 -15.254608 0.020000
v -20.820319 -15.315059 0.020000
v -20.546031 -15.351197 0.020000
v -20.568928 -15.412031 0.020000
v -20.294086 -15.443677 0.020000
v -20.315984 -15.504877 0.020000
v -20.040661 -15.532021 0.020000
v -20.061554 -15.593572 0.020000
v -19.785824 -15.616208 0.020000
v -19.805708 -15.678092 0.020000
v -19.529644 -15.696214 0.020000
v -19.548513 -15.758415 0.020000
v -19.272190 -15.772017 0.020000
v -19.290038 -15.834519 0.020000
v -19.013529 -15.843598 0.020000
v -19.030353 -15.906384 0.020000
v -18.753732 -15.910938 0.020000
v -18.769526 -15.973990 0.020000
v -18.492868 -15.974017 0.020000
v -18.507628 -16.037319 0.020000
v -18.231007 -16.032820 0.020000
v -18.244729 -16.096355 0.020000
v -17.968219 -16.087331 0.020000
v -17.980900 -16.151082 0.020000
v -17.704574 -16.137534 0.020000
v -17.716210 -16.201484 0.020000
v -17.440143 -16.183417 0.020000
v -17.450731 -16.247549 0.020000
v -17.174997 -16.224968 0.020000
v -17.184534 -16.289264 0.020000
v -16.909206 -16.262174 0.020000
v -16.917690 -16.326618 0.020000
v -16.642842 -16.295027 0.020000
v -16.650271 -16.359601 0.020000
v -16.375976 -16.323517 0.020000
v -16.382347 -16.388204 0.020000
v -16.108680 -16.347638 0.020000
v -16.113992 -16.412420 0.020000
v -15.841025 -16.367381 0.020000
v -15.845276 -16.432242 0.020000
v -15.573083 -16.382742 0.020000
v -15.576272 -16.447664 0.020000
v -15.304925 -16.393718 0.020000
v -15.307051 -16.458683 0.020000
v -15.036623 -16.400304 0.020000
v -15.037687 -16.465296 0.020000
v -14.768250 -16.402500 0.020000
v -14.768250 -16.467500 0.020000
v -14.768250 17.622500 0.020000
v 14.768250 17.622500 0.020000
v 14.768250 17.687500 0.020000
v -14.768250 17.687500 0.020000
v 14.768250 -17.622500 0.020000
v -14.768250 -17.622500 0.020000
v -14.768250 -17.687500 0.020000
v 14.768250 -17.687500 0.020000
v 14.768250 -17.622500 0.020000
v 14.768250 -17.687500 0.020000
v 15.056585 -17.620141 0.020000
v 15.057648 -17.685132 0.020000
v 15.344842 -17.613065 0.020000
v 15.346969 -17.678030 0.020000
v 15.632945 -17.601273 0.020000
v 15.636134 -17.666195 0.020000
v 15.920817 -17.584769 0.020000
v 15.925068 -17.649630 0.020000
v 16.208380 -17.563557 0.020000
v 16.213691 -17.628340 0.020000
v 16.495557 -17.537643 0.020000
v 16.501928 -17.602330 0.020000
v 16.782272 -17.507033 0.020000
v 16.789701 -17.571608 0.020000
v 17.068448 -17.471737 0.020000
v 17.076932 -17.536181 0.020000
v 17.354008 -17.431763 0.020000
v 17.363545 -17.496060 0.020000
v 17.638875 -17.387122 0.020000
v 17.649464 -17.451254 0.020000
v 17.922975 -17.337826 0.020000
v 17.934611 -17.401776 0.020000
v 18.206229 -17.283889 0.020000
v 18.218910 -17.347640 0.020000
v 18.488563 -17.225324 0.020000
v 18.502286 -17.288859 0.020000
v 18.769901 -17.162147 0.020000
v 18.784661 -17.225449 0.020000
v 19.050168 -17.094376 0.020000
v 19.065962 -17.157428 0.020000
v 19.329289 -17.022028 0.020000
v 19.346112 -17.084813 0.020000
v 19.607188 -16.945123 0.020000
v 19.625036 -17.007624 0.020000
v 19.883792 -16.863681 0.020000
v 19.902660 -16.925882 0.020000
v 20.159026 -16.777725 0.020000
v 20.178910 -16.839609 0.020000
v 20.432817 -16.687276 0.020000
v 20.453711 -16.748827 0.020000
v 20.705091 -16.592360 0.020000
v 20.726989 -16.653561 0.020000
v 20.975776 -16.493002 0.020000
v 20.998673 -16.553836 0.020000
v 21.244800 -16.389229 0.020000
v 21.268688 -16.449680 0.020000
v 21.512089 -16.281067 0.020000
v 21.536963 -16.341119 0.020000
v 21.777572 -16.168547 0.020000
v 21.803426 -16.228184 0.020000
v 22.041180 -16.051698 0.020000
v 22.068006 -16.110904 0.020000
v 22.302840 -15.930551 0.020000
v 22.330631 -15.989311 0.020000
v 22.562482 -15.805140 0.020000
v 22.591231 -15.863437 0.020000
v 22.820039 -15.675497 0.020000
v 22.849737 -15.733316 0.020000
v 23.075439 -15.541657 0.020000
v 23.106080 -15.598982 0.020000
v 23.328615 -15.403657 0.020000
v 23.360190 -15.460473 0.020000
v 23.579500 -15.261533 0.020000
v 23.612000 -15.317824 0.020000
v 23.828026 -15.115322 0.020000
v 23.861442 -15.171075 0.020000
v 24.074126 -14.965065 0.020000
v 24.108450 -15.020264 0.020000
v 24.317734 -14.810802 0.020000
v 24.352957 -14.865431 0.020000
v 24.558786 -14.652573 0.020000
v 24.594898 -14.706619 0.020000
v 24.797217 -14.490422 0.020000
v 24.834209 -14.543869 0.020000
v 25.032963 -14.324391 0.020000
v 25.070824 -14.377226 0.020000
v 25.265961 -14.154525 0.020000
v 25.304681 -14.206733 0.020000
v 25.496148 -13.980869 0.020000
v 25.535718 -14.032437 0.020000
v 25.723463 -13.803471 0.020000
v 25.763871 -13.854384 0.020000
v 25.947846 -13.622377 0.020000
v 25.989081 -13.672622 0.020000
v 26.169235 -13.437636 0.020000
v 26.211287 -13.487200 0.020000
v 26.387572 -13.249297 0.020000
v 26.430429 -13.298167 0.020000
v 26.602798 -13.057411 0.020000
v 26.646449 -13.105573 0.020000
v 26.814855 -12.862030 0.020000
v 26.859289 -12.909471 0.020000
v 27.023688 -12.663205 0.020000
v 27.068892 -12.709912 0.020000
v 27.229239 -12.460989 0.020000
v 27.275201 -12.506951 0.020000
v 27.431455 -12.255438 0.020000
v 27.478162 -12.300642 0.020000
v 27.630280 -12.046605 0.020000
v 27.677721 -12.091039 0.020000
v 27.825661 -11.834548 0.020000
v 27.873823 -11.878199 0.020000
v 28.017547 -11.619322 0.020000
v 28.066417 -11.662179 0.020000
v 28.205886 -11.400985 0.020000
v 28.255450 -11.443037 0.020000
v 28.390627 -11.179596 0.020000
v 28.440872 -11.220831 0.020000
v 28.571721 -10.955213 0.020000
v 28.622634 -10.995621 0.020000
v 28.749119 -10.727898 0.020000
v 28.800687 -10.767468 0.020000
v 28.922775 -10.497711 0.020000
v 28.974983 -10.536431 0.020000
v 29.092641 -10.264713 0.020000
v 29.145476 -10.302574 0.020000
v 29.258672 -10.028967 0.020000
v 29.312119 -10.065959 0.020000
v 29.420823 -9.790536 0.020000
v 29.474869 -9.826648 0.020000
v 29.579052 -9.549484 0.020000
v 29.633681 -9.584707 0.020000
v 29.733315 -9.305876 0.020000
v 29.788514 -9.340200 0.020000
v 29.883572 -9.059776 0.020000
v 29.939325 -9.093192 0.020000
v 30.029783 -8.811250 0.020000
v 30.086074 -8.843750 0.020000
v 30.171907 -8.560365 0.020000
v 30.228723 -8.591940 0.020000
v 30.309907 -8.307189 0.020000
v 30.367232 -8.337830 0.020000
v 30.443747 -8.051789 0.020000
v 30.501566 -8.081487 0.020000
v 30.573390 -7.794232 0.020000
v 30.631687 -7.822981 0.020000
v 30.698801 -7.534590 0.020000
v 30.757561 -7.562381 0.020000
v 30.819948 -7.272930 0.020000
v 30.879154 -7.299756 0.020000
v 30.936797 -7.009322 0.020000
v 30.996434 -7.035176 0.020000
v 31.049317 -6.743839 0.020000
v 31.109369 -6.768713 0.020000
v 31.157479 -6.476550 0.020000
v 31.217930 -6.500438 0.020000
v 31.261252 -6.207526 0.020000
v 31.322086 -6.230423 0.020000
v 31.360610 -5.936841 0.020000
v 31.421811 -5.958739 0.020000
v 31.455526 -5.664567 0.020000
v 31.517077 -5.685461 0.020000
v 31.545975 -5.390776 0.020000
v 31.607859 -5.410660 0.020000
v 31.631931 -5.115542 0.020000
v 31.694132 -5.134410 0.020000
v 31.713373 -4.838938 0.020000
v 31.775874 -4.856786 0.020000
v 31.790278 -4.561039 0.020000
v 31.853063 -4.577862 0.020000
v 31.862626 -4.281918 0.020000
v 31.925678 -4.297712 0.020000
v 31.930397 -4.001651 0.020000
v 31.993699 -4.016411 0.020000
v 31.993574 -3.720313 0.020000
v 32.057109 -3.734036 0.020000
v 32.052139 -3.437979 0.020000
v 32.115890 -3.450660 0.020000
v 32.106076 -3.154725 0.020000
v 32.170026 -3.166361 0.020000
v 32.155372 -2.870625 0.020000
v 32.219504 -2.881214 0.020000
v 32.200013 -2.585758 0.020000
v 32.264310 -2.595295 0.020000
v 32.239987 -2.300198 0.020000
v 32.304431 -2.308682 0.020000
v 32.275283 -2.014022 0.020000
v 32.339858 -2.021451 0.020000
v 32.305893 -1.727307 0.020000
v 32.370580 -1.733678 0.020000
v 32.331807 -1.440130 0.020000
v 32.396590 -1.445441 0.020000
v 32.353019 -1.152567 0.020000
v 32.417880 -1.156818 0.020000
v 32.369523 -0.864695 0.020000
v 32.434445 -0.867884 0.020000
v 32.381315 -0.576592 0.020000
v 32.446280 -0.578719 0.020000
v 32.388391 -0.288335 0.020000
v 32.453382 -0.289398 0.020000
v 32.390750 0.000000 0.020000
v 32.455750 0.000000 0.020000
v 32.388391 0.288335 0.020000
v 32.453382 0.289398 0.020000
v 32.381315 0.576592 0.020000
v 32.446280 0.578719 0.020000
v 32.369523 0.864695 0.020000
v 32.434445 0.867884 0.020000
v 32.353019 1.152567 0.020000
v 32.417880 1.156818 0.020000
v 32.331807 1.440130 0.020000
v 32.396590 1.445441 0.020000
v 32.305893 1.727307 0.020000
v 32.370580 1.733678 0.020000
v 32.275283 2.014022 0.020000
v 32.339858 2.021451 0.020000
v 32.239987 2.300198 0.020000
v 32.304431 2.308682 0.020000
v 32.200013 2.585758 0.020000
v 32.264310 2.595295 0.020000
v 32.155372 2.870625 0.020000
v 32.219504 2.881214 0.020000
v 32.106076 3.154725 0.020000
v 32.170026 3.166361 0.020000
v 32.052139 3.437979 0.020000
v 32.115890 3.450660 0.020000
v 31.993574 3.720313 0.020000
v 32.057109 3.734036 0.020000
v 31.930397 4.001651 0.020000
v 31.993699 4.016411 0.020000
v 31.862626 4.281918 0.020000
v 31.925678 4.297712 0.020000
v 31.790278 4.561039 0.020000
v 31.853063 4.577862 0.020000
v 31.713373 4.838938 0.020000
v 31.775874 4.856786 0.020000
v 31.631931 5.115542 0.020000
v 31.694132 5.134410 0.020000
v 31.545975 5.390776 0.020000
v 31.607859 5.410660 0.020000
v 31.455526 5.664567 0.020000
v 31.517077 5.685461 0.020000
v 31.360610 5.936841 0.020000
v 31.421811 5.958739 0.020000
v 31.261252 6.207526 0.020000
v 31.322086 6.230423 0.020000
v 31.157479 6.476550 0.020000
v 31.217930 6.500438 0.020000
v 31.049317 6.743839 0.020000
v 31.109369 6.768713 0.020000
v 30.936797 7.009322 0.020000
v 30.996434 7.035176 0.020000
v 30.819948 7.272930 0.020000
v 30.879154 7.299756 0.020000
v 30.698801 7.534590 0.020000
v 30.757561 7.562381 0.020000
v 30.573390 7.794232 0.020000
v 30.631687 7.822981 0.020000
v 30.443747 8.051789 0.020000
v 30.501566 8.081487 0.020000
v 30.309907 8.307189 0.020000
v 30.367232 8.337830 0.020000
v 30.171907 8.560365 0.020000
v 30.228723 8.591940 0.020000
v 30.029783 8.811250 0.020000
v 30.086074 8.843750 0.020000
v 29.883572 9.059776 0.020000
v 29.939325 9.093192 0.020000
v 29.733315 9.305876 0.020000
v 29.788514 9.340200 0.020000
v 29.579052 9.549484 0.020000
v 29.633681 9.584707 0.020000
v 29.420823 9.790536 0.020000
v 29.474869 9.826648 0.020000
v 29.258672 10.028967 0.020000
v 29.312119 10.065959 0.020000
v 29.092641 10.264713 0.020000
v 29.145476 10.302574 0.020000
v 28.922775 10.497711 0.020000
v 28.974983 10.536431 0.020000
v 28.749119 10.727898 0.020000
v 28.800687 10.767468 0.020000
v 28.571721 10.955213 0.020000
v 28.622634 10.995621 0.020000
v 28.390627 11.179596 0.020000
v 28.440872 11.220831 0.020000
v 28.205886 11.400985 0.020000
v 28.255450 11.443037 0.020000
v 28.017547 11.619322 0.020000
v 28.066417 11.662179 0.020000
v 27.825661 11.834548 0.020000
v 27.873823 11.878199 0.020000
v 27.630280 12.046605 0.020000
v 27.677721 12.091039 0.020000
v 27.431455 12.255438 0.020000
v 27.478162 12.300642 0.020000
v 27.229239 12.460989 0.020000
v 27.275201 12.506951 0.020000
v 27.023688 12.663205 0.020000
v 27.068892 12.709912 0.020000
v 26.814855 12.862030 0.020000
v 26.859289 12.909471 0.020000
v 26.602798 13.057411 0.020000
v 26.646449 13.105573 0.020000
v 26.387572 13.249297 0.020000
v 26.430429 13.298167 0.020000
v 26.169235 13.437636 0.020000
v 26.211287 13.487200 0.020000
v 25.947846 13.622377 0.020000
v 25.989081 13.672622 0.020000
v 25.723463 13.803471 0.020000
v 25.763871 13.854384 0.020000
v 25.496148 13.980869 0.020000
v 25.535718 14.032437 0.020000
v 25.265961 14.154525 0.020000
v 25.304681 14.206733 0.020000
v 25.032963 14.324391 0.020000
v 25.070824 14.377226 0.020000
v 24.797217 14.490422 0.020000
v 24.834209 14.543869 0.020000
v 24.558786 14.652573 0.020000
v 24.594898 14.706619 0.020000
v 24.317734 14.810802 0.020000
v 24.352957 14.865431 0.020000
v 24.074126 14.965065 0.020000
v 24.108450 15.020264 0.020000
v 23.828026 15.115322 0.020000
v 23.861442 15.171075 0.020000
v 23.579500 15.261533 0.020000
v 23.612000 15.317824 0.020000
v 23.328615 15.403657 0.020000
v 23.360190 15.460473 0.020000
v 23.075439 15.541657 0.020000
v 23.106080 15.598982 0.020000
v 22.820039 15.675497 0.020000
v 22.849737 15.733316 0.020000
v 22.562482 15.805140 0.020000
v 22.591231 15.863437 0.020000
v 22.302840 15.930551 0.020000
v 22.330631 15.989311 0.020000
v 22.041180 16.051698 0.020000
v 22.068006 16.110904 0.020000
v 21.777572 16.168547 0.020000
v 21.803426 16.228184 0.020000
v 21.512089 16.281067 0.020000
v 21.536963 16.341119 0.020000
v 21.244800 16.389229 0.020000
v 21.268688 16.449680 0.020000
v 20.975776 16.493002 0.020000
v 20.998673 16.553836 0.020000
v 20.705091 16.592360 0.020000
v 20.726989 16.653561 0.020000
v 20.432817 16.687276 0.020000
v 20.453711 16.748827 0.020000
v 20.159026 16.777725 0.020000
v 20.178910 16.839609 0.020000
v 19.883792 16.863681 0.020000
v 19.902660 16.925882 0.020000
v 19.607188 16.945123 0.020000
v 19.625036 17.007624 0.020000
v 19.329289 17.022028 0.020000
v 19.346112 17.084813 0.020000
v 19.050168 17.094376 0.020000
v 19.065962 17.157428 0.020000
v 18.769901 17.162147 0.020000
v 18.784661 17.225449 0.020000
v 18.488563 17.225324 0.020000
v 18.502286 17.288859 0.020000
v 18.206229 17.283889 0.020000
v 18.218910 17.347640 0.020000
v 17.922975 17.337826 0.020000
v 17.934611 17.401776 0.020000
v 17.638875 17.387122 0.020000
v 17.649464 17.451254 0.020000
v 17.354008 17.431763 0.020000
v 17.363545 17.496060 0.020000
v 17.068448 17.471737 0.020000
v 17.076932 17.536181 0.020000
v 16.782272 17.507033 0.020000
v 16.789701 17.571608 0.020000
v 16.495557 17.537643 0.020000
v 16.501928 17.602330 0.020000
v 16.208380 17.563557 0.020000
v 16.213691 17.628340 0.020000
v 15.920817 17.584769 0.020000
v 15.925068 17.649630 0.020000
v 15.632945 17.601273 0.020000
v 15.636134 17.666195 0.020000
v 15.344842 17.613065 0.020000
v 15.346969 17.678030 0.020000
v 15.056585 17.620141 0.020000
v 15.057648 17.685132 0.020000
v 14.768250 17.622500 0.020000
v 14.768250 17.687500 0.020000
v -14.768250 17.622500 0.020000
v -14.768250 17.687500 0.020000
v -15.056585 17.620141 0.020000
v -15.057648 17.685132 0.020000
v -15.344842 17.613065 0.020000
v -15.346969 17.678030 0.020000
v -15.632945 17.601273 0.020000
v -15.636134 17.666195 0.020000
v -15.920817 17.584769 0.020000
v -15.925068 17.649630 0.020000
v -16.208380 17.563557 0.020000
v -16.213691 17.628340 0.020000
v -16.495557 17.537643 0.020000
v -16.501928 17.602330 0.020000
v -16.782272 17.507033 0.020000
v -16.789701 17.571608 0.020000
v -17.068448 17.471737 0.020000
v -17.076932 17.536181 0.020000
v -17.354008 17.431763 0.020000
v -17.363545 17.496060 0.020000
v -17.638875 17.387122 0.020000
v -17.649464 17.451254 0.020000
v -17.922975 17.337826 0.020000
v -17.934611 17.401776 0.020000
v -18.206229 17.283889 0.020000
v -18.218910 17.347640 0.020000
v -18.488563 17.225324 0.020000
v -18.502286 17.288859 0.020000
v -18.769901 17.162147 0.020000
v -18.784661 17.225449 0.020000
v -19.050168 17.094376 0.020000
v -19.065962 17.157428 0.020000
v -19.329289 17.022028 0.020000
v -19.346112 17.084813 0.020000
v -19.607188 16.945123 0.020000
v -19.625036 17.007624 0.020000
v -19.883792 16.863681 0.020000
v -19.902660 16.925882 0.020000
v -20.159026 16.777725 0.020000
v -20.178910 16.839609 0.020000
v -20.432817 16.687276 0.020000
v -20.453711 16.748827 0.020000
v -20.705091 16.592360 0.020000
v -20.726989 16.653561 0.020000
v -20.975776 16.493002 0.020000
v -20.998673 16.553836 0.020000
v -21.244800 16.389229 0.020000
v -21.268688 16.449680 0.020000
v -21.512089 16.281067 0.020000
v -21.536963 16.341119 0.020000
v -21.777572 16.168547 0.020000
v -21.803426 16.228184 0.020000
v -22.041180 16.051698 0.020000
v -22.068006 16.110904 0.020000
v -22.302840 15.930551 0.020000
v -22.330631 15.989311 0.020000
v -22.562482 15.805140 0.020000
v -22.591231 15.863437 0.020000
v -22.820039 15.675497 0.020000
v -22.849737 15.733316 0.020000
v -23.075439 15.541657 0.020000
v -23.106080 15.598982 0.020000
v -23.328615 15.403657 0.020000
v -23.360190 15.460473 0.020000
v -23.579500 15.261533 0.020000
v -23.612000 15.317824 0.020000
v -23.828026 15.115322 0.020000
v -23.861442 15.171075 0.020000
v -24.074126 14.965065 0.020000
v -24.108450 15.020264 0.020000
v -24.317734 14.810802 0.020000
v -24.352957 14.865431 0.020000
v -24.558786 14.652573 0.020000
v -24.594898 14.706619 0.020000
v -24.797217 14.490422 0.020000
v -24.834209 14.543869 0.020000
v -25.032963 14.324391 0.020000
v -25.070824 14.377226 0.020000
v -25.265961 14.154525 0.020000
v -25.304681 14.206733 0.020000
v -25.496148 13.980869 0.020000
v -25.535718 14.032437 0.020000
v -25.723463 13.803471 0.020000
v -25.763871 13.854384 0.020000
v -25.947846 13.622377 0.020000
v -25.989081 13.672622 0.020000
v -26.169235 13.437636 0.020000
v -26.211287 13.487200 0.020000
v -26.387572 13.249297 0.020000
v -26.430429 13.298167 0.020000
v -26.602798 13.057411 0.020000
v -26.646449 13.105573 0.020000
v -26.814855 12.862030 0.020000
v -26.859289 12.909471 0.020000
v -27.023688 12.663205 0.020000
v -27.068892 12.709912 0.020000
v -27.229239 12.460989 0.020000
v -27.275201 12.506951 0.020000
v -27.431455 12.255438 0.020000
v -27.478162 12.300642 0.020000
v -27.630280 12.046605 0.020000
v -27.677721 12.091039 0.020000
v -27.825661 11.834548 0.020000
v -27.873823 11.878199 0.020000
v -28.017547 11.619322 0.020000
v -28.066417 11.662179 0.020000
v -28.205886 11.400985 0.020000
v -28.255450 11.443037 0.020000
v -28.390627 11.179596 0.020000
v -28.440872 11.220831 0.020000
v -28.571721 10.955213 0.020000
v -28.622634 10.995621 0.020000
v -28.749119 10.727898 0.020000
v -28.800687 10.767468 0.020000
v -28.922775 10.497711 0.020000
v -28.974983 10.536431 0.020000
v -29.092641 10.264713 0.020000
v -29.145476 10.302574 0.020000
v -29.258672 10.028967 0.020000
v -29.312119 10.065959 0.020000
v -29.420823 9.790536 0.020000
v -29.474869 9.826648 0.020000
v -29.579052 9.549484 0.020000
v -29.633681 9.584707 0.020000
v -29.733315 9.305876 0.020000
v -29.788514 9.340200 0.020000
v -29.883572 9.059776 0.020000
v -29.939325 9.093192 0.020000
v -30.029783 8.811250 0.020000
v -30.086074 8.843750 0.020000
v -30.171907 8.560365 0.020000
v -30.228723 8.591940 0.020000
v -30.309907 8.307189 0.020000
v -30.367232 8.337830 0.020000
v -30.443747 8.051789 0.020000
v -30.501566 8.081487 0.020000
v -30.573390 7.794232 0.020000
v -30.631687 7.822981 0.020000
v -30.698801 7.534590 0.020000
v -30.757561 7.562381 0.020000
v -30.819948 7.272930 0.020000
v -30.879154 7.299756 0.020000
v -30.936797 7.009322 0.020000
v -30.996434 7.035176 0.020000
v -31.049317 6.743839 0.020000
v -31.109369 6.768713 0.020000
v -31.157479 6.476550 0.020000
v -31.217930 6.500438 0.020000
v -31.261252 6.207526 0.020000
v -31.322086 6.230423 0.020000
v -31.360610 5.936841 0.020000
v -31.421811 5.958739 0.020000
v -31.455526 5.664567 0.020000
v -31.517077 5.685461 0.020000
v -31.545975 5.390776 0.020000
v -31.607859 5.410660 0.020000
v -31.631931 5.115542 0.020000
v -31.694132 5.134410 0.020000
v -31.713373 4.838938 0.020000
v -31.775874 4.856786 0.020000
v -31.790278 4.561039 0.020000
v -31.853063 4.577862 0.020000
v -31.862626 4.281918 0.020000
v -31.925678 4.297712 0.020000
v -31.930397 4.001651 0.020000
v -31.993699 4.016411 0.020000
v -31.993574 3.720313 0.020000
v -32.057109 3.734036 0.020000
v -32.052139 3.437979 0.020000
v -32.115890 3.450660 0.020000
v -32.106076 3.154725 0.020000
v -32.170026 3.166361 0.020000
v -32.155372 2.870625 0.020000
v -32.219504 2.881214 0.020000
v -32.200013 2.585758 0.020000
v -32.264310 2.595295 0.020000
v -32.239987 2.300198 0.020000
v -32.304431 2.308682 0.020000
v -32.275283 2.014022 0.020000
v -32.339858 2.021451 0.020000
v -32.305893 1.727307 0.020000
v -32.370580 1.733678 0.020000
v -32.331807 1.440130 0.020000
v -32.396590 1.445441 0.020000
v -32.353019 1.152567 0.020000
v -32.417880 1.156818 0.020000
v -32.369523 0.864695 0.020000
v -32.434445 0.867884 0.020000
v -32.381315 0.576592 0.020000
v -32.446280 0.578719 0.020000
v -32.388391 0.288335 0.020000
v -32.453382 0.289398 0.020000
v -32.390750 0.000000 0.020000
v -32.455750 0.000000 0.020000
v -32.388391 -0.288335 0.020000
v -32.453382 -0.289398 0.020000
v -32.381315 -0.576592 0.020000
v -32.446280 -0.578719 0.020000
v -32.369523 -0.864695 0.020000
v -32.434445 -0.867884 0.020000
v -32.353019 -1.152567 0.020000
v -32.417880 -1.156818 0.020000
v -32.331807 -1.440130 0.020000
v -32.396590 -1.445441 0.020000
v -32.305893 -1.727307 0.020000
v -32.370580 -1.733678 0.020000
v -32.275283 -2.014022 0.020000
v -32.339858 -2.021451 0.020000
v -32.239987 -2.300198 0.020000
v -32.304431 -2.308682 0.020000
v -32.200013 -2.585758 0.020000
v -32.264310 -2.595295 0.020000
v -32.155372 -2.870625 0.020000
v -32.219504 -2.881214 0.020000
v -32.106076 -3.154725 0.020000
v -32.170026 -3.166361 0.020000
v -32.052139 -3.437979 0.020000
v -32.115890 -3.450660 0.020000
v -31.993574 -3.720313 0.020000
v -32.057109 -3.734036 0.020000
v -31.930397 -4.001651 0.020000
v -31.993699 -4.016411 0.020000
v -31.862626 -4.281918 0.020000
v -31.925678 -4.297712 0.020000
v -31.790278 -4.561039 0.020000
v -31.853063 -4.577862 0.020000
v -31.713373 -4.838938 0.020000
v -31.775874 -4.856786 0.020000
v -31.631931 -5.115542 0.020000
v -31.694132 -5.134410 0.020000
v -31.545975 -5.390776 0.020000
v -31.607859 -5.410660 0.020000
v -31.455526 -5.664567 0.020000
v -31.517077 -5.685461 0.020000
v -31.360610 -5.936841 0.020000
v -31.421811 -5.958739 0.020000
v -31.261252 -6.207526 0.020000
v -31.322086 -6.230423 0.020000
v -31.157479 -6.476550 0.020000
v -31.217930 -6.500438 0.020000
v -31.049317 -6.743839 0.020000
v -31.109369 -6.768713 0.020000
v -30.936797 -7.009322 0.020000
v -30.996434 -7.035176 0.020000
v -30.819948 -7.272930 0.020000
v -30.879154 -7.299756 0.020000
v -30.698801 -7.534590 0.020000
v -30.757561 -7.562381 0.020000
v -30.573390 -7.794232 0.020000
v -30.631687 -7.822981 0.020000
v -30.443747 -8.051789 0.020000
v -30.501566 -8.081487 0.020000
v -30.309907 -8.307189 0.020000
v -30.367232 -8.337830 0.020000
v -30.171907 -8.560365 0.020000
v -30.228723 -8.591940 0.020000
v -30.029783 -8.811250 0.020000
v -30.086074 -8.843750 0.020000
v -29.883572 -9.059776 0.020000
v -29.939325 -9.093192 0.020000
v -29.733315 -9.305876 0.020000
v -29.788514 -9.340200 0.020000
v -29.579052 -9.549484 0.020000
v -29.633681 -9.584707 0.020000
v -29.420823 -9.790536 0.020000
v -29.474869 -9.826648 0.020000
v -29.258672 -10.028967 0.020000
v -29.312119 -10.065959 0.020000
v -29.092641 -10.264713 0.020000
v -29.145476 -10.302574 0.020000
v -28.922775 -10.497711 0.020000
v -28.974983 -10.536431 0.020000
v -28.749119 -10.727898 0.020000
v -28.800687 -10.767468 0.020000
v -28.571721 -10.955213 0.020000
v -28.622634 -10.995621 0.020000
v -28.390627 -11.179596 0.020000
v -28.440872 -11.220831 0.020000
v -28.205886 -11.400985 0.020000
v -28.255450 -11.443037 0.020000
v -28.017547 -11.619322 0.020000
v -28.066417 -11.662179 0.020000
v -27.825661 -11.834548 0.020000
v -27.873823 -11.878199 0.020000
v -27.630280 -12.046605 0.020000
v -27.677721 -12.091039 0.020000
v -27.431455 -12.255438 0.020000
v -27.478162 -12.300642 0.020000
v -27.229239 -12.460989 0.020000
v -27.275201 -12.506951 0.020000
v -27.023688 -12.663205 0.020000
v -27.068892 -12.709912 0.020000
v -26.814855 -12.862030 0.020000
v -26.859289 -12.909471 0.020000
v -26.602798 -13.057411 0.020000
v -26.646449 -13.105573 0.020000
v -26.387572 -13.249297 0.020000
v -26.430429 -13.298167 0.020000
v -26.169235 -13.437636 0.020000
v -26.211287 -13.487200 0.020000
v -25.947846 -13.622377 0.020000
v -25.989081 -13.672622 0.020000
v -25.723463 -13.803471 0.020000
v -25.763871 -13.854384 0.020000
v -25.496148 -13.980869 0.020000
v -25.535718 -14.032437 0.020000
v -25.265961 -14.154525 0.020000
v -25.304681 -14.206733 0.020000
v -25.032963 -14.324391 0.020000
v -25.070824 -14.377226 0.020000
v -24.797217 -14.490422 0.020000
v -24.834209 -14.543869 0.020000
v -24.558786 -14.652573 0.020000
v -24.594898 -14.706619 0.020000
v -24.317734 -14.810802 0.020000
v -24.352957 -14.865431 0.020000
v -24.074126 -14.965065 0.020000
v -24.108450 -15.020264 0.020000
v -23.828026 -15.115322 0.020000
v -23.861442 -15.171075 0.020000
v -23.579500 -15.261533 0.020000
v -23.612000 -15.317824 0.020000
v -23.328615 -15.403657 0.020000
v -23.360190 -15.460473 0.020000
v -23.075439 -15.541657 0.020000
v -23.106080 -15.598982 0.020000
v -22.820039 -15.675497 0.020000
v -22.849737 -15.733316 0.020000
v -22.562482 -15.805140 0.020000
v -22.591231 -15.863437 0.020000
v -22.302840 -15.930551 0.020000
v -22.330631 -15.989311 0.020000
v -22.041180 -16.051698 0.020000
v -22.068006 -16.110904 0.020000
v -21.777572 -16.168547 0.020000
v -21.803426 -16.228184 0.020000
v -21.512089 -16.281067 0.020000
v -21.536963 -16.341119 0.020000
v -21.244800 -16.389229 0.020000
v -21.268688 -16.449680 0.020000
v -20.975776 -16.493002 0.020000
v -20.998673 -16.553836 0.020000
v -20.705091 -16.592360 0.020000
v -20.726989 -16.653561 0.020000
v -20.432817 -16.687276 0.020000
v -20.453711 -16.748827 0.020000
v -20.159026 -16.777725 0.020000
v -20.178910 -16.839609 0.020000
v -19.883792 -16.863681 0.020000
v -19.902660 -16.925882 0.020000
v -19.607188 -16.945123 0.020000
v -19.625036 -17.007624 0.020000
v -19.329289 -17.022028 0.020000
v -19.346112 -17.084813 0.020000
v -19.050168 -17.094376 0.020000
v -19.065962 -17.157428 0.020000
v -18.769901 -17.162147 0.020000
v -18.784661 -17.225449 0.020000
v -18.488563 -17.225324 0.020000
v -18.502286 -17.288859 0.020000
v -18.206229 -17.283889 0.020000
v -18.218910 -17.347640 0.020000
v -17.922975 -17.337826 0.020000
v -17.934611 -17.401776 0.020000
v -17.638875 -17.387122 0.020000
v -17.649464 -17.451254 0.020000
v -17.354008 -17.431763 0.020000
v -17.363545 -17.496060 0.020000
v -17.068448 -17.471737 0.020000
v -17.076932 -17.536181 0.020000
v -16.782272 -17.507033 0.020000
v -16.789701 -17.571608 0.020000
v -16.495557 -17.537643 0.020000
v -16.501928 -17.602330 0.020000
v -16.208380 -17.563557 0.020000
v -16.213691 -17.628340 0.020000
v -15.920817 -17.584769 0.020000
v -15.925068 -17.649630 0.020000
v -15.632945 -17.601273 0.020000
v -15.636134 -17.666195 0.020000
v -15.344842 -17.613065 0.020000
v -15.346969 -17.678030 0.020000
v -15.056585 -17.620141 0.020000
v -15.057648 -17.685132 0.020000
v -14.768250 -17.622500 0.020000
v -14.768250 -17.687500 0.020000
v -14.768250 18.842500 0.020000
v 14.768250 18.842500 0.020000
v 14.768250 18.907500 0.020000
v -14.768250 18.907500 0.020000
v 14.768250 -18.842500 0.020000
v -14.768250 -18.842500 0.020000
v -14.768250 -18.907500 0.020000
v 14.768250 -18.907500 0.020000
v 14.768250 -18.842500 0.020000
v 14.768250 -18.907500 0.020000
v 15.076546 -18.839978 0.020000
v 15.077609 -18.904969 0.020000
v 15.384759 -18.832411 0.020000
v 15.386886 -18.897377 0.020000
v 15.692808 -18.819803 0.020000
v 15.695997 -18.884725 0.020000
v 16.000608 -18.802157 0.020000
v 16.004860 -18.867018 0.020000
v 16.308079 -18.779476 0.020000
v 16.313391 -18.844259 0.020000
v 16.615138 -18.751768 0.020000
v 16.621509 -18.816455 0.020000
v 16.921702 -18.719040 0.020000
v 16.929131 -18.783614 0.020000
v 17.227690 -18.681300 0.020000
v 17.236174 -18.745744 0.020000
v 17.533019 -18.638558 0.020000
v 17.542556 -18.702855 0.020000
v 17.837608 -18.590827 0.020000
v 17.848196 -18.654959 0.020000
v 18.141375 -18.538118 0.020000
v 18.153011 -18.602068 0.020000
v 18.444239 -18.480447 0.020000
v 18.456920 -18.544198 0.020000
v 18.746119 -18.417827 0.020000
v 18.759842 -18.481362 0.020000
v 19.046934 -18.350277 0.020000
v 19.061694 -18.413579 0.020000
v 19.346604 -18.277814 0.020000
v 19.362398 -18.340866 0.020000
v 19.645048 -18.200457 0.020000
v 19.661871 -18.263243 0.020000
v 19.942186 -18.118228 0.020000
v 19.960034 -18.180730 0.020000
v 20.237939 -18.031148 0.020000
v 20.256808 -18.093349 0.020000
v 20.532228 -17.939241 0.020000
v 20.552111 -18.001125 0.020000
v 20.824973 -17.842531 0.020000
v 20.845867 -17.904081 0.020000
v 21.116097 -17.741044 0.020000
v 21.137995 -17.802244 0.020000
v 21.405522 -17.634807 0.020000
v 21.428418 -17.695641 0.020000
v 21.693169 -17.523850 0.020000
v 21.717058 -17.584301 0.020000
v 21.978963 -17.408200 0.020000
v 22.003837 -17.468252 0.020000
v 22.262826 -17.287890 0.020000
v 22.288679 -17.347527 0.020000
v 22.544682 -17.162952 0.020000
v 22.571508 -17.222158 0.020000
v 22.824457 -17.033418 0.020000
v 22.852248 -17.092178 0.020000
v 23.102075 -16.899325 0.020000
v 23.130823 -16.957621 0.020000
v 23.377461 -16.760707 0.020000
v 23.407160 -16.818525 0.020000
v 23.650543 -16.617601 0.020000
v 23.681184 -16.674926 0.020000
v 23.921247 -16.470047 0.020000
v 23.952821 -16.526863 0.020000
v 24.189500 -16.318084 0.020000
v 24.222000 -16.374375 0.020000
v 24.455231 -16.161751 0.020000
v 24.488648 -16.217504 0.020000
v 24.718368 -16.001092 0.020000
v 24.752693 -16.056290 0.020000
v 24.978842 -15.836149 0.020000
v 25.014065 -15.890778 0.020000
v 25.236582 -15.666966 0.020000
v 25.272694 -15.721012 0.020000
v 25.491519 -15.493589 0.020000
v 25.528511 -15.547036 0.020000
v 25.743586 -15.316064 0.020000
v 25.781447 -15.368899 0.020000
v 25.992714 -15.134438 0.020000
v 26.031435 -15.186646 0.020000
v 26.238837 -14.948760 0.020000
v 26.278407 -15.000328 0.020000
v 26.481889 -14.759081 0.020000
v 26.522297 -14.809994 0.020000
v 26.721805 -14.565449 0.020000
v 26.763041 -14.615695 0.020000
v 26.958521 -14.367919 0.020000
v 27.000573 -14.417483 0.020000
v 27.191974 -14.166542 0.020000
v 27.234831 -14.215411 0.020000
v 27.422100 -13.961372 0.020000
v 27.465751 -14.009533 0.020000
v 27.648838 -13.752464 0.020000
v 27.693271 -13.799905 0.020000
v 27.872128 -13.539874 0.020000
v 27.917332 -13.586582 0.020000
v 28.091910 -13.323660 0.020000
v 28.137871 -13.369621 0.020000
v 28.308124 -13.103878 0.020000
v 28.354832 -13.149082 0.020000
v 28.520714 -12.880588 0.020000
v 28.568155 -12.925021 0.020000
v 28.729622 -12.653850 0.020000
v 28.777783 -12.697501 0.020000
v 28.934792 -12.423724 0.020000
v 28.983661 -12.466581 0.020000
v 29.136169 -12.190271 0.020000
v 29.185733 -12.232323 0.020000
v 29.333699 -11.953555 0.020000
v 29.383945 -11.994791 0.020000
v 29.527331 -11.713639 0.020000
v 29.578244 -11.754047 0.020000
v 29.717010 -11.470587 0.020000
v 29.768578 -11.510157 0.020000
v 29.902688 -11.224464 0.020000
v 29.954896 -11.263185 0.020000
v 30.084314 -10.975336 0.020000
v 30.137149 -11.013197 0.020000
v 30.261839 -10.723269 0.020000
v 30.315286 -10.760261 0.020000
v 30.435216 -10.468332 0.020000
v 30.489262 -10.504444 0.020000
v 30.604399 -10.210592 0.020000
v 30.659028 -10.245815 0.020000
v 30.769342 -9.950118 0.020000
v 30.824540 -9.984443 0.020000
v 30.930001 -9.686981 0.020000
v 30.985754 -9.720398 0.020000
v 31.086334 -9.421250 0.020000
v 31.142625 -9.453750 0.020000
v 31.238297 -9.152997 0.020000
v 31.295113 -9.184571 0.020000
v 31.385851 -8.882293 0.020000
v 31.443176 -8.912934 0.020000
v 31.528957 -8.609211 0.020000
v 31.586775 -8.638910 0.020000
v 31.667575 -8.333825 0.020000
v 31.725871 -8.362573 0.020000
v 31.801668 -8.056207 0.020000
v 31.860428 -8.083998 0.020000
v 31.931202 -7.776432 0.020000
v 31.990408 -7.803258 0.020000
v 32.056140 -7.494576 0.020000
v 32.115777 -7.520429 0.020000
v 32.176450 -7.210713 0.020000
v 32.236502 -7.235587 0.020000
v 32.292100 -6.924919 0.020000
v 32.352551 -6.948808 0.020000
v 32.403057 -6.637272 0.020000
v 32.463891 -6.660168 0.020000
v 32.509294 -6.347847 0.020000
v 32.570494 -6.369745 0.020000
v 32.610781 -6.056723 0.020000
v 32.672331 -6.077617 0.020000
v 32.707491 -5.763978 0.020000
v 32.769375 -5.783861 0.020000
v 32.799398 -5.469689 0.020000
v 32.861599 -5.488558 0.020000
v 32.886478 -5.173936 0.020000
v 32.948980 -5.191784 0.020000
v 32.968707 -4.876798 0.020000
v 33.031493 -4.893621 0.020000
v 33.046064 -4.578354 0.020000
v 33.109116 -4.594148 0.020000
v 33.118527 -4.278684 0.020000
v 33.181829 -4.293444 0.020000
v 33.186077 -3.977869 0.020000
v 33.249612 -3.991592 0.020000
v 33.248697 -3.675989 0.020000
v 33.312448 -3.688670 0.020000
v 33.306368 -3.373125 0.020000
v 33.370318 -3.384761 0.020000
v 33.359077 -3.069358 0.020000
v 33.423209 -3.079946 0.020000
v 33.406808 -2.764769 0.020000
v 33.471105 -2.774306 0.020000
v 33.449550 -2.459440 0.020000
v 33.513994 -2.467924 0.020000
v 33.487290 -2.153452 0.020000
v 33.551864 -2.160881 0.020000
v 33.520018 -1.846888 0.020000
v 33.584705 -1.853259 0.020000
v 33.547726 -1.539829 0.020000
v 33.612509 -1.545141 0.020000
v 33.570407 -1.232358 0.020000
v 33.635268 -1.236610 0.020000
v 33.588053 -0.924558 0.020000
v 33.652975 -0.927747 0.020000
v 33.600661 -0.616509 0.020000
v 33.665627 -0.618636 0.020000
v 33.608228 -0.308296 0.020000
v 33.673219 -0.309359 0.020000
v 33.610750 0.000000 0.020000
v 33.675750 0.000000 0.020000
v 33.608228 0.308296 0.020000
v 33.673219 0.309359 0.020000
v 33.600661 0.616509 0.020000
v 33.665627 0.618636 0.020000
v 33.588053 0.924558 0.020000
v 33.652975 0.927747 0.020000
v 33.570407 1.232358 0.020000
v 33.635268 1.236610 0.020000
v 33.547726 1.539829 0.020000
v 33.612509 1.545141 0.020000
v 33.520018 1.846888 0.020000
v 33.584705 1.853259 0.020000
v 33.487290 2.153452 0.020000
v 33.551864 2.160881 0.020000
v 33.449550 2.459440 0.020000
v 33.513994 2.467924 0.020000
v 33.406808 2.764769 0.020000
v 33.471105 2.774306 0.020000
v 33.359077 3.069358 0.020000
v 33.423209 3.079946 0.020000
v 33.306368 3.373125 0.020000
v 33.370318 3.384761 0.020000
v 33.248697 3.675989 0.020000
v 33.312448 3.688670 0.020000
v 33.186077 3.977869 0.020000
v 33.249612 3.991592 0.020000
v 33.118527 4.278684 0.020000
v 33.181829 4.293444 0.020000
v 33.046064 4.578354 0.020000
v 33.109116 4.594148 0.020000
v 32.968707 4.876798 0.020000
v 33.031493 4.893621 0.020000
v 32.886478 5.173936 0.020000
v 32.948980 5.191784 0.020000
v 32.799398 5.469689 0.020000
v 32.861599 5.488558 0.020000
v 32.707491 5.763978 0.020000
v 32.769375 5.783861 0.020000
v 32.610781 6.056723 0.020000
v 32.672331 6.077617 0.020000
v 32.509294 6.347847 0.020000
v 32.570494 6.369745 0.020000
v 32.403057 6.637272 0.020000
v 32.463891 6.660168 0.020000
v 32.292100 6.924919 0.020000
v 32.352551 6.948808 0.020000
v 32.176450 7.210713 0.020000
v 32.236502 7.235587 0.020000
v 32.056140 7.494576 0.020000
v 32.115777 7.520429 0.020000
v 31.931202 7.776432 0.020000
v 31.990408 7.803258 0.020000
v 31.801668 8.056207 0.020000
v 31.860428 8.083998 0.020000
v 31.667575 8.333825 0.020000
v 31.725871 8.362573 0.020000
v 31.528957 8.609211 0.020000
v 31.586775 8.638910 0.020000
v 31.385851 8.882293 0.020000
v 31.443176 8.912934 0.020000
v 31.238297 9.152997 0.020000
v 31.295113 9.184571 0.020000
v 31.086334 9.421250 0.020000
v 31.142625 9.453750 0.020000
v 30.930001 9.686981 0.020000
v 30.985754 9.720398 0.020000
v 30.769342 9.950118 0.020000
v 30.824540 9.984443 0.020000
v 30.604399 10.210592 0.020000
v 30.659028 10.245815 0.020000
v 30.435216 10.468332 0.020000
v 30.489262 10.504444 0.020000
v 30.261839 10.723269 0.020000
v 30.315286 10.760261 0.020000
v 30.084314 10.975336 0.020000
v 30.137149 11.013197 0.020000
v 29.902688 11.224464 0.020000
v 29.954896 11.263185 0.020000
v 29.717010 11.470587 0.020000
v 29.768578 11.510157 0.020000
v 29.527331 11.713639 0.020000
v 29.578244 11.754047 0.020000
v 29.333699 11.953555 0.020000
v 29.383945 11.994791 0.020000
v 29.136169 12.190271 0.020000
v 29.185733 12.232323 0.020000
v 28.934792 12.423724 0.020000
v 28.983661 12.466581 0.020000
v 28.729622 12.653850 0.020000
v 28.777783 12.697501 0.020000
v 28.520714 12.880588 0.020000
v 28.568155 12.925021 0.020000
v 28.308124 13.103878 0.020000
v 28.354832 13.149082 0.020000
v 28.091910 13.323660 0.020000
v 28.137871 13.369621 0.020000
v 27.872128 13.539874 0.020000
v 27.917332 13.586582 0.020000
v 27.648838 13.752464 0.020000
v 27.693271 13.799905 0.020000
v 27.422100 13.961372 0.020000
v 27.465751 14.009533 0.020000
v 27.191974 14.166542 0.020000
v 27.234831 14.215411 0.020000
v 26.958521 14.367919 0.020000
v 27.000573 14.417483 0.020000
v 26.721805 14.565449 0.020000
v 26.763041 14.615695 0.020000
v 26.481889 14.759081 0.020000
v 26.522297 14.809994 0.020000
v 26.238837 14.948760 0.020000
v 26.278407 15.000328 0.020000
v 25.992714 15.134438 0.020000
v 26.031435 15.186646 0.020000
v 25.743586 15.316064 0.020000
v 25.781447 15.368899 0.020000
v 25.491519 15.493589 0.020000
v 25.528511 15.547036 0.020000
v 25.236582 15.666966 0.020000
v 25.272694 15.721012 0.020000
v 24.978842 15.836149 0.020000
v 25.014065 15.890778 0.020000
v 24.718368 16.001092 0.020000
v 24.752693 16.056290 0.020000
v 24.455231 16.161751 0.020000
v 24.488648 16.217504 0.020000
v 24.189500 16.318084 0.020000
v 24.222000 16.374375 0.020000
v 23.921247 16.470047 0.020000
v 23.952821 16.526863 0.020000
v 23.650543 16.617601 0.020000
v 23.681184 16.674926 0.020000
v 23.377461 16.760707 0.020000
v 23.407160 16.818525 0.020000
v 23.102075 16.899325 0.020000
v 23.130823 16.957621 0.020000
v 22.824457 17.033418 0.020000
v 22.852248 17.092178 0.020000
v 22.544682 17.162952 0.020000
v 22.571508 17.222158 0.020000
v 22.262826 17.287890 0.020000
v 22.288679 17.347527 0.020000
v 21.978963 17.408200 0.020000
v 22.003837 17.468252 0.020000
v 21.693169 17.523850 0.020000
v 21.717058 17.584301 0.020000
v 21.405522 17.634807 0.020000
v 21.428418 17.695641 0.020000
v 21.116097 17.741044 0.020000
v 21.137995 17.802244 0.020000
v 20.824973 17.842531 0.020000
v 20.845867 17.904081 0.020000
v 20.532228 17.939241 0.020000
v 20.552111 18.001125 0.020000
v 20.237939 18.031148 0.020000
v 20.256808 18.093349 0.020000
v 19.942186 18.118228 0.020000
v 19.960034 18.180730 0.020000
v 19.645048 18.200457 0.020000
v 19.661871 18.263243 0.020000
v 19.346604 18.277814 0.020000
v 19.362398 18.340866 0.020000
v 19.046934 18.350277 0.020000
v 19.061694 18.413579 0.020000
v 18.746119 18.417827 0.020000
v 18.759842 18.481362 0.020000
v 18.444239 18.480447 0.020000
v 18.456920 18.544198 0.020000
v 18.141375 18.538118 0.020000
v 18.153011 18.602068 0.020000
v 17.837608 18.590827 0.020000
v 17.848196 18.654959 0.020000
v 17.533019 18.638558 0.020000
v 17.542556 18.702855 0.020000
v 17.227690 18.681300 0.020000
v 17.236174 18.745744 0.020000
v 16.921702 18.719040 0.020000
v 16.929131 18.783614 0.020000
v 16.615138 18.751768 0.020000
v 16.621509 18.816455 0.020000
v 16.308079 18.779476 0.020000
v 16.313391 18.844259 0.020000
v 16.000608 18.802157 0.020000
v 16.004860 18.867018 0.020000
v 15.692808 18.819803 0.020000
v 15.695997 18.884725 0.020000
v 15.384759 18.832411 0.020000
v 15.386886 18.897377 0.020000
v 15.076546 18.839978 0.020000
v 15.077609 18.904969 0.020000
v 14.768250 18.842500 0.020000
v 14.768250 18.907500 0.020000
v -14.768250 18.842500 0.020000
v -14.768250 18.907500 0.020000
v -15.076546 18.839978 0.020000
v -15.077609 18.904969 0.020000
v -15.384759 18.832411 0.020000
v -15.386886 18.897377 0.020000
v -15.692808 18.819803 0.020000
v -15.695997 18.884725 0.020000
v -16.000608 18.802157 0.020000
v -16.004860 18.867018 0.020000
v -16.308079 18.779476 0.020000
v -16.313391 18.844259 0.020000
v -16.615138 18.751768 0.020000
v -16.621509 18.816455 0.020000
v -16.921702 18.719040 0.020000
v -16.929131 18.783614 0.020000
v -17.227690 18.681300 0.020000
v -17.236174 18.745744 0.020000
v -17.533019 18.638558 0.020000
v -17.542556 18.702855 0.020000
v -17.837608 18.590827 0.020000
v -17.848196 18.654959 0.020000
v -18.141375 18.538118 0.020000
v -18.153011 18.602068 0.020000
v -18.444239 18.480447 0.020000
v -18.456920 18.544198 0.020000
v -18.746119 18.417827 0.020000
v -18.759842 18.481362 0.020000
v -19.046934 18.350277 0.020000
v -19.061694 18.413579 0.020000
v -19.346604 18.277814 0.020000
v -19.362398 18.340866 0.020000
v -19.645048 18.200457 0.020000
v -19.661871 18.263243 0.020000
v -19.942186 18.118228 0.020000
v -19.960034 18.180730 0.020000
v -20.237939 18.031148 0.020000
v -20.256808 18.093349 0.020000
v -20.532228 17.939241 0.020000
v -20.552111 18.001125 0.020000
v -20.824973 17.842531 0.020000
v -20.845867 17.904081 0.020000
v -21.116097 17.741044 0.020000
v -21.137995 17.802244 0.020000
v -21.405522 17.634807 0.020000
v -21.428418 17.695641 0.020000
v -21.693169 17.523850 0.020000
v -21.717058 17.584301 0.020000
v -21.978963 17.408200 0.020000
v -22.003837 17.468252 0.020000
v -22.262826 17.287890 0.020000
v -22.288679 17.347527 0.020000
v -22.544682 17.162952 0.020000
v -22.571508 17.222158 0.020000
v -22.824457 17.033418 0.020000
v -22.852248 17.092178 0.020000
v -23.102075 16.899325 0.020000
v -23.130823 16.957621 0.020000
v -23.377461 16.760707 0.020000
v -23.407160 16.818525 0.020000
v -23.650543 16.617601 0.020000
v -23.681184 16.674926 0.020000
v -23.921247 16.470047 0.020000
v -23.952821 16.526863 0.020000
v -24.189500 16.318084 0.020000
v -24.222000 16.374375 0.020000
v -24.455231 16.161751 0.020000
v -24.488648 16.217504 0.020000
v -24.718368 16.001092 0.020000
v -24.752693 16.056290 0.020000
v -24.978842 15.836149 0.020000
v -25.014065 15.890778 0.020000
v -25.236582 15.666966 0.020000
v -25.272694 15.721012 0.020000
v -25.491519 15.493589 0.020000
v -25.528511 15.547036 0.020000
v -25.743586 15.316064 0.020000
v -25.781447 15.368899 0.020000
v -25.992714 15.134438 0.020000
v -26.031435 15.186646 0.020000
v -26.238837 14.948760 0.020000
v -26.278407 15.000328 0.020000
v -26.481889 14.759081 0.020000
v -26.522297 14.809994 0.020000
v -26.721805 14.565449 0.020000
v -26.763041 14.615695 0.020000
v -26.958521 14.367919 0.020000
v -27.000573 14.417483 0.020000
v -27.191974 14.166542 0.020000
v -27.234831 14.215411 0.020000
v -27.422100 13.961372 0.020000
v -27.465751 14.009533 0.020000
v -27.648838 13.752464 0.020000
v -27.693271 13.799905 0.020000
v -27.872128 13.539874 0.020000
v -27.917332 13.586582 0.020000
v -28.091910 13.323660 0.020000
v -28.137871 13.369621 0.020000
v -28.308124 13.103878 0.020000
v -28.354832 13.149082 0.020000
v -28.520714 12.880588 0.020000
v -28.568155 12.925021 0.020000
v -28.729622 12.653850 0.020000
v -28.777783 12.697501 0.020000
v -28.934792 12.423724 0.020000
v -28.983661 12.466581 0.020000
v -29.136169 12.190271 0.020000
v -29.185733 12.232323 0.020000
v -29.333699 11.953555 0.020000
v -29.383945 11.994791 0.020000
v -29.527331 11.713639 0.020000
v -29.578244 11.754047 0.020000
v -29.717010 11.470587 0.020000
v -29.768578 11.510157 0.020000
v -29.902688 11.224464 0.020000
v -29.954896 11.263185 0.020000
v -30.084314 10.975336 0.020000
v -30.137149 11.013197 0.020000
v -30.261839 10.723269 0.020000
v -30.315286 10.760261 0.020000
v -30.435216 10.468332 0.020000
v -30.489262 10.504444 0.020000
v -30.604399 10.210592 0.020000
v -30.659028 10.245815 0.020000
v -30.769342 9.950118 0.020000
v -30.824540 9.984443 0.020000
v -30.930001 9.686981 0.020000
v -30.985754 9.720398 0.020000
v -31.086334 9.421250 0.020000
v -31.142625 9.453750 0.020000
v -31.238297 9.152997 0.020000
v -31.295113 9.184571 0.020000
v -31.385851 8.882293 0.020000
v -31.443176 8.912934 0.020000
v -31.528957 8.609211 0.020000
v -31.586775 8.638910 0.020000
v -31.667575 8.333825 0.020000
v -31.725871 8.362573 0.020000
v -31.801668 8.056207 0.020000
v -31.860428 8.083998 0.020000
v -31.931202 7.776432 0.020000
v -31.990408 7.803258 0.020000
v -32.056140 7.494576 0.020000
v -32.115777 7.520429 0.020000
v -32.176450 7.210713 0.020000
v -32.236502 7.235587 0.020000
v -32.292100 6.924919 0.020000
v -32.352551 6.948808 0.020000
v -32.403057 6.637272 0.020000
v -32.463891 6.660168 0.020000
v -32.509294 6.347847 0.020000
v -32.570494 6.369745 0.020000
v -32.610781 6.056723 0.020000
v -32.672331 6.077617 0.020000
v -32.707491 5.763978 0.020000
v -32.769375 5.783861 0.020000
v -32.799398 5.469689 0.020000
v -32.861599 5.488558 0.020000
v -32.886478 5.173936 0.020000
v -32.948980 5.191784 0.020000
v -32.968707 4.876798 0.020000
v -33.031493 4.893621 0.020000
v -33.046064 4.578354 0.020000
v -33.109116 4.594148 0.020000
v -33.118527 4.278684 0.020000
v -33.181829 4.293444 0.020000
v -33.186077 3.977869 0.020000
v -33.249612 3.991592 0.020000
v -33.248697 3.675989 0.020000
v -33.312448 3.688670 0.020000
v -33.306368 3.373125 0.020000
v -33.370318 3.384761 0.020000
v -33.359077 3.069358 0.020000
v -33.423209 3.079946 0.020000
v -33.406808 2.764769 0.020000
v -33.471105 2.774306 0.020000
v -33.449550 2.459440 0.020000
v -33.513994 2.467924 0.020000
v -33.487290 2.153452 0.020000
v -33.551864 2.160881 0.020000
v -33.520018 1.846888 0.020000
v -33.584705 1.853259 0.020000
v -33.547726 1.539829 0.020000
v -33.612509 1.545141 0.020000
v -33.570407 1.232358 0.020000
v -33.635268 1.236610 0.020000
v -33.588053 0.924558 0.020000
v -33.652975 0.927747 0.020000
v -33.600661 0.616509 0.020000
v -33.665627 0.618636 0.020000
v -33.608228 0.308296 0.020000
v -33.673219 0.309359 0.020000
v -33.610750 0.000000 0.020000
v -33.675750 0.000000 0.020000
v -33.608228 -0.308296 0.020000
v -33.673219 -0.309359 0.020000
v -33.600661 -0.616509 0.020000
v -33.665627 -0.618636 0.020000
v -33.588053 -0.924558 0.020000
v -33.652975 -0.927747 0.020000
v -33.570407 -1.232358 0.020000
v -33.635268 -1.236610 0.020000
v -33.547726 -1.539829 0.020000
v -33.612509 -1.545141 0.020000
v -33.520018 -1.846888 0.020000
v -33.584705 -1.853259 0.020000
v -33.487290 -2.153452 0.020000
v -33.551864 -2.160881 0.020000
v -33.449550 -2.459440 0.020000
v -33.513994 -2.467924 0.020000
v -33.406808 -2.764769 0.020000
v -33.471105 -2.774306 0.020000
v -33.359077 -3.069358 0.020000
v -33.423209 -3.079946 0.020000
v -33.306368 -3.373125 0.020000
v -33.370318 -3.384761 0.020000
v -33.248697 -3.675989 0.020000
v -33.312448 -3.688670 0.020000
v -33.186077 -3.977869 0.020000
v -33.249612 -3.991592 0.020000
v -33.118527 -4.278684 0.020000
v -33.181829 -4.293444 0.020000
v -33.046064 -4.578354 0.020000
v -33.109116 -4.594148 0.020000
v -32.968707 -4.876798 0.020000
v -33.031493 -4.893621 0.020000
v -32.886478 -5.173936 0.020000
v -32.948980 -5.191784 0.020000
v -32.799398 -5.469689 0.020000
v -32.861599 -5.488558 0.020000
v -32.707491 -5.763978 0.020000
v -32.769375 -5.783861 0.020000
v -32.610781 -6.056723 0.020000
v -32.672331 -6.077617 0.020000
v -32.509294 -6.347847 0.020000
v -32.570494 -6.369745 0.020000
v -32.403057 -6.637272 0.020000
v -32.463891 -6.660168 0.020000
v -32.292100 -6.924919 0.020000
v -32.352551 -6.948808 0.020000
v -32.176450 -7.210713 0.020000
v -32.236502 -7.235587 0.020000
v -32.056140 -7.494576 0.020000
v -32.115777 -7.520429 0.020000
v -31.931202 -7.776432 0.020000
v -31.990408 -7.803258 0.020000
v -31.801668 -8.056207 0.020000
v -31.860428 -8.083998 0.020000
v -31.667575 -8.333825 0.020000
v -31.725871 -8.362573 0.020000
v -31.528957 -8.609211 0.020000
v -31.586775 -8.638910 0.020000
v -31.385851 -8.882293 0.020000
v -31.443176 -8.912934 0.020000
v -31.238297 -9.152997 0.020000
v -31.295113 -9.184571 0.020000
v -31.086334 -9.421250 0.020000
v -31.142625 -9.453750 0.020000
v -30.930001 -9.686981 0.020000
v -30.985754 -9.720398 0.020000
v -30.769342 -9.950118 0.020000
v -30.824540 -9.984443 0.020000
v -30.604399 -10.210592 0.020000
v -30.659028 -10.245815 0.020000
v -30.435216 -10.468332 0.020000
v -30.489262 -10.504444 0.020000
v -30.261839 -10.723269 0.020000
v -30.315286 -10.760261 0.020000
v -30.084314 -10.975336 0.020000
v -30.137149 -11.013197 0.020000
v -29.902688 -11.224464 0.020000
v -29.954896 -11.263185 0.020000
v -29.717010 -11.470587 0.020000
v -29.768578 -11.510157 0.020000
v -29.527331 -11.713639 0.020000
v -29.578244 -11.754047 0.020000
v -29.333699 -11.953555 0.020000
v -29.383945 -11.994791 0.020000
v -29.136169 -12.190271 0.020000
v -29.185733 -12.232323 0.020000
v -28.934792 -12.423724 0.020000
v -28.983661 -12.466581 0.020000
v -28.729622 -12.653850 0.020000
v -28.777783 -12.697501 0.020000
v -28.520714 -12.880588 0.020000
v -28.568155 -12.925021 0.020000
v -28.308124 -13.103878 0.020000
v -28.354832 -13.149082 0.020000
v -28.091910 -13.323660 0.020000
v -28.137871 -13.369621 0.020000
v -27.872128 -13.539874 0.020000
v -27.917332 -13.586582 0.020000
v -27.648838 -13.752464 0.020000
v -27.693271 -13.799905 0.020000
v -27.422100 -13.961372 0.020000
v -27.465751 -14.009533 0.020000
v -27.191974 -14.166542 0.020000
v -27.234831 -14.215411 0.020000
v -26.958521 -14.367919 0.020000
v -27.000573 -14.417483 0.020000
v -26.721805 -14.565449 0.020000
v -26.763041 -14.615695 0.020000
v -26.481889 -14.759081 0.020000
v -26.522297 -14.809994 0.020000
v -26.238837 -14.948760 0.020000
v -26.278407 -15.000328 0.020000
v -25.992714 -15.134438 0.020000
v -26.031435 -15.186646 0.020000
v -25.743586 -15.316064 0.020000
v -25.781447 -15.368899 0.020000
v -25.491519 -15.493589 0.020000
v -25.528511 -15.547036 0.020000
v -25.236582 -15.666966 0.020000
v -25.272694 -15.721012 0.020000
v -24.978842 -15.836149 0.020000
v -25.014065 -15.890778 0.020000
v -24.718368 -16.001092 0.020000
v -24.752693 -16.056290 0.020000
v -24.455231 -16.161751 0.020000
v -24.488648 -16.217504 0.020000
v -24.189500 -16.318084 0.020000
v -24.222000 -16.374375 0.020000
v -23.921247 -16.470047 0.020000
v -23.952821 -16.526863 0.020000
v -23.650543 -16.617601 0.020000
v -23.681184 -16.674926 0.020000
v -23.377461 -16.760707 0.020000
v -23.407160 -16.818525 0.020000
v -23.102075 -16.899325 0.020000
v -23.130823 -16.957621 0.020000
v -22.824457 -17.033418 0.020000
v -22.852248 -17.092178 0.020000
v -22.544682 -17.162952 0.020000
v -22.571508 -17.222158 0.020000
v -22.262826 -17.287890 0.020000
v -22.288679 -17.347527 0.020000
v -21.978963 -17.408200 0.020000
v -22.003837 -17.468252 0.020000
v -21.693169 -17.523850 0.020000
v -21.717058 -17.584301 0.020000
v -21.405522 -17.634807 0.020000
v -21.428418 -17.695641 0.020000
v -21.116097 -17.741044 0.020000
v -21.137995 -17.802244 0.020000
v -20.824973 -17.842531 0.020000
v -20.845867 -17.904081 0.020000
v -20.532228 -17.939241 0.020000
v -20.552111 -18.001125 0.020000
v -20.237939 -18.031148 0.020000
v -20.256808 -18.093349 0.020000
v -19.942186 -18.118228 0.020000
v -19.960034 -18.180730 0.020000
v -19.645048 -18.200457 0.020000
v -19.661871 -18.263243 0.020000
v -19.346604 -18.277814 0.020000
v -19.362398 -18.340866 0.020000
v -19.046934 -18.350277 0.020000
v -19.061694 -18.413579 0.020000
v -18.746119 -18.417827 0.020000
v -18.759842 -18.481362 0.020000
v -18.444239 -18.480447 0.020000
v -18.456920 -18.544198 0.020000
v -18.141375 -18.538118 0.020000
v -18.153011 -18.602068 0.020000
v -17.837608 -18.590827 0.020000
v -17.848196 -18.654959 0.020000
v -17.533019 -18.638558 0.020000
v -17.542556 -18.702855 0.020000
v -17.227690 -18.681300 0.020000
v -17.236174 -18.745744 0.020000
v -16.921702 -18.719040 0.020000
v -16.929131 -18.783614 0.020000
v -16.615138 -18.751768 0.020000
v -16.621509 -18.816455 0.020000
v -16.308079 -18.779476 0.020000
v -16.313391 -18.844259 0.020000
v -16.000608 -18.802157 0.020000
v -16.004860 -18.867018 0.020000
v -15.692808 -18.819803 0.020000
v -15.695997 -18.884725 0.020000
v -15.384759 -18.832411 0.020000
v -15.386886 -18.897377 0.020000
v -15.076546 -18.839978 0.020000
v -15.077609 -18.904969 0.020000
v -14.768250 -18.842500 0.020000
v -14.768250 -18.907500 0.020000
v -14.768250 20.062500 0.020000
v 14.768250 20.062500 0.020000
v 14.768250 20.127500 0.020000
v -14.768250 20.127500 0.020000
v 14.768250 -20.062500 0.020000
v -14.768250 -20.062500 0.020000
v -14.768250 -20.127500 0.020000
v 14.768250 -20.127500 0.020000
v 14.768250 -20.062500 0.020000
v 14.768250 -20.127500 0.020000
v 15.096507 -20.059814 0.020000
v 15.097571 -20.124806 0.020000
v 15.424677 -20.051758 0.020000
v 15.426803 -20.116723 0.020000
v 15.752670 -20.038334 0.020000
v 15.755860 -20.103256 0.020000
v 16.080400 -20.019545 0.020000
v 16.084651 -20.084405 0.020000
v 16.407779 -19.995396 0.020000
v 16.413091 -20.060178 0.020000
v 16.734719 -19.965894 0.020000
v 16.741090 -20.030581 0.020000
v 17.061132 -19.931046 0.020000
v 17.068561 -19.995620 0.020000
v 17.386932 -19.890863 0.020000
v 17.395416 -19.955306 0.020000
v 17.712030 -19.845354 0.020000
v 17.721568 -19.909650 0.020000
v 18.036340 -19.794532 0.020000
v 18.046929 -19.858664 0.020000
v 18.359776 -19.738410 0.020000
v 18.371412 -19.802360 0.020000
v 18.682250 -19.677005 0.020000
v 18.694930 -19.740756 0.020000
v 19.003676 -19.610331 0.020000
v 19.017398 -19.673866 0.020000
v 19.323968 -19.538407 0.020000
v 19.338727 -19.601709 0.020000
v 19.643040 -19.461252 0.020000
v 19.658834 -19.524304 0.020000
v 19.960807 -19.378887 0.020000
v 19.977630 -19.441672 0.020000
v 20.277184 -19.291334 0.020000
v 20.295032 -19.353835 0.020000
v 20.592086 -19.198615 0.020000
v 20.610955 -19.260817 0.020000
v 20.905429 -19.100757 0.020000
v 20.925313 -19.162642 0.020000
v 21.217129 -18.997786 0.020000
v 21.238023 -19.059336 0.020000
v 21.527103 -18.889728 0.020000
v 21.549001 -18.950928 0.020000
v 21.835267 -18.776613 0.020000
v 21.858163 -18.837447 0.020000
v 22.141538 -18.658471 0.020000
v 22.165427 -18.718922 0.020000
v 22.445836 -18.535333 0.020000
v 22.470711 -18.595385 0.020000
v 22.748079 -18.407233 0.020000
v 22.773932 -18.466870 0.020000
v 23.048185 -18.274205 0.020000
v 23.075011 -18.333412 0.020000
v 23.346074 -18.136285 0.020000
v 23.373865 -18.195044 0.020000
v 23.641667 -17.993509 0.020000
v 23.670416 -18.051806 0.020000
v 23.934884 -17.845916 0.020000
v 23.964583 -17.903735 0.020000
v 24.225647 -17.693545 0.020000
v 24.256288 -17.750870 0.020000
v 24.513878 -17.536437 0.020000
v 24.545453 -17.593253 0.020000
v 24.799500 -17.374635 0.020000
v 24.832000 -17.430926 0.020000
v 25.082436 -17.208180 0.020000
v 25.115853 -17.263933 0.020000
v 25.362611 -17.037119 0.020000
v 25.396936 -17.092317 0.020000
v 25.639950 -16.861496 0.020000
v 25.675173 -16.916125 0.020000
v 25.914378 -16.681359 0.020000
v 25.950490 -16.735405 0.020000
v 26.185822 -16.496756 0.020000
v 26.222813 -16.550204 0.020000
v 26.454209 -16.307737 0.020000
v 26.492070 -16.360572 0.020000
v 26.719467 -16.114351 0.020000
v 26.758188 -16.166560 0.020000
v 26.981526 -15.916651 0.020000
v 27.021096 -15.968219 0.020000
v 27.240315 -15.714690 0.020000
v 27.280723 -15.765604 0.020000
v 27.495765 -15.508522 0.020000
v 27.537001 -15.558768 0.020000
v 27.747808 -15.298202 0.020000
v 27.789860 -15.347766 0.020000
v 27.996375 -15.083786 0.020000
v 28.039233 -15.132656 0.020000
v 28.241402 -14.865332 0.020000
v 28.285053 -14.913494 0.020000
v 28.482821 -14.642898 0.020000
v 28.527254 -14.690339 0.020000
v 28.720568 -14.416544 0.020000
v 28.765772 -14.463252 0.020000
v 28.954580 -14.186330 0.020000
v 29.000542 -14.232292 0.020000
v 29.184794 -13.952318 0.020000
v 29.231502 -13.997522 0.020000
v 29.411148 -13.714571 0.020000
v 29.458589 -13.759004 0.020000
v 29.633582 -13.473152 0.020000
v 29.681744 -13.516803 0.020000
v 29.852036 -13.228125 0.020000
v 29.900906 -13.270983 0.020000
v 30.066452 -12.979558 0.020000
v 30.116016 -13.021610 0.020000
v 30.276772 -12.727515 0.020000
v 30.327018 -12.768751 0.020000
v 30.482940 -12.472065 0.020000
v 30.533854 -12.512473 0.020000
v 30.684901 -12.213276 0.020000
v 30.736469 -12.252846 0.020000
v 30.882601 -11.951217 0.020000
v 30.934810 -11.989938 0.020000
v 31.075987 -11.685959 0.020000
v 31.128822 -11.723820 0.020000
v 31.265006 -11.417572 0.020000
v 31.318454 -11.454563 0.020000
v 31.449609 -11.146128 0.020000
v 31.503655 -11.182240 0.020000
v 31.629746 -10.871700 0.020000
v 31.684375 -10.906923 0.020000
v 31.805369 -10.594361 0.020000
v 31.860567 -10.628686 0.020000
v 31.976430 -10.314186 0.020000
v 32.032183 -10.347603 0.020000
v 32.142885 -10.031250 0.020000
v 32.199176 -10.063750 0.020000
v 32.304687 -9.745628 0.020000
v 32.361503 -9.777203 0.020000
v 32.461795 -9.457397 0.020000
v 32.519120 -9.488038 0.020000
v 32.614166 -9.166634 0.020000
v 32.671985 -9.196333 0.020000
v 32.761759 -8.873417 0.020000
v 32.820056 -8.902166 0.020000
v 32.904535 -8.577824 0.020000
v 32.963294 -8.605615 0.020000
v 33.042455 -8.279935 0.020000
v 33.101662 -8.306761 0.020000
v 33.175483 -7.979829 0.020000
v 33.235120 -8.005682 0.020000
v 33.303583 -7.677586 0.020000
v 33.363635 -7.702461 0.020000
v 33.426721 -7.373288 0.020000
v 33.487172 -7.397177 0.020000
v 33.544863 -7.067017 0.020000
v 33.605697 -7.089913 0.020000
v 33.657978 -6.758853 0.020000
v 33.719178 -6.780751 0.020000
v 33.766036 -6.448879 0.020000
v 33.827586 -6.469773 0.020000
v 33.869007 -6.137179 0.020000
v 33.930892 -6.157063 0.020000
v 33.966865 -5.823836 0.020000
v 34.029067 -5.842705 0.020000
v 34.059584 -5.508934 0.020000
v 34.122085 -5.526782 0.020000
v 34.147137 -5.192557 0.020000
v 34.209922 -5.209380 0.020000
v 34.229502 -4.874790 0.020000
v 34.292554 -4.890584 0.020000
v 34.306657 -4.555718 0.020000
v 34.369959 -4.570477 0.020000
v 34.378581 -4.235426 0.020000
v 34.442116 -4.249148 0.020000
v 34.445255 -3.914000 0.020000
v 34.509006 -3.926680 0.020000
v 34.506660 -3.591526 0.020000
v 34.570610 -3.603162 0.020000
v 34.562782 -3.268090 0.020000
v 34.626914 -3.278679 0.020000
v 34.613604 -2.943780 0.020000
v 34.677900 -2.953318 0.020000
v 34.659113 -2.618682 0.020000
v 34.723556 -2.627166 0.020000
v 34.699296 -2.292882 0.020000
v 34.763870 -2.300311 0.020000
v 34.734144 -1.966469 0.020000
v 34.798831 -1.972840 0.020000
v 34.763646 -1.639529 0.020000
v 34.828428 -1.644841 0.020000
v 34.787795 -1.312150 0.020000
v 34.852655 -1.316401 0.020000
v 34.806584 -0.984420 0.020000
v 34.871506 -0.987610 0.020000
v 34.820008 -0.656427 0.020000
v 34.884973 -0.658553 0.020000
v 34.828064 -0.328257 0.020000
v 34.893056 -0.329321 0.020000
v 34.830750 0.000000 0.020000
v 34.895750 0.000000 0.020000
v 34.828064 0.328257 0.020000
v 34.893056 0.329321 0.020000
v 34.820008 0.656427 0.020000
v 34.884973 0.658553 0.020000
v 34.806584 0.984420 0.020000
v 34.871506 0.987610 0.020000
v 34.787795 1.312150 0.020000
v 34.852655 1.316401 0.020000
v 34.763646 1.639529 0.020000
v 34.828428 1.644841 0.020000
v 34.734144 1.966469 0.020000
v 34.798831 1.972840 0.020000
v 34.699296 2.292882 0.020000
v 34.763870 2.300311 0.020000
v 34.659113 2.618682 0.020000
v 34.723556 2.627166 0.020000
v 34.613604 2.943780 0.020000
v 34.677900 2.953318 0.020000
v 34.562782 3.268090 0.020000
v 34.626914 3.278679 0.020000
v 34.506660 3.591526 0.020000
v 34.570610 3.603162 0.020000
v 34.445255 3.914000 0.020000
v 34.509006 3.926680 0.020000
v 34.378581 4.235426 0.020000
v 34.442116 4.249148 0.020000
v 34.306657 4.555718 0.020000
v 34.369959 4.570477 0.020000
v 34.229502 4.874790 0.020000
v 34.292554 4.890584 0.020000
v 34.147137 5.192557 0.020000
v 34.209922 5.209380 0.020000
v 34.059584 5.508934 0.020000
v 34.122085 5.526782 0.020000
v 33.966865 5.823836 0.020000
v 34.029067 5.842705 0.020000
v 33.869007 6.137179 0.020000
v 33.930892 6.157063 0.020000
v 33.766036 6.448879 0.020000
v 33.827586 6.469773 0.020000
v 33.657978 6.758853 0.020000
v 33.719178 6.780751 0.020000
v 33.544863 7.067017 0.020000
v 33.605697 7.089913 0.020000
v 33.426721 7.373288 0.020000
v 33.487172 7.397177 0.020000
v 33.303583 7.677586 0.020000
v 33.363635 7.702461 0.020000
v 33.175483 7.979829 0.020000
v 33.235120 8.005682 0.020000
v 33.042455 8.279935 0.020000
v 33.101662 8.306761 0.020000
v 32.904535 8.577824 0.020000
v 32.963294 8.605615 0.020000
v 32.761759 8.873417 0.020000
v 32.820056 8.902166 0.020000
v 32.614166 9.166634 0.020000
v 32.671985 9.196333 0.020000
v 32.461795 9.457397 0.020000
v 32.519120 9.488038 0.020000
v 32.304687 9.745628 0.020000
v 32.361503 9.777203 0.020000
v 32.142885 10.031250 0.020000
v 32.199176 10.063750 0.020000
v 31.976430 10.314186 0.020000
v 32.032183 10.347603 0.020000
v 31.805369 10.594361 0.020000
v 31.860567 10.628686 0.020000
v 31.629746 10.871700 0.020000
v 31.684375 10.906923 0.020000
v 31.449609 11.146128 0.020000
v 31.503655 11.182240 0.020000
v 31.265006 11.417572 0.020000
v 31.318454 11.454563 0.020000
v 31.075987 11.685959 0.020000
v 31.128822 11.723820 0.020000
v 30.882601 11.951217 0.020000
v 30.934810 11.989938 0.020000
v 30.684901 12.213276 0.020000
v 30.736469 12.252846 0.020000
v 30.482940 12.472065 0.020000
v 30.533854 12.512473 0.020000
v 30.276772 12.727515 0.020000
v 30.327018 12.768751 0.020000
v 30.066452 12.979558 0.020000
v 30.116016 13.021610 0.020000
v 29.852036 13.228125 0.020000
v 29.900906 13.270983 0.020000
v 29.633582 13.473152 0.020000
v 29.681744 13.516803 0.020000
v 29.411148 13.714571 0.020000
v 29.458589 13.759004 0.020000
v 29.184794 13.952318 0.020000
v 29.231502 13.997522 0.020000
v 28.954580 14.186330 0.020000
v 29.000542 14.232292 0.020000
v 28.720568 14.416544 0.020000
v 28.765772 14.463252 0.020000
v 28.482821 14.642898 0.020000
v 28.527254 14.690339 0.020000
v 28.241402 14.865332 0.020000
v 28.285053 14.913494 0.020000
v 27.996375 15.083786 0.020000
v 28.039233 15.132656 0.020000
v 27.747808 15.298202 0.020000
v 27.789860 15.347766 0.020000
v 27.495765 15.508522 0.020000
v 27.537001 15.558768 0.020000
v 27.240315 15.714690 0.020000
v 27.280723 15.765604 0.020000
v 26.981526 15.916651 0.020000
v 27.021096 15.968219 0.020000
v 26.719467 16.114351 0.020000
v 26.758188 16.166560 0.020000
v 26.454209 16.307737 0.020000
v 26.492070 16.360572 0.020000
v 26.185822 16.496756 0.020000
v 26.222813 16.550204 0.020000
v 25.914378 16.681359 0.020000
v 25.950490 16.735405 0.020000
v 25.639950 16.861496 0.020000
v 25.675173 16.916125 0.020000
v 25.362611 17.037119 0.020000
v 25.396936 17.092317 0.020000
v 25.082436 17.208180 0.020000
v 25.115853 17.263933 0.020000
v 24.799500 17.374635 0.020000
v 24.832000 17.430926 0.020000
v 24.513878 17.536437 0.020000
v 24.545453 17.593253 0.020000
v 24.225647 17.693545 0.020000
v 24.256288 17.750870 0.020000
v 23.934884 17.845916 0.020000
v 23.964583 17.903735 0.020000
v 23.641667 17.993509 0.020000
v 23.670416 18.051806 0.020000
v 23.346074 18.136285 0.020000
v 23.373865 18.195044 0.020000
v 23.048185 18.274205 0.020000
v 23.075011 18.333412 0.020000
v 22.748079 18.407233 0.020000
v 22.773932 18.466870 0.020000
v 22.445836 18.535333 0.020000
v 22.470711 18.595385 0.020000
v 22.141538 18.658471 0.020000
v 22.165427 18.718922 0.020000
v 21.835267 18.776613 0.020000
v 21.858163 18.837447 0.020000
v 21.527103 18.889728 0.020000
v 21.549001 18.950928 0.020000
v 21.217129 18.997786 0.020000
v 21.238023 19.059336 0.020000
v 20.905429 19.100757 0.020000
v 20.925313 19.162642 0.020000
v 20.592086 19.198615 0.020000
v 20.610955 19.260817 0.020000
v 20.277184 19.291334 0.020000
v 20.295032 19.353835 0.020000
v 19.960807 19.378887 0.020000
v 19.977630 19.441672 0.020000
v 19.643040 19.461252 0.020000
v 19.658834 19.524304 0.020000
v 19.323968 19.538407 0.020000
v 19.338727 19.601709 0.020000
v 19.003676 19.610331 0.020000
v 19.017398 19.673866 0.020000
v 18.682250 19.677005 0.020000
v 18.694930 19.740756 0.020000
v 18.359776 19.738410 0.020000
v 18.371412 19.802360 0.020000
v 18.036340 19.794532 0.020000
v 18.046929 19.858664 0.020000
v 17.712030 19.845354 0.020000
v 17.721568 19.909650 0.020000
v 17.386932 19.890863 0.020000
v 17.395416 19.955306 0.020000
v 17.061132 19.931046 0.020000
v 17.068561 19.995620 0.020000
v 16.734719 19.965894 0.020000
v 16.741090 20.030581 0.020000
v 16.407779 19.995396 0.020000
v 16.413091 20.060178 0.020000
v 16.080400 20.019545 0.020000
v 16.084651 20.084405 0.020000
v 15.752670 20.038334 0.020000
v 15.755860 20.103256 0.020000
v 15.424677 20.051758 0.020000
v 15.426803 20.116723 0.020000
v 15.096507 20.059814 0.020000
v 15.097571 20.124806 0.020000
v 14.768250 20.062500 0.020000
v 14.768250 20.127500 0.020000
v -14.768250 20.062500 0.020000
v -14.768250 20.127500 0.020000
v -15.096507 20.059814 0.020000
v -15.097571 20.124806 0.020000
v -15.424677 20.051758 0.020000
v -15.426803 20.116723 0.020000
v -15.752670 20.038334 0.020000
v -15.755860 20.103256 0.020000
v -16.080400 20.019545 0.020000
v -16.084651 20.084405 0.020000
v -16.407779 19.995396 0.020000
v -16.413091 20.060178 0.020000
v -16.734719 19.965894 0.020000
v -16.741090 20.030581 0.020000
v -17.061132 19.931046 0.020000
v -17.068561 19.995620 0.020000
v -17.386932 19.890863 0.020000
v -17.395416 19.955306 0.020000
v -17.712030 19.845354 0.020000
v -17.721568 19.909650 0.020000
v -18.036340 19.794532 0.020000
v -18.046929 19.858664 0.020000
v -18.359776 19.738410 0.020000
v -18.371412 19.802360 0.020000
v -18.682250 19.677005 0.020000
v -18.694930 19.740756 0.020000
v -19.003676 19.610331 0.020000
v -19.017398 19.673866 0.020000
v -19.323968 19.538407 0.020000
v -19.338727 19.601709 0.020000
v -19.643040 19.461252 0.020000
v -19.658834 19.524304 0.020000
v -19.960807 19.378887 0.020000
v -19.977630 19.441672 0.020000
v -20.277184 19.291334 0.020000
v -20.295032 19.353835 0.020000
v -20.592086 19.198615 0.020000
v -20.610955 19.260817 0.020000
v -20.905429 19.100757 0.020000
v -20.925313 19.162642 0.020000
v -21.217129 18.997786 0.020000
v -21.238023 19.059336 0.020000
v -21.527103 18.889728 0.020000
v -21.549001 18.950928 0.020000
v -21.835267 18.776613 0.020000
v -21.858163 18.837447 0.020000
v -22.141538 18.658471 0.020000
v -22.165427 18.718922 0.020000
v -22.445836 18.535333 0.020000
v -22.470711 18.595385 0.020000
v -22.748079 18.407233 0.020000
v -22.773932 18.466870 0.020000
v -23.048185 18.274205 0.020000
v -23.075011 18.333412 0.020000
v -23.346074 18.136285 0.020000
v -23.373865 18.195044 0.020000
v -23.641667 17.993509 0.020000
v -23.670416 18.051806 0.020000
v -23.934884 17.845916 0.020000
v -23.964583 17.903735 0.020000
v -24.225647 17.693545 0.020000
v -24.256288 17.750870 0.020000
v -24.513878 17.536437 0.020000
v -24.545453 17.593253 0.020000
v -24.799500 17.374635 0.020000
v -24.832000 17.430926 0.020000
v -25.082436 17.208180 0.020000
v -25.115853 17.263933 0.020000
v -25.362611 17.037119 0.020000
v -25.396936 17.092317 0.020000
v -25.639950 16.861496 0.020000
v -25.675173 16.916125 0.020000
v -25.914378 16.681359 0.020000
v -25.950490 16.735405 0.020000
v -26.185822 16.496756 0.020000
v -26.222813 16.550204 0.020000
v -26.454209 16.307737 0.020000
v -26.492070 16.360572 0.020000
v -26.719467 16.114351 0.020000
v -26.758188 16.166560 0.020000
v -26.981526 15.916651 0.020000
v -27.021096 15.968219 0.020000
v -27.240315 15.714690 0.020000
v -27.280723 15.765604 0.020000
v -27.495765 15.508522 0.020000
v -27.537001 15.558768 0.020000
v -27.747808 15.298202 0.020000
v -27.789860 15.347766 0.020000
v -27.996375 15.083786 0.020000
v -28.039233 15.132656 0.020000
v -28.241402 14.865332 0.020000
v -28.285053 14.913494 0.020000
v -28.482821 14.642898 0.020000
v -28.527254 14.690339 0.020000
v -28.720568 14.416544 0.020000
v -28.765772 14.463252 0.020000
v -28.954580 14.186330 0.020000
v -29.000542 14.232292 0.020000
v -29.184794 13.952318 0.020000
v -29.231502 13.997522 0.020000
v -29.411148 13.714571 0.020000
v -29.458589 13.759004 0.020000
v -29.633582 13.473152 0.020000
v -29.681744 13.516803 0.020000
v -29.852036 13.228125 0.020000
v -29.900906 13.270983 0.020000
v -30.066452 12.979558 0.020000
v -30.116016 13.021610 0.020000
v -30.276772 12.727515 0.020000
v -30.327018 12.768751 0.020000
v -30.482940 12.472065 0.020000
v -30.533854 12.512473 0.020000
v -30.684901 12.213276 0.020000
v -30.736469 12.252846 0.020000
v -30.882601 11.951217 0.020000
v -30.934810 11.989938 0.020000
v -31.075987 11.685959 0.020000
v -31.128822 11.723820 0.020000
v -31.265006 11.417572 0.020000
v -31.318454 11.454563 0.020000
v -31.449609 11.146128 0.020000
v -31.503655 11.182240 0.020000
v -31.629746 10.871700 0.020000
v -31.684375 10.906923 0.020000
v -31.805369 10.594361 0.020000
v -31.860567 10.628686 0.020000
v -31.976430 10.314186 0.020000
v -32.032183 10.347603 0.020000
v -32.142885 10.031250 0.020000
v -32.199176 10.063750 0.020000
v -32.304687 9.745628 0.020000
v -32.361503 9.777203 0.020000
v -32.461795 9.457397 0.020000
v -32.519120 9.488038 0.020000
v -32.614166 9.166634 0.020000
v -32.671985 9.196333 0.020000
v -32.761759 8.873417 0.020000
v -32.820056 8.902166 0.020000
v -32.904535 8.577824 0.020000
v -32.963294 8.605615 0.020000
v -33.042455 8.279935 0.020000
v -33.101662 8.306761 0.020000
v -33.175483 7.979829 0.020000
v -33.235120 8.005682 0.020000
v -33.303583 7.677586 0.020000
v -33.363635 7.702461 0.020000
v -33.426721 7.373288 0.020000
v -33.487172 7.397177 0.020000
v -33.544863 7.067017 0.020000
v -33.605697 7.089913 0.020000
v -33.657978 6.758853 0.020000
v -33.719178 6.780751 0.020000
v -33.766036 6.448879 0.020000
v -33.827586 6.469773 0.020000
v -33.869007 6.137179 0.020000
v -33.930892 6.157063 0.020000
v -33.966865 5.823836 0.020000
v -34.029067 5.842705 0.020000
v -34.059584 5.508934 0.020000
v -34.122085 5.526782 0.020000
v -34.147137 5.192557 0.020000
v -34.209922 5.209380 0.020000
v -34.229502 4.874790 0.020000
v -34.292554 4.890584 0.020000
v -34.306657 4.555718 0.020000
v -34.369959 4.570477 0.020000
v -34.378581 4.235426 0.020000
v -34.442116 4.249148 0.020000
v -34.445255 3.914000 0.020000
v -34.509006 3.926680 0.020000
v -34.506660 3.591526 0.020000
v -34.570610 3.603162 0.020000
v -34.562782 3.268090 0.020000
v -34.626914 3.278679 0.020000
v -34.613604 2.943780 0.020000
v -34.677900 2.953318 0.020000
v -34.659113 2.618682 0.020000
v -34.723556 2.627166 0.020000
v -34.699296 2.292882 0.020000
v -34.763870 2.300311 0.020000
v -34.734144 1.966469 0.020000
v -34.798831 1.972840 0.020000
v -34.763646 1.639529 0.020000
v -34.828428 1.644841 0.020000
v -34.787795 1.312150 0.020000
v -34.852655 1.316401 0.020000
v -34.806584 0.984420 0.020000
v -34.871506 0.987610 0.020000
v -34.820008 0.656427 0.020000
v -34.884973 0.658553 0.020000
v -34.828064 0.328257 0.020000
v -34.893056 0.329321 0.020000
v -34.830750 0.000000 0.020000
v -34.895750 0.000000 0.020000
v -34.828064 -0.328257 0.020000
v -34.893056 -0.329321 0.020000
v -34.820008 -0.656427 0.020000
v -34.884973 -0.658553 0.020000
v -34.806584 -0.984420 0.020000
v -34.871506 -0.987610 0.020000
v -34.787795 -1.312150 0.020000
v -34.852655 -1.316401 0.020000
v -34.763646 -1.639529 0.020000
v -34.828428 -1.644841 0.020000
v -34.734144 -1.966469 0.020000
v -34.798831 -1.972840 0.020000
v -34.699296 -2.292882 0.020000
v -34.763870 -2.300311 0.020000
v -34.659113 -2.618682 0.020000
v -34.723556 -2.627166 0.020000
v -34.613604 -2.943780 0.020000
v -34.677900 -2.953318 0.020000
v -34.562782 -3.268090 0.020000
v -34.626914 -3.278679 0.020000
v -34.506660 -3.591526 0.020000
v -34.570610 -3.603162 0.020000
v -34.445255 -3.914000 0.020000
v -34.509006 -3.926680 0.020000
v -34.378581 -4.235426 0.020000
v -34.442116 -4.249148 0.020000
v -34.306657 -4.555718 0.020000
v -34.369959 -4.570477 0.020000
v -34.229502 -4.874790 0.020000
v -34.292554 -4.890584 0.020000
v -34.147137 -5.192557 0.020000
v -34.209922 -5.209380 0.020000
v -34.059584 -5.508934 0.020000
v -34.122085 -5.526782 0.020000
v -33.966865 -5.823836 0.020000
v -34.029067 -5.842705 0.020000
v -33.869007 -6.137179 0.020000
v -33.930892 -6.157063 0.020000
v -33.766036 -6.448879 0.020000
v -33.827586 -6.469773 0.020000
v -33.657978 -6.758853 0.020000
v -33.719178 -6.780751 0.020000
v -33.544863 -7.067017 0.020000
v -33.605697 -7.089913 0.020000
v -33.426721 -7.373288 0.020000
v -33.487172 -7.397177 0.020000
v -33.303583 -7.677586 0.020000
v -33.363635 -7.702461 0.020000
v -33.175483 -7.979829 0.020000
v -33.235120 -8.005682 0.020000
v -33.042455 -8.279935 0.020000
v -33.101662 -8.306761 0.020000
v -32.904535 -8.577824 0.020000
v -32.963294 -8.605615 0.020000
v -32.761759 -8.873417 0.020000
v -32.820056 -8.902166 0.020000
v -32.614166 -9.166634 0.020000
v -32.671985 -9.196333 0.020000
v -32.461795 -9.457397 0.020000
v -32.519120 -9.488038 0.020000
v -32.304687 -9.745628 0.020000
v -32.361503 -9.777203 0.020000
v -32.142885 -10.031250 0.020000
v -32.199176 -10.063750 0.020000
v -31.976430 -10.314186 0.020000
v -32.032183 -10.347603 0.020000
v -31.805369 -10.594361 0.020000
v -31.860567 -10.628686 0.020000
v -31.629746 -10.871700 0.020000
v -31.684375 -10.906923 0.020000
v -31.449609 -11.146128 0.020000
v -31.503655 -11.182240 0.020000
v -31.265006 -11.417572 0.020000
v -31.318454 -11.454563 0.020000
v -31.075987 -11.685959 0.020000
v -31.128822 -11.723820 0.020000
v -30.882601 -11.951217 0.020000
v -30.934810 -11.989938 0.020000
v -30.684901 -12.213276 0.020000
v -30.736469 -12.252846 0.020000
v -30.482940 -12.472065 0.020000
v -30.533854 -12.512473 0.020000
v -30.276772 -12.727515 0.020000
v -30.327018 -12.768751 0.020000
v -30.066452 -12.979558 0.020000
v -30.116016 -13.021610 0.020000
v -29.852036 -13.228125 0.020000
v -29.900906 -13.270983 0.020000
v -29.633582 -13.473152 0.020000
v -29.681744 -13.516803 0.020000
v -29.411148 -13.714571 0.020000
v -29.458589 -13.759004 0.020000
v -29.184794 -13.952318 0.020000
v -29.231502 -13.997522 0.020000
v -28.954580 -14.186330 0.020000
v -29.000542 -14.232292 0.020000
v -28.720568 -14.416544 0.020000
v -28.765772 -14.463252 0.020000
v -28.482821 -14.642898 0.020000
v -28.527254 -14.690339 0.020000
v -28.241402 -14.865332 0.020000
v -28.285053 -14.913494 0.020000
v -27.996375 -15.083786 0.020000
v -28.039233 -15.132656 0.020000
v -27.747808 -15.298202 0.020000
v -27.789860 -15.347766 0.020000
v -27.495765 -15.508522 0.020000
v -27.537001 -15.558768 0.020000
v -27.240315 -15.714690 0.020000
v -27.280723 -15.765604 0.020000
v -26.981526 -15.916651 0.020000
v -27.021096 -15.968219 0.020000
v -26.719467 -16.114351 0.020000
v -26.758188 -16.166560 0.020000
v -26.454209 -16.307737 0.020000
v -26.492070 -16.360572 0.020000
v -26.185822 -16.496756 0.020000
v -26.222813 -16.550204 0.020000
v -25.914378 -16.681359 0.020000
v -25.950490 -16.735405 0.020000
v -25.639950 -16.861496 0.020000
v -25.675173 -16.916125 0.020000
v -25.362611 -17.037119 0.020000
v -25.396936 -17.092317 0.020000
v -25.082436 -17.208180 0.020000
v -25.115853 -17.263933 0.020000
v -24.799500 -17.374635 0.020000
v -24.832000 -17.430926 0.020000
v -24.513878 -17.536437 0.020000
v -24.545453 -17.593253 0.020000
v -24.225647 -17.693545 0.020000
v -24.256288 -17.750870 0.020000
v -23.934884 -17.845916 0.020000
v -23.964583 -17.903735 0.020000
v -23.641667 -17.993509 0.020000
v -23.670416 -18.051806 0.020000
v -23.346074 -18.136285 0.020000
v -23.373865 -18.195044 0.020000
v -23.048185 -18.274205 0.020000
v -23.075011 -18.333412 0.020000
v -22.748079 -18.407233 0.020000
v -22.773932 -18.466870 0.020000
v -22.445836 -18.535333 0.020000
v -22.470711 -18.595385 0.020000
v -22.141538 -18.658471 0.020000
v -22.165427 -18.718922 0.020000
v -21.835267 -18.776613 0.020000
v -21.858163 -18.837447 0.020000
v -21.527103 -18.889728 0.020000
v -21.549001 -18.950928 0.020000
v -21.217129 -18.997786 0.020000
v -21.238023 -19.059336 0.020000
v -20.905429 -19.100757 0.020000
v -20.925313 -19.162642 0.020000
v -20.592086 -19.198615 0.020000
v -20.610955 -19.260817 0.020000
v -20.277184 -19.291334 0.020000
v -20.295032 -19.353835 0.020000
v -19.960807 -19.378887 0.020000
v -19.977630 -19.441672 0.020000
v -19.643040 -19.461252 0.020000
v -19.658834 -19.524304 0.020000
v -19.323968 -19.538407 0.020000
v -19.338727 -19.601709 0.020000
v -19.003676 -19.610331 0.020000
v -19.017398 -19.673866 0.020000
v -18.682250 -19.677005 0.020000
v -18.694930 -19.740756 0.020000
v -18.359776 -19.738410 0.020000
v -18.371412 -19.802360 0.020000
v -18.036340 -19.794532 0.020000
v -18.046929 -19.858664 0.020000
v -17.712030 -19.845354 0.020000
v -17.721568 -19.909650 0.020000
v -17.386932 -19.890863 0.020000
v -17.395416 -19.955306 0.020000
v -17.061132 -19.931046 0.020000
v -17.068561 -19.995620 0.020000
v -16.734719 -19.965894 0.020000
v -16.741090 -20.030581 0.020000
v -16.407779 -19.995396 0.020000
v -16.413091 -20.060178 0.020000
v -16.080400 -20.019545 0.020000
v -16.084651 -20.084405 0.020000
v -15.752670 -20.038334 0.020000
v -15.755860 -20.103256 0.020000
v -15.424677 -20.051758 0.020000
v -15.426803 -20.116723 0.020000
v -15.096507 -20.059814 0.020000
v -15.097571 -20.124806 0.020000
v -14.768250 -20.062500 0.020000
v -14.768250 -20.127500 0.020000
v -14.768250 21.282500 0.020000
v 14.768250 21.282500 0.020000
v 14.768250 21.347500 0.020000
v -14.768250 21.347500 0.020000
v 14.768250 -21.282500 0.020000
v -14.768250 -21.282500 0.020000
v -14.768250 -21.347500 0.020000
v 14.768250 -21.347500 0.020000
v 14.768250 -21.282500 0.020000
v 14.768250 -21.347500 0.020000
v 15.116469 -21.279651 0.020000
v 15.117532 -21.344642 0.020000
v 15.464594 -21.271105 0.020000
v 15.466721 -21.336070 0.020000
v 15.812533 -21.256864 0.020000
v 15.815722 -21.321786 0.020000
v 16.160192 -21.236933 0.020000
v 16.164443 -21.301793 0.020000
v 16.507479 -21.211315 0.020000
v 16.512791 -21.276098 0.020000
v 16.854300 -21.180019 0.020000
v 16.860671 -21.244706 0.020000
v 17.200562 -21.143052 0.020000
v 17.207991 -21.207626 0.020000
v 17.546174 -21.100425 0.020000
v 17.554658 -21.164869 0.020000
v 17.891041 -21.052149 0.020000
v 17.900579 -21.116446 0.020000
v 18.235073 -20.998237 0.020000
v 18.245661 -21.062369 0.020000
v 18.578176 -20.938703 0.020000
v 18.589812 -21.002653 0.020000
v 18.920260 -20.873563 0.020000
v 18.932941 -20.937314 0.020000
v 19.261232 -20.802834 0.020000
v 19.274954 -20.866370 0.020000
v 19.601001 -20.726537 0.020000
v 19.615761 -20.789839 0.020000
v 19.939476 -20.644690 0.020000
v 19.955269 -20.707742 0.020000
v 20.276566 -20.557316 0.020000
v 20.293390 -20.620102 0.020000
v 20.612182 -20.464439 0.020000
v 20.630031 -20.526940 0.020000
v 20.946234 -20.366083 0.020000
v 20.965102 -20.428284 0.020000
v 21.278631 -20.262274 0.020000
v 21.298515 -20.324158 0.020000
v 21.609285 -20.153040 0.020000
v 21.630179 -20.214591 0.020000
v 21.938108 -20.038412 0.020000
v 21.960006 -20.099612 0.020000
v 22.265012 -19.918418 0.020000
v 22.287908 -19.979252 0.020000
v 22.589908 -19.793092 0.020000
v 22.613796 -19.853543 0.020000
v 22.912710 -19.662466 0.020000
v 22.937585 -19.722518 0.020000
v 23.233332 -19.526577 0.020000
v 23.259186 -19.586214 0.020000
v 23.551687 -19.385459 0.020000
v 23.578513 -19.444666 0.020000
v 23.867691 -19.239152 0.020000
v 23.895482 -19.297911 0.020000
v 24.181259 -19.087694 0.020000
v 24.210008 -19.145991 0.020000
v 24.492307 -18.931126 0.020000
v 24.522005 -18.988944 0.020000
v 24.800751 -18.769489 0.020000
v 24.831392 -18.826814 0.020000
v 25.106509 -18.602828 0.020000
v 25.138084 -18.659644 0.020000
v 25.409500 -18.431186 0.020000
v 25.442000 -18.487477 0.020000
v 25.709642 -18.254609 0.020000
v 25.743058 -18.310362 0.020000
v 26.006854 -18.073145 0.020000
v 26.041178 -18.128344 0.020000
v 26.301058 -17.886843 0.020000
v 26.336281 -17.941472 0.020000
v 26.592173 -17.695752 0.020000
v 26.628286 -17.749798 0.020000
v 26.880124 -17.499923 0.020000
v 26.917115 -17.553371 0.020000
v 27.164832 -17.299410 0.020000
v 27.202693 -17.352245 0.020000
v 27.446220 -17.094264 0.020000
v 27.484941 -17.146473 0.020000
v 27.724215 -16.884542 0.020000
v 27.763785 -16.936110 0.020000
v 27.998741 -16.670300 0.020000
v 28.039149 -16.721214 0.020000
v 28.269725 -16.451595 0.020000
v 28.310961 -16.501841 0.020000
v 28.537094 -16.228485 0.020000
v 28.579146 -16.278049 0.020000
v 28.800777 -16.001031 0.020000
v 28.843635 -16.049900 0.020000
v 29.060703 -15.769292 0.020000
v 29.104355 -15.817454 0.020000
v 29.316803 -15.533332 0.020000
v 29.361237 -15.580773 0.020000
v 29.569008 -15.293213 0.020000
v 29.614212 -15.339921 0.020000
v 29.817250 -15.049000 0.020000
v 29.863212 -15.094962 0.020000
v 30.061463 -14.800758 0.020000
v 30.108171 -14.845962 0.020000
v 30.301582 -14.548553 0.020000
v 30.349023 -14.592987 0.020000
v 30.537542 -14.292453 0.020000
v 30.585704 -14.336105 0.020000
v 30.769281 -14.032527 0.020000
v 30.818150 -14.075385 0.020000
v 30.996735 -13.768844 0.020000
v 31.046299 -13.810896 0.020000
v 31.219845 -13.501475 0.020000
v 31.270091 -13.542711 0.020000
v 31.438550 -13.230491 0.020000
v 31.489464 -13.270899 0.020000
v 31.652792 -12.955965 0.020000
v 31.704360 -12.995535 0.020000
v 31.862514 -12.677970 0.020000
v 31.914723 -12.716691 0.020000
v 32.067660 -12.396582 0.020000
v 32.120495 -12.434443 0.020000
v 32.268173 -12.111874 0.020000
v 32.321621 -12.148865 0.020000
v 32.464002 -11.823923 0.020000
v 32.518048 -11.860036 0.020000
v 32.655093 -11.532808 0.020000
v 32.709722 -11.568031 0.020000
v 32.841395 -11.238604 0.020000
v 32.896594 -11.272928 0.020000
v 33.022859 -10.941392 0.020000
v 33.078612 -10.974808 0.020000
v 33.199436 -10.641250 0.020000
v 33.255727 -10.673750 0.020000
v 33.371078 -10.338259 0.020000
v 33.427894 -10.369834 0.020000
v 33.537739 -10.032501 0.020000
v 33.595064 -10.063142 0.020000
v 33.699376 -9.724057 0.020000
v 33.757194 -9.753755 0.020000
v 33.855944 -9.413009 0.020000
v 33.914241 -9.441758 0.020000
v 34.007402 -9.099441 0.020000
v 34.066161 -9.127232 0.020000
v 34.153709 -8.783437 0.020000
v 34.212916 -8.810263 0.020000
v 34.294827 -8.465082 0.020000
v 34.354464 -8.490936 0.020000
v 34.430716 -8.144460 0.020000
v 34.490768 -8.169335 0.020000
v 34.561342 -7.821658 0.020000
v 34.621793 -7.845546 0.020000
v 34.686668 -7.496762 0.020000
v 34.747502 -7.519658 0.020000
v 34.806662 -7.169858 0.020000
v 34.867862 -7.191756 0.020000
v 34.921290 -6.841035 0.020000
v 34.982841 -6.861929 0.020000
v 35.030524 -6.510381 0.020000
v 35.092408 -6.530265 0.020000
v 35.134333 -6.177984 0.020000
v 35.196534 -6.196852 0.020000
v 35.232689 -5.843932 0.020000
v 35.295190 -5.861781 0.020000
v 35.325566 -5.508316 0.020000
v 35.388352 -5.525140 0.020000
v 35.412940 -5.171226 0.020000
v 35.475992 -5.187019 0.020000
v 35.494787 -4.832751 0.020000
v 35.558089 -4.847511 0.020000
v 35.571084 -4.492982 0.020000
v 35.634620 -4.506704 0.020000
v 35.641813 -4.152010 0.020000
v 35.705564 -4.164691 0.020000
v 35.706953 -3.809926 0.020000
v 35.770903 -3.821562 0.020000
v 35.766487 -3.466823 0.020000
v 35.830619 -3.477411 0.020000
v 35.820399 -3.122791 0.020000
v 35.884696 -3.132329 0.020000
v 35.868675 -2.777924 0.020000
v 35.933119 -2.786408 0.020000
v 35.911302 -2.432312 0.020000
v 35.975876 -2.439741 0.020000
v 35.948269 -2.086050 0.020000
v 36.012956 -2.092421 0.020000
v 35.979565 -1.739229 0.020000
v 36.044348 -1.744541 0.020000
v 36.005183 -1.391942 0.020000
v 36.070043 -1.396193 0.020000
v 36.025114 -1.044283 0.020000
v 36.090036 -1.047472 0.020000
v 36.039355 -0.696344 0.020000
v 36.104320 -0.698471 0.020000
v 36.047901 -0.348219 0.020000
v 36.112892 -0.349282 0.020000
v 36.050750 0.000000 0.020000
v 36.115750 0.000000 0.020000
v 36.047901 0.348219 0.020000
v 36.112892 0.349282 0.020000
v 36.039355 0.696344 0.020000
v 36.104320 0.698471 0.020000
v 36.025114 1.044283 0.020000
v 36.090036 1.047472 0.020000
v 36.005183 1.391942 0.020000
v 36.070043 1.396193 0.020000
v 35.979565 1.739229 0.020000
v 36.044348 1.744541 0.020000
v 35.948269 2.086050 0.020000
v 36.012956 2.092421 0.020000
v 35.911302 2.432312 0.020000
v 35.975876 2.439741 0.020000
v 35.868675 2.777924 0.020000
v 35.933119 2.786408 0.020000
v 35.820399 3.122791 0.020000
v 35.884696 3.132329 0.020000
v 35.766487 3.466823 0.020000
v 35.830619 3.477411 0.020000
v 35.706953 3.809926 0.020000
v 35.770903 3.821562 0.020000
v 35.641813 4.152010 0.020000
v 35.705564 4.164691 0.020000
v 35.571084 4.492982 0.020000
v 35.634620 4.506704 0.020000
v 35.494787 4.832751 0.020000
v 35.558089 4.847511 0.020000
v 35.412940 5.171226 0.020000
v 35.475992 5.187019 0.020000
v 35.325566 5.508316 0.020000
v 35.388352 5.525140 0.020000
v 35.232689 5.843932 0.020000
v 35.295190 5.861781 0.020000
v 35.134333 6.177984 0.020000
v 35.196534 6.196852 0.020000
v 35.030524 6.510381 0.020000
v 35.092408 6.530265 0.020000
v 34.921290 6.841035 0.020000
v 34.982841 6.861929 0.020000
v 34.806662 7.169858 0.020000
v 34.867862 7.191756 0.020000
v 34.686668 7.496762 0.020000
v 34.747502 7.519658 0.020000
v 34.561342 7.821658 0.020000
v 34.621793 7.845546 0.020000
v 34.430716 8.144460 0.020000
v 34.490768 8.169335 0.020000
v 34.294827 8.465082 0.020000
v 34.354464 8.490936 0.020000
v 34.153709 8.783437 0.020000
v 34.212916 8.810263 0.020000
v 34.007402 9.099441 0.020000
v 34.066161 9.127232 0.020000
v 33.855944 9.413009 0.020000
v 33.914241 9.441758 0.020000
v 33.699376 9.724057 0.020000
v 33.757194 9.753755 0.020000
v 33.537739 10.032501 0.020000
v 33.595064 10.063142 0.020000
v 33.371078 10.338259 0.020000
v 33.427894 10.369834 0.020000
v 33.199436 10.641250 0.020000
v 33.255727 10.673750 0.020000
v 33.022859 10.941392 0.020000
v 33.078612 10.974808 0.020000
v 32.841395 11.238604 0.020000
v 32.896594 11.272928 0.020000
v 32.655093 11.532808 0.020000
v 32.709722 11.568031 0.020000
v 32.464002 11.823923 0.020000
v 32.518048 11.860036 0.020000
v 32.268173 12.111874 0.020000
v 32.321621 12.148865 0.020000
v 32.067660 12.396582 0.020000
v 32.120495 12.434443 0.020000
v 31.862514 12.677970 0.020000
v 31.914723 12.716691 0.020000
v 31.652792 12.955965 0.020000
v 31.704360 12.995535 0.020000
v 31.438550 13.230491 0.020000
v 31.489464 13.270899 0.020000
v 31.219845 13.501475 0.020000
v 31.270091 13.542711 0.020000
v 30.996735 13.768844 0.020000
v 31.046299 13.810896 0.020000
v 30.769281 14.032527 0.020000
v 30.818150 14.075385 0.020000
v 30.537542 14.292453 0.020000
v 30.585704 14.336105 0.020000
v 30.301582 14.548553 0.020000
v 30.349023 14.592987 0.020000
v 30.061463 14.800758 0.020000
v 30.108171 14.845962 0.020000
v 29.817250 15.049000 0.020000
v 29.863212 15.094962 0.020000
v 29.569008 15.293213 0.020000
v 29.614212 15.339921 0.020000
v 29.316803 15.533332 0.020000
v 29.361237 15.580773 0.020000
v 29.060703 15.769292 0.020000
v 29.104355 15.817454 0.020000
v 28.800777 16.001031 0.020000
v 28.843635 16.049900 0.020000
v 28.537094 16.228485 0.020000
v 28.579146 16.278049 0.020000
v 28.269725 16.451595 0.020000
v 28.310961 16.501841 0.020000
v 27.998741 16.670300 0.020000
v 28.039149 16.721214 0.020000
v 27.724215 16.884542 0.020000
v 27.763785 16.936110 0.020000
v 27.446220 17.094264 0.020000
v 27.484941 17.146473 0.020000
v 27.164832 17.299410 0.020000
v 27.202693 17.352245 0.020000
v 26.880124 17.499923 0.020000
v 26.917115 17.553371 0.020000
v 26.592173 17.695752 0.020000
v 26.628286 17.749798 0.020000
v 26.301058 17.886843 0.020000
v 26.336281 17.941472 0.020000
v 26.006854 18.073145 0.020000
v 26.041178 18.128344 0.020000
v 25.709642 18.254609 0.020000
v 25.743058 18.310362 0.020000
v 25.409500 18.431186 0.020000
v 25.442000 18.487477 0.020000
v 25.106509 18.602828 0.020000
v 25.138084 18.659644 0.020000
v 24.800751 18.769489 0.020000
v 24.831392 18.826814 0.020000
v 24.492307 18.931126 0.020000
v 24.522005 18.988944 0.020000
v 24.181259 19.087694 0.020000
v 24.210008 19.145991 0.020000
v 23.867691 19.239152 0.020000
v 23.895482 19.297911 0.020000
v 23.551687 19.385459 0.020000
v 23.578513 19.444666 0.020000
v 23.233332 19.526577 0.020000
v 23.259186 19.586214 0.020000
v 22.912710 19.662466 0.020000
v 22.937585 19.722518 0.020000
v 22.589908 19.793092 0.020000
v 22.613796 19.853543 0.020000
v 22.265012 19.918418 0.020000
v 22.287908 19.979252 0.020000
v 21.938108 20.038412 0.020000
v 21.960006 20.099612 0.020000
v 21.609285 20.153040 0.020000
v 21.630179 20.214591 0.020000
v 21.278631 20.262274 0.020000
v 21.298515 20.324158 0.020000
v 20.946234 20.366083 0.020000
v 20.965102 20.428284 0.020000
v 20.612182 20.464439 0.020000
v 20.630031 20.526940 0.020000
v 20.276566 20.557316 0.020000
v 20.293390 20.620102 0.020000
v 19.939476 20.644690 0.020000
v 19.955269 20.707742 0.020000
v 19.601001 20.726537 0.020000
v 19.615761 20.789839 0.020000
v 19.261232 20.802834 0.020000
v 19.274954 20.866370 0.020000
v 18.920260 20.873563 0.020000
v 18.932941 20.937314 0.020000
v 18.578176 20.938703 0.020000
v 18.589812 21.002653 0.020000
v 18.235073 20.998237 0.020000
v 18.245661 21.062369 0.020000
v 17.891041 21.052149 0.020000
v 17.900579 21.116446 0.020000
v 17.546174 21.100425 0.020000
v 17.554658 21.164869 0.020000
v 17.200562 21.143052 0.020000
v 17.207991 21.207626 0.020000
v 16.854300 21.180019 0.020000
v 16.860671 21.244706 0.020000
v 16.507479 21.211315 0.020000
v 16.512791 21.276098 0.020000
v 16.160192 21.236933 0.020000
v 16.164443 21.301793 0.020000
v 15.812533 21.256864 0.020000
v 15.815722 21.321786 0.020000
v 15.464594 21.271105 0.020000
v 15.466721 21.336070 0.020000
v 15.116469 21.279651 0.020000
v 15.117532 21.344642 0.020000
v 14.768250 21.282500 0.020000
v 14.768250 21.347500 0.020000
v -14.768250 21.282500 0.020000
v -14.768250 21.347500 0.020000
v -15.116469 21.279651 0.020000
v -15.117532 21.344642 0.020000
v -15.464594 21.271105 0.020000
v -15.466721 21.336070 0.020000
v -15.812533 21.256864 0.020000
v -15.815722 21.321786 0.020000
v -16.160192 21.236933 0.020000
v -16.164443 21.301793 0.020000
v -16.507479 21.211315 0.020000
v -16.512791 21.276098 0.020000
v -16.854300 21.180019 0.020000
v -16.860671 21.244706 0.020000
v -17.200562 21.143052 0.020000
v -17.207991 21.207626 0.020000
v -17.546174 21.100425 0.020000
v -17.554658 21.164869 0.020000
v -17.891041 21.052149 0.020000
v -17.900579 21.116446 0.020000
v -18.235073 20.998237 0.020000
v -18.245661 21.062369 0.020000
v -18.578176 20.938703 0.020000
v -18.589812 21.002653 0.020000
v -18.920260 20.873563 0.020000
v -18.932941 20.937314 0.020000
v -19.261232 20.802834 0.020000
v -19.274954 20.866370 0.020000
v -19.601001 20.726537 0.020000
v -19.615761 20.789839 0.020000
v -19.939476 20.644690 0.020000
v -19.955269 20.707742 0.020000
v -20.276566 20.557316 0.020000
v -20.293390 20.620102 0.020000
v -20.612182 20.464439 0.020000
v -20.630031 20.526940 0.020000
v -20.946234 20.366083 0.020000
v -20.965102 20.428284 0.020000
v -21.278631 20.262274 0.020000
v -21.298515 20.324158 0.020000
v -21.609285 20.153040 0.020000
v -21.630179 20.214591 0.020000
v -21.938108 20.038412 0.020000
v -21.960006 20.099612 0.020000
v -22.265012 19.918418 0.020000
v -22.287908 19.979252 0.020000
v -22.589908 19.793092 0.020000
v -22.613796 19.853543 0.020000
v -22.912710 19.662466 0.020000
v -22.937585 19.722518 0.020000
v -23.233332 19.526577 0.020000
v -23.259186 19.586214 0.020000
v -23.551687 19.385459 0.020000
v -23.578513 19.444666 0.020000
v -23.867691 19.239152 0.020000
v -23.895482 19.297911 0.020000
v -24.181259 19.087694 0.020000
v -24.210008 19.145991 0.020000
v -24.492307 18.931126 0.020000
v -24.522005 18.988944 0.020000
v -24.800751 18.769489 0.020000
v -24.831392 18.826814 0.020000
v -25.106509 18.602828 0.020000
v -25.138084 18.659644 0.020000
v -25.409500 18.431186 0.020000
v -25.442000 18.487477 0.020000
v -25.709642 18.254609 0.020000
v -25.743058 18.310362 0.020000
v -26.006854 18.073145 0.020000
v -26.041178 18.128344 0.020000
v -26.301058 17.886843 0.020000
v -26.336281 17.941472 0.020000
v -26.592173 17.695752 0.020000
v -26.628286 17.749798 0.020000
v -26.880124 17.499923 0.020000
v -26.917115 17.553371 0.020000
v -27.164832 17.299410 0.020000
v -27.202693 17.352245 0.020000
v -27.446220 17.094264 0.020000
v -27.484941 17.146473 0.020000
v -27.724215 16.884542 0.020000
v -27.763785 16.936110 0.020000
v -27.998741 16.670300 0.020000
v -28.039149 16.721214 0.020000
v -28.269725 16.451595 0.020000
v -28.310961 16.501841 0.020000
v -28.537094 16.228485 0.020000
v -28.579146 16.278049 0.020000
v -28.800777 16.001031 0.020000
v -28.843635 16.049900 0.020000
v -29.060703 15.769292 0.020000
v -29.104355 15.817454 0.020000
v -29.316803 15.533332 0.020000
v -29.361237 15.580773 0.020000
v -29.569008 15.293213 0.020000
v -29.614212 15.339921 0.020000
v -29.817250 15.049000 0.020000
v -29.863212 15.094962 0.020000
v -30.061463 14.800758 0.020000
v -30.108171 14.845962 0.020000
v -30.301582 14.548553 0.020000
v -30.349023 14.592987 0.020000
v -30.537542 14.292453 0.020000
v -30.585704 14.336105 0.020000
v -30.769281 14.032527 0.020000
v -30.818150 14.075385 0.020000
v -30.996735 13.768844 0.020000
v -31.046299 13.810896 0.020000
v -31.219845 13.501475 0.020000
v -31.270091 13.542711 0.020000
v -31.438550 13.230491 0.020000
v -31.489464 13.270899 0.020000
v -31.652792 12.955965 0.020000
v -31.704360 12.995535 0.020000
v -31.862514 12.677970 0.020000
v -31.914723 12.716691 0.020000
v -32.067660 12.396582 0.020000
v -32.120495 12.434443 0.020000
v -32.268173 12.111874 0.020000
v -32.321621 12.148865 0.020000
v -32.464002 11.823923 0.020000
v -32.518048 11.860036 0.020000
v -32.655093 11.532808 0.020000
v -32.709722 11.568031 0.020000
v -32.841395 11.238604 0.020000
v -32.896594 11.272928 0.020000
v -33.022859 10.941392 0.020000
v -33.078612 10.974808 0.020000
v -33.199436 10.641250 0.020000
v -33.255727 10.673750 0.020000
v -33.371078 10.338259 0.020000
v -33.427894 10.369834 0.020000
v -33.537739 10.032501 0.020000
v -33.595064 10.063142 0.020000
v -33.699376 9.724057 0.020000
v -33.757194 9.753755 0.020000
v -33.855944 9.413009 0.020000
v -33.914241 9.441758 0.020000
v -34.007402 9.099441 0.020000
v -34.066161 9.127232 0.020000
v -34.153709 8.783437 0.020000
v -34.212916 8.810263 0.020000
v -34.294827 8.465082 0.020000
v -34.354464 8.490936 0.020000
v -34.430716 8.144460 0.020000
v -34.490768 8.169335 0.020000
v -34.561342 7.821658 0.020000
v -34.621793 7.845546 0.020000
v -34.686668 7.496762 0.020000
v -34.747502 7.519658 0.020000
v -34.806662 7.169858 0.020000
v -34.867862 7.191756 0.020000
v -34.921290 6.841035 0.020000
v -34.982841 6.861929 0.020000
v -35.030524 6.510381 0.020000
v -35.092408 6.530265 0.020000
v -35.134333 6.177984 0.020000
v -35.196534 6.196852 0.020000
v -35.232689 5.843932 0.020000
v -35.295190 5.861781 0.020000
v -35.325566 5.508316 0.020000
v -35.388352 5.525140 0.020000
v -35.412940 5.171226 0.020000
v -35.475992 5.187019 0.020000
v -35.494787 4.832751 0.020000
v -35.558089 4.847511 0.020000
v -35.571084 4.492982 0.020000
v -35.634620 4.506704 0.020000
v -35.641813 4.152010 0.020000
v -35.705564 4.164691 0.020000
v -35.706953 3.809926 0.020000
v -35.770903 3.821562 0.020000
v -35.766487 3.466823 0.020000
v -35.830619 3.477411 0.020000
v -35.820399 3.122791 0.020000
v -35.884696 3.132329 0.020000
v -35.868675 2.777924 0.020000
v -35.933119 2.786408 0.020000
v -35.911302 2.432312 0.020000
v -35.975876 2.439741 0.020000
v -35.948269 2.086050 0.020000
v -36.012956 2.092421 0.020000
v -35.979565 1.739229 0.020000
v -36.044348 1.744541 0.020000
v -36.005183 1.391942 0.020000
v -36.070043 1.396193 0.020000
v -36.025114 1.044283 0.020000
v -36.090036 1.047472 0.020000
v -36.039355 0.696344 0.020000
v -36.104320 0.698471 0.020000
v -36.047901 0.348219 0.020000
v -36.112892 0.349282 0.020000
v -36.050750 0.000000 0.020000
v -36.115750 0.000000 0.020000
v -36.047901 -0.348219 0.020000
v -36.112892 -0.349282 0.020000
v -36.039355 -0.696344 0.020000
v -36.104320 -0.698471 0.020000
v -36.025114 -1.044283 0.020000
v -36.090036 -1.047472 0.020000
v -36.005183 -1.391942 0.020000
v -36.070043 -1.396193 0.020000
v -35.979565 -1.739229 0.020000
v -36.044348 -1.744541 0.020000
v -35.948269 -2.086050 0.020000
v -36.012956 -2.092421 0.020000
v -35.911302 -2.432312 0.020000
v -35.975876 -2.439741 0.020000
v -35.868675 -2.777924 0.020000
v -35.933119 -2.786408 0.020000
v -35.820399 -3.122791 0.020000
v -35.884696 -3.132329 0.020000
v -35.766487 -3.466823 0.020000
v -35.830619 -3.477411 0.020000
v -35.706953 -3.809926 0.020000
v -35.770903 -3.821562 0.020000
v -35.641813 -4.152010 0.020000
v -35.705564 -4.164691 0.020000
v -35.571084 -4.492982 0.020000
v -35.634620 -4.506704 0.020000
v -35.494787 -4.832751 0.020000
v -35.558089 -4.847511 0.020000
v -35.412940 -5.171226 0.020000
v -35.475992 -5.187019 0.020000
v -35.325566 -5.508316 0.020000
v -35.388352 -5.525140 0.020000
v -35.232689 -5.843932 0.020000
v -35.295190 -5.861781 0.020000
v -35.134333 -6.177984 0.020000
v -35.196534 -6.196852 0.020000
v -35.030524 -6.510381 0.020000
v -35.092408 -6.530265 0.020000
v -34.921290 -6.841035 0.020000
v -34.982841 -6.861929 0.020000
v -34.806662 -7.169858 0.020000
v -34.867862 -7.191756 0.020000
v -34.686668 -7.496762 0.020000
v -34.747502 -7.519658 0.020000
v -34.561342 -7.821658 0.020000
v -34.621793 -7.845546 0.020000
v -34.430716 -8.144460 0.020000
v -34.490768 -8.169335 0.020000
v -34.294827 -8.465082 0.020000
v -34.354464 -8.490936 0.020000
v -34.153709 -8.783437 0.020000
v -34.212916 -8.810263 0.020000
v -34.007402 -9.099441 0.020000
v -34.066161 -9.127232 0.020000
v -33.855944 -9.413009 0.020000
v -33.914241 -9.441758 0.020000
v -33.699376 -9.724057 0.020000
v -33.757194 -9.753755 0.020000
v -33.537739 -10.032501 0.020000
v -33.595064 -10.063142 0.020000
v -33.371078 -10.338259 0.020000
v -33.427894 -10.369834 0.020000
v -33.199436 -10.641250 0.020000
v -33.255727 -10.673750 0.020000
v -33.022859 -10.941392 0.020000
v -33.078612 -10.974808 0.020000
v -32.841395 -11.238604 0.020000
v -32.896594 -11.272928 0.020000
v -32.655093 -11.532808 0.020000
v -32.709722 -11.568031 0.020000
v -32.464002 -11.823923 0.020000
v -32.518048 -11.860036 0.020000
v -32.268173 -12.111874 0.020000
v -32.321621 -12.148865 0.020000
v -32.067660 -12.396582 0.020000
v -32.120495 -12.434443 0.020000
v -31.862514 -12.677970 0.020000
v -31.914723 -12.716691 0.020000
v -31.652792 -12.955965 0.020000
v -31.704360 -12.995535 0.020000
v -31.438550 -13.230491 0.020000
v -31.489464 -13.270899 0.020000
v -31.219845 -13.501475 0.020000
v -31.270091 -13.542711 0.020000
v -30.996735 -13.768844 0.020000
v -31.046299 -13.810896 0.020000
v -30.769281 -14.032527 0.020000
v -30.818150 -14.075385 0.020000
v -30.537542 -14.292453 0.020000
v -30.585704 -14.336105 0.020000
v -30.301582 -14.548553 0.020000
v -30.349023 -14.592987 0.020000
v -30.061463 -14.800758 0.020000
v -30.108171 -14.845962 0.020000
v -29.817250 -15.049000 0.020000
v -29.863212 -15.094962 0.020000
v -29.569008 -15.293213 0.020000
v -29.614212 -15.339921 0.020000
v -29.316803 -15.533332 0.020000
v -29.361237 -15.580773 0.020000
v -29.060703 -15.769292 0.020000
v -29.104355 -15.817454 0.020000
v -28.800777 -16.001031 0.020000
v -28.843635 -16.049900 0.020000
v -28.537094 -16.228485 0.020000
v -28.579146 -16.278049 0.020000
v -28.269725 -16.451595 0.020000
v -28.310961 -16.501841 0.020000
v -27.998741 -16.670300 0.020000
v -28.039149 -16.721214 0.020000
v -27.724215 -16.884542 0.020000
v -27.763785 -16.936110 0.020000
v -27.446220 -17.094264 0.020000
v -27.484941 -17.146473 0.020000
v -27.164832 -17.299410 0.020000
v -27.202693 -17.352245 0.020000
v -26.880124 -17.499923 0.020000
v -26.917115 -17.553371 0.020000
v -26.592173 -17.695752 0.020000
v -26.628286 -17.749798 0.020000
v -26.301058 -17.886843 0.020000
v -26.336281 -17.941472 0.020000
v -26.006854 -18.073145 0.020000
v -26.041178 -18.128344 0.020000
v -25.709642 -18.254609 0.020000
v -25.743058 -18.310362 0.020000
v -25.409500 -18.431186 0.020000
v -25.442000 -18.487477 0.020000
v -25.106509 -18.602828 0.020000
v -25.138084 -18.659644 0.020000
v -24.800751 -18.769489 0.020000
v -24.831392 -18.826814 0.020000
v -24.492307 -18.931126 0.020000
v -24.522005 -18.988944 0.020000
v -24.181259 -19.087694 0.020000
v -24.210008 -19.145991 0.020000
v -23.867691 -19.239152 0.020000
v -23.895482 -19.297911 0.020000
v -23.551687 -19.385459 0.020000
v -23.578513 -19.444666 0.020000
v -23.233332 -19.526577 0.020000
v -23.259186 -19.586214 0.020000
v -22.912710 -19.662466 0.020000
v -22.937585 -19.722518 0.020000
v -22.589908 -19.793092 0.020000
v -22.613796 -19.853543 0.020000
v -22.265012 -19.918418 0.020000
v -22.287908 -19.979252 0.020000
v -21.938108 -20.038412 0.020000
v -21.960006 -20.099612 0.020000
v -21.609285 -20.153040 0.020000
v -21.630179 -20.214591 0.020000
v -21.278631 -20.262274 0.020000
v -21.298515 -20.324158 0.020000
v -20.946234 -20.366083 0.020000
v -20.965102 -20.428284 0.020000
v -20.612182 -20.464439 0.020000
v -20.630031 -20.526940 0.020000
v -20.276566 -20.557316 0.020000
v -20.293390 -20.620102 0.020000
v -19.939476 -20.644690 0.020000
v -19.955269 -20.707742 0.020000
v -19.601001 -20.726537 0.020000
v -19.615761 -20.789839 0.020000
v -19.261232 -20.802834 0.020000
v -19.274954 -20.866370 0.020000
v -18.920260 -20.873563 0.020000
v -18.932941 -20.937314 0.020000
v -18.578176 -20.938703 0.020000
v -18.589812 -21.002653 0.020000
v -18.235073 -20.998237 0.020000
v -18.245661 -21.062369 0.020000
v -17.891041 -21.052149 0.020000
v -17.900579 -21.116446 0.020000
v -17.546174 -21.100425 0.020000
v -17.554658 -21.164869 0.020000
v -17.200562 -21.143052 0.020000
v -17.207991 -21.207626 0.020000
v -16.854300 -21.180019 0.020000
v -16.860671 -21.244706 0.020000
v -16.507479 -21.211315 0.020000
v -16.512791 -21.276098 0.020000
v -16.160192 -21.236933 0.020000
v -16.164443 -21.301793 0.020000
v -15.812533 -21.256864 0.020000
v -15.815722 -21.321786 0.020000
v -15.464594 -21.271105 0.020000
v -15.466721 -21.336070 0.020000
v -15.116469 -21.279651 0.020000
v -15.117532 -21.344642 0.020000
v -14.768250 -21.282500 0.020000
v -14.768250 -21.347500 0.020000
v -14.768250 22.502500 0.020000
v 14.768250 22.502500 0.020000
v 14.768250 22.567500 0.020000
v -14.768250 22.567500 0.020000
v 14.768250 -22.502500 0.020000
v -14.768250 -22.502500 0.020000
v -14.768250 -22.567500 0.020000
v 14.768250 -22.567500 0.020000
v 14.768250 -22.502500 0.020000
v 14.768250 -22.567500 0.020000
v 15.136430 -22.499488 0.020000
v 15.137493 -22.564479 0.020000
v 15.504511 -22.490452 0.020000
v 15.506638 -22.555417 0.020000
v 15.872395 -22.475395 0.020000
v 15.875585 -22.540316 0.020000
v 16.239984 -22.454320 0.020000
v 16.244235 -22.519181 0.020000
v 16.607178 -22.427235 0.020000
v 16.612490 -22.492017 0.020000
v 16.973881 -22.394144 0.020000
v 16.980252 -22.458831 0.020000
v 17.339992 -22.355059 0.020000
v 17.347421 -22.419633 0.020000
v 17.705416 -22.309988 0.020000
v 17.713900 -22.374432 0.020000
v 18.070053 -22.258944 0.020000
v 18.079590 -22.323241 0.020000
v 18.433805 -22.201942 0.020000
v 18.444394 -22.266073 0.020000
v 18.796577 -22.138995 0.020000
v 18.808213 -22.202945 0.020000
v 19.158270 -22.070121 0.020000
v 19.170951 -22.133872 0.020000
v 19.518788 -21.995338 0.020000
v 19.532510 -22.058873 0.020000
v 19.878034 -21.914667 0.020000
v 19.892794 -21.977969 0.020000
v 20.235911 -21.828128 0.020000
v 20.251705 -21.891180 0.020000
v 20.592326 -21.735746 0.020000
v 20.609149 -21.798531 0.020000
v 20.947180 -21.637544 0.020000
v 20.965029 -21.700046 0.020000
v 21.300381 -21.533550 0.020000
v 21.319249 -21.595751 0.020000
v 21.651833 -21.423790 0.020000
v 21.671716 -21.485674 0.020000
v 22.001442 -21.308295 0.020000
v 22.022335 -21.369846 0.020000
v 22.349114 -21.187095 0.020000
v 22.371012 -21.248296 0.020000
v 22.694757 -21.060223 0.020000
v 22.717653 -21.121057 0.020000
v 23.038277 -20.927713 0.020000
v 23.062166 -20.988164 0.020000
v 23.379584 -20.789599 0.020000
v 23.404458 -20.849651 0.020000
v 23.718585 -20.645920 0.020000
v 23.744439 -20.705557 0.020000
v 24.055190 -20.496713 0.020000
v 24.082016 -20.555919 0.020000
v 24.389308 -20.342019 0.020000
v 24.417100 -20.400778 0.020000
v 24.720851 -20.181879 0.020000
v 24.749600 -20.240176 0.020000
v 25.049729 -20.016335 0.020000
v 25.079428 -20.074154 0.020000
v 25.375855 -19.845433 0.020000
v 25.406496 -19.902758 0.020000
v 25.699141 -19.669218 0.020000
v 25.730715 -19.726034 0.020000
v 26.019500 -19.487737 0.020000
v 26.052000 -19.544028 0.020000
v 26.336847 -19.301038 0.020000
v 26.370264 -19.356790 0.020000
v 26.651097 -19.109172 0.020000
v 26.685421 -19.164370 0.020000
v 26.962165 -18.912190 0.020000
v 26.997388 -18.966819 0.020000
v 27.269969 -18.710145 0.020000
v 27.306081 -18.764190 0.020000
v 27.574426 -18.503091 0.020000
v 27.611418 -18.556538 0.020000
v 27.875454 -18.291083 0.020000
v 27.913315 -18.343918 0.020000
v 28.172974 -18.074177 0.020000
v 28.211694 -18.126386 0.020000
v 28.466904 -17.852434 0.020000
v 28.506474 -17.904002 0.020000
v 28.757167 -17.625910 0.020000
v 28.797575 -17.676824 0.020000
v 29.043685 -17.394668 0.020000
v 29.084920 -17.444913 0.020000
v 29.326381 -17.158768 0.020000
v 29.368433 -17.208333 0.020000
v 29.605179 -16.918275 0.020000
v 29.648037 -16.967145 0.020000
v 29.880005 -16.673253 0.020000
v 29.923657 -16.721415 0.020000
v 30.150786 -16.423766 0.020000
v 30.195219 -16.471207 0.020000
v 30.417448 -16.169883 0.020000
v 30.462652 -16.216591 0.020000
v 30.679920 -15.911670 0.020000
v 30.725882 -15.957632 0.020000
v 30.938133 -15.649198 0.020000
v 30.984841 -15.694402 0.020000
v 31.192016 -15.382536 0.020000
v 31.239457 -15.426969 0.020000
v 31.441503 -15.111755 0.020000
v 31.489665 -15.155407 0.020000
v 31.686525 -14.836929 0.020000
v 31.735395 -14.879787 0.020000
v 31.927018 -14.558131 0.020000
v 31.976583 -14.600183 0.020000
v 32.162918 -14.275435 0.020000
v 32.213163 -14.316670 0.020000
v 32.394160 -13.988917 0.020000
v 32.445074 -14.029325 0.020000
v 32.620684 -13.698654 0.020000
v 32.672252 -13.738224 0.020000
v 32.842427 -13.404724 0.020000
v 32.894636 -13.443444 0.020000
v 33.059333 -13.107204 0.020000
v 33.112168 -13.145065 0.020000
v 33.271341 -12.806176 0.020000
v 33.324788 -12.843168 0.020000
v 33.478395 -12.501719 0.020000
v 33.532440 -12.537831 0.020000
v 33.680440 -12.193915 0.020000
v 33.735069 -12.229138 0.020000
v 33.877422 -11.882847 0.020000
v 33.932620 -11.917171 0.020000
v 34.069288 -11.568597 0.020000
v 34.125040 -11.602014 0.020000
v 34.255987 -11.251250 0.020000
v 34.312278 -11.283750 0.020000
v 34.437468 -10.930891 0.020000
v 34.494284 -10.962465 0.020000
v 34.613683 -10.607605 0.020000
v 34.671008 -10.638246 0.020000
v 34.784585 -10.281479 0.020000
v 34.842404 -10.311178 0.020000
v 34.950129 -9.952601 0.020000
v 35.008426 -9.981350 0.020000
v 35.110269 -9.621058 0.020000
v 35.169028 -9.648850 0.020000
v 35.264963 -9.286940 0.020000
v 35.324169 -9.313766 0.020000
v 35.414170 -8.950335 0.020000
v 35.473807 -8.976189 0.020000
v 35.557849 -8.611334 0.020000
v 35.617901 -8.636208 0.020000
v 35.695963 -8.270027 0.020000
v 35.756414 -8.293916 0.020000
v 35.828473 -7.926507 0.020000
v 35.889307 -7.949403 0.020000
v 35.955345 -7.580864 0.020000
v 36.016546 -7.602762 0.020000
v 36.076545 -7.233192 0.020000
v 36.138096 -7.254085 0.020000
v 36.192040 -6.883583 0.020000
v 36.253924 -6.903466 0.020000
v 36.301800 -6.532131 0.020000
v 36.364001 -6.550999 0.020000
v 36.405794 -6.178930 0.020000
v 36.468296 -6.196779 0.020000
v 36.503996 -5.824076 0.020000
v 36.566781 -5.840899 0.020000
v 36.596378 -5.467661 0.020000
v 36.659430 -5.483455 0.020000
v 36.682917 -5.109784 0.020000
v 36.746219 -5.124544 0.020000
v 36.763588 -4.750538 0.020000
v 36.827123 -4.764260 0.020000
v 36.838371 -4.390020 0.020000
v 36.902122 -4.402701 0.020000
v 36.907245 -4.028327 0.020000
v 36.971195 -4.039963 0.020000
v 36.970192 -3.665555 0.020000
v 37.034323 -3.676144 0.020000
v 37.027194 -3.301803 0.020000
v 37.091491 -3.311340 0.020000
v 37.078238 -2.937166 0.020000
v 37.142682 -2.945650 0.020000
v 37.123309 -2.571742 0.020000
v 37.187883 -2.579171 0.020000
v 37.162394 -2.205631 0.020000
v 37.227081 -2.212002 0.020000
v 37.195485 -1.838928 0.020000
v 37.260267 -1.844240 0.020000
v 37.222570 -1.471734 0.020000
v 37.287431 -1.475985 0.020000
v 37.243645 -1.104145 0.020000
v 37.308566 -1.107335 0.020000
v 37.258702 -0.736261 0.020000
v 37.323667 -0.738388 0.020000
v 37.267738 -0.368180 0.020000
v 37.332729 -0.369243 0.020000
v 37.270750 0.000000 0.020000
v 37.335750 0.000000 0.020000
v 37.267738 0.368180 0.020000
v 37.332729 0.369243 0.020000
v 37.258702 0.736261 0.020000
v 37.323667 0.738388 0.020000
v 37.243645 1.104145 0.020000
v 37.308566 1.107335 0.020000
v 37.222570 1.471734 0.020000
v 37.287431 1.475985 0.020000
v 37.195485 1.838928 0.020000
v 37.260267 1.844240 0.020000
v 37.162394 2.205631 0.020000
v 37.227081 2.212002 0.020000
v 37.123309 2.571742 0.020000
v 37.187883 2.579171 0.020000
v 37.078238 2.937166 0.020000
v 37.142682 2.945650 0.020000
v 37.027194 3.301803 0.020000
v 37.091491 3.311340 0.020000
v 36.970192 3.665555 0.020000
v 37.034323 3.676144 0.020000
v 36.907245 4.028327 0.020000
v 36.971195 4.039963 0.020000
v 36.838371 4.390020 0.020000
v 36.902122 4.402701 0.020000
v 36.763588 4.750538 0.020000
v 36.827123 4.764260 0.020000
v 36.682917 5.109784 0.020000
v 36.746219 5.124544 0.020000
v 36.596378 5.467661 0.020000
v 36.659430 5.483455 0.020000
v 36.503996 5.824076 0.020000
v 36.566781 5.840899 0.020000
v 36.405794 6.178930 0.020000
v 36.468296 6.196779 0.020000
v 36.301800 6.532131 0.020000
v 36.364001 6.550999 0.020000
v 36.192040 6.883583 0.020000
v 36.253924 6.903466 0.020000
v 36.076545 7.233192 0.020000
v 36.138096 7.254085 0.020000
v 35.955345 7.580864 0.020000
v 36.016546 7.602762 0.020000
v 35.828473 7.926507 0.020000
v 35.889307 7.949403 0.020000
v 35.695963 8.270027 0.020000
v 35.756414 8.293916 0.020000
v 35.557849 8.611334 0.020000
v 35.617901 8.636208 0.020000
v 35.414170 8.950335 0.020000
v 35.473807 8.976189 0.020000
v 35.264963 9.286940 0.020000
v 35.324169 9.313766 0.020000
v 35.110269 9.621058 0.020000
v 35.169028 9.648850 0.020000
v 34.950129 9.952601 0.020000
v 35.008426 9.981350 0.020000
v 34.784585 10.281479 0.020000
v 34.842404 10.311178 0.020000
v 34.613683 10.607605 0.020000
v 34.671008 10.638246 0.020000
v 34.437468 10.930891 0.020000
v 34.494284 10.962465 0.020000
v 34.255987 11.251250 0.020000
v 34.312278 11.283750 0.020000
v 34.069288 11.568597 0.020000
v 34.125040 11.602014 0.020000
v 33.877422 11.882847 0.020000
v 33.932620 11.917171 0.020000
v 33.680440 12.193915 0.020000
v 33.735069 12.229138 0.020000
v 33.478395 12.501719 0.020000
v 33.532440 12.537831 0.020000
v 33.271341 12.806176 0.020000
v 33.324788 12.843168 0.020000
v 33.059333 13.107204 0.020000
v 33.112168 13.145065 0.020000
v 32.842427 13.404724 0.020000
v 32.894636 13.443444 0.020000
v 32.620684 13.698654 0.020000
v 32.672252 13.738224 0.020000
v 32.394160 13.988917 0.020000
v 32.445074 14.029325 0.020000
v 32.162918 14.275435 0.020000
v 32.213163 14.316670 0.020000
v 31.927018 14.558131 0.020000
v 31.976583 14.600183 0.020000
v 31.686525 14.836929 0.020000
v 31.735395 14.879787 0.020000
v 31.441503 15.111755 0.020000
v 31.489665 15.155407 0.020000
v 31.192016 15.382536 0.020000
v 31.239457 15.426969 0.020000
v 30.938133 15.649198 0.020000
v 30.984841 15.694402 0.020000
v 30.679920 15.911670 0.020000
v 30.725882 15.957632 0.020000
v 30.417448 16.169883 0.020000
v 30.462652 16.216591 0.020000
v 30.150786 16.423766 0.020000
v 30.195219 16.471207 0.020000
v 29.880005 16.673253 0.020000
v 29.923657 16.721415 0.020000
v 29.605179 16.918275 0.020000
v 29.648037 16.967145 0.020000
v 29.326381 17.158768 0.020000
v 29.368433 17.208333 0.020000
v 29.043685 17.394668 0.020000
v 29.084920 17.444913 0.020000
v 28.757167 17.625910 0.020000
v 28.797575 17.676824 0.020000
v 28.466904 17.852434 0.020000
v 28.506474 17.904002 0.020000
v 28.172974 18.074177 0.020000
v 28.211694 18.126386 0.020000
v 27.875454 18.291083 0.020000
v 27.913315 18.343918 0.020000
v 27.574426 18.503091 0.020000
v 27.611418 18.556538 0.020000
v 27.269969 18.710145 0.020000
v 27.306081 18.764190 0.020000
v 26.962165 18.912190 0.020000
v 26.997388 18.966819 0.020000
v 26.651097 19.109172 0.020000
v 26.685421 19.164370 0.020000
v 26.336847 19.301038 0.020000
v 26.370264 19.356790 0.020000
v 26.019500 19.487737 0.020000
v 26.052000 19.544028 0.020000
v 25.699141 19.669218 0.020000
v 25.730715 19.726034 0.020000
v 25.375855 19.845433 0.020000
v 25.406496 19.902758 0.020000
v 25.049729 20.016335 0.020000
v 25.079428 20.074154 0.020000
v 24.720851 20.181879 0.020000
v 24.749600 20.240176 0.020000
v 24.389308 20.342019 0.020000
v 24.417100 20.400778 0.020000
v 24.055190 20.496713 0.020000
v 24.082016 20.555919 0.020000
v 23.718585 20.645920 0.020000
v 23.744439 20.705557 0.020000
v 23.379584 20.789599 0.020000
v 23.404458 20.849651 0.020000
v 23.038277 20.927713 0.020000
v 23.062166 20.988164 0.020000
v 22.694757 21.060223 0.020000
v 22.717653 21.121057 0.020000
v 22.349114 21.187095 0.020000
v 22.371012 21.248296 0.020000
v 22.001442 21.308295 0.020000
v 22.022335 21.369846 0.020000
v 21.651833 21.423790 0.020000
v 21.671716 21.485674 0.020000
v 21.300381 21.533550 0.020000
v 21.319249 21.595751 0.020000
v 20.947180 21.637544 0.020000
v 20.965029 21.700046 0.020000
v 20.592326 21.735746 0.020000
v 20.609149 21.798531 0.020000
v 20.235911 21.828128 0.020000
v 20.251705 21.891180 0.020000
v 19.878034 21.914667 0.020000
v 19.892794 21.977969 0.020000
v 19.518788 21.995338 0.020000
v 19.532510 22.058873 0.020000
v 19.158270 22.070121 0.020000
v 19.170951 22.133872 0.020000
v 18.796577 22.138995 0.020000
v 18.808213 22.202945 0.020000
v 18.433805 22.201942 0.020000
v 18.444394 22.266073 0.020000
v 18.070053 22.258944 0.020000
v 18.079590 22.323241 0.020000
v 17.705416 22.309988 0.020000
v 17.713900 22.374432 0.020000
v 17.339992 22.355059 0.020000
v 17.347421 22.419633 0.020000
v 16.973881 22.394144 0.020000
v 16.980252 22.458831 0.020000
v 16.607178 22.427235 0.020000
v 16.612490 22.492017 0.020000
v 16.239984 22.454320 0.020000
v 16.244235 22.519181 0.020000
v 15.872395 22.475395 0.020000
v 15.875585 22.540316 0.020000
v 15.504511 22.490452 0.020000
v 15.506638 22.555417 0.020000
v 15.136430 22.499488 0.020000
v 15.137493 22.564479 0.020000
v 14.768250 22.502500 0.020000
v 14.768250 22.567500 0.020000
v -14.768250 22.502500 0.020000
v -14.768250 22.567500 0.020000
v -15.136430 22.499488 0.020000
v -15.137493 22.564479 0.020000
v -15.504511 22.490452 0.020000
v -15.506638 22.555417 0.020000
v -15.872395 22.475395 0.020000
v -15.875585 22.540316 0.020000
v -16.239984 22.454320 0.020000
v -16.244235 22.519181 0.020000
v -16.607178 22.427235 0.020000
v -16.612490 22.492017 0.020000
v -16.973881 22.394144 0.020000
v -16.980252 22.458831 0.020000
v -17.339992 22.355059 0.020000
v -17.347421 22.419633 0.020000
v -17.705416 22.309988 0.020000
v -17.713900 22.374432 0.020000
v -18.070053 22.258944 0.020000
v -18.079590 22.323241 0.020000
v -18.433805 22.201942 0.020000
v -18.444394 22.266073 0.020000
v -18.796577 22.138995 0.020000
v -18.808213 22.202945 0.020000
v -19.158270 22.070121 0.020000
v -19.170951 22.133872 0.020000
v -19.518788 21.995338 0.020000
v -19.532510 22.058873 0.020000
v -19.878034 21.914667 0.020000
v -19.892794 21.977969 0.020000
v -20.235911 21.828128 0.020000
v -20.251705 21.891180 0.020000
v -20.592326 21.735746 0.020000
v -20.609149 21.798531 0.020000
v -20.947180 21.637544 0.020000
v -20.965029 21.700046 0.020000
v -21.300381 21.533550 0.020000
v -21.319249 21.595751 0.020000
v -21.651833 21.423790 0.020000
v -21.671716 21.485674 0.020000
v -22.001442 21.308295 0.020000
v -22.022335 21.369846 0.020000
v -22.349114 21.187095 0.020000
v -22.371012 21.248296 0.020000
v -22.694757 21.060223 0.020000
v -22.717653 21.121057 0.020000
v -23.038277 20.927713 0.020000
v -23.062166 20.988164 0.020000
v -23.379584 20.789599 0.020000
v -23.404458 20.849651 0.020000
v -23.718585 20.645920 0.020000
v -23.744439 20.705557 0.020000
v -24.055190 20.496713 0.020000
v -24.082016 20.555919 0.020000
v -24.389308 20.342019 0.020000
v -24.417100 20.400778 0.020000
v -24.720851 20.181879 0.020000
v -24.749600 20.240176 0.020000
v -25.049729 20.016335 0.020000
v -25.079428 20.074154 0.020000
v -25.375855 19.845433 0.020000
v -25.406496 19.902758 0.020000
v -25.699141 19.669218 0.020000
v -25.730715 19.726034 0.020000
v -26.019500 19.487737 0.020000
v -26.052000 19.544028 0.020000
v -26.336847 19.301038 0.020000
v -26.370264 19.356790 0.020000
v -26.651097 19.109172 0.020000
v -26.685421 19.164370 0.020000
v -26.962165 18.912190 0.020000
v -26.997388 18.966819 0.020000
v -27.269969 18.710145 0.020000
v -27.306081 18.764190 0.020000
v -27.574426 18.503091 0.020000
v -27.611418 18.556538 0.020000
v -27.875454 18.291083 0.020000
v -27.913315 18.343918 0.020000
v -28.172974 18.074177 0.020000
v -28.211694 18.126386 0.020000
v -28.466904 17.852434 0.020000
v -28.506474 17.904002 0.020000
v -28.757167 17.625910 0.020000
v -28.797575 17.676824 0.020000
v -29.043685 17.394668 0.020000
v -29.084920 17.444913 0.020000
v -29.326381 17.158768 0.020000
v -29.368433 17.208333 0.020000
v -29.605179 16.918275 0.020000
v -29.648037 16.967145 0.020000
v -29.880005 16.673253 0.020000
v -29.923657 16.721415 0.020000
v -30.150786 16.423766 0.020000
v -30.195219 16.471207 0.020000
v -30.417448 16.169883 0.020000
v -30.462652 16.216591 0.020000
v -30.679920 15.911670 0.020000
v -30.725882 15.957632 0.020000
v -30.938133 15.649198 0.020000
v -30.984841 15.694402 0.020000
v -31.192016 15.382536 0.020000
v -31.239457 15.426969 0.020000
v -31.441503 15.111755 0.020000
v -31.489665 15.155407 0.020000
v -31.686525 14.836929 0.020000
v -31.735395 14.879787 0.020000
v -31.927018 14.558131 0.020000
v -31.976583 14.600183 0.020000
v -32.162918 14.275435 0.020000
v -32.213163 14.316670 0.020000
v -32.394160 13.988917 0.020000
v -32.445074 14.029325 0.020000
v -32.620684 13.698654 0.020000
v -32.672252 13.738224 0.020000
v -32.842427 13.404724 0.020000
v -32.894636 13.443444 0.020000
v -33.059333 13.107204 0.020000
v -33.112168 13.145065 0.020000
v -33.271341 12.806176 0.020000
v -33.324788 12.843168 0.020000
v -33.478395 12.501719 0.020000
v -33.532440 12.537831 0.020000
v -33.680440 12.193915 0.020000
v -33.735069 12.229138 0.020000
v -33.877422 11.882847 0.020000
v -33.932620 11.917171 0.020000
v -34.069288 11.568597 0.020000
v -34.125040 11.602014 0.020000
v -34.255987 11.251250 0.020000
v -34.312278 11.283750 0.020000
v -34.437468 10.930891 0.020000
v -34.494284 10.962465 0.020000
v -34.613683 10.607605 0.020000
v -34.671008 10.638246 0.020000
v -34.784585 10.281479 0.020000
v -34.842404 10.311178 0.020000
v -34.950129 9.952601 0.020000
v -35.008426 9.981350 0.020000
v -35.110269 9.621058 0.020000
v -35.169028 9.648850 0.020000
v -35.264963 9.286940 0.020000
v -35.324169 9.313766 0.020000
v -35.414170 8.950335 0.020000
v -35.473807 8.976189 0.020000
v -35.557849 8.611334 0.020000
v -35.617901 8.636208 0.020000
v -35.695963 8.270027 0.020000
v -35.756414 8.293916 0.020000
v -35.828473 7.926507 0.020000
v -35.889307 7.949403 0.020000
v -35.955345 7.580864 0.020000
v -36.016546 7.602762 0.020000
v -36.076545 7.233192 0.020000
v -36.138096 7.254085 0.020000
v -36.192040 6.883583 0.020000
v -36.253924 6.903466 0.020000
v -36.301800 6.532131 0.020000
v -36.364001 6.550999 0.020000
v -36.405794 6.178930 0.020000
v -36.468296 6.196779 0.020000
v -36.503996 5.824076 0.020000
v -36.566781 5.840899 0.020000
v -36.596378 5.467661 0.020000
v -36.659430 5.483455 0.020000
v -36.682917 5.109784 0.020000
v -36.746219 5.124544 0.020000
v -36.763588 4.750538 0.020000
v -36.827123 4.764260 0.020000
v -36.838371 4.390020 0.020000
v -36.902122 4.402701 0.020000
v -36.907245 4.028327 0.020000
v -36.971195 4.039963 0.020000
v -36.970192 3.665555 0.020000
v -37.034323 3.676144 0.020000
v -37.027194 3.301803 0.020000
v -37.091491 3.311340 0.020000
v -37.078238 2.937166 0.020000
v -37.142682 2.945650 0.020000
v -37.123309 2.571742 0.020000
v -37.187883 2.579171 0.020000
v -37.162394 2.205631 0.020000
v -37.227081 2.212002 0.020000
v -37.195485 1.838928 0.020000
v -37.260267 1.844240 0.020000
v -37.222570 1.471734 0.020000
v -37.287431 1.475985 0.020000
v -37.243645 1.104145 0.020000
v -37.308566 1.107335 0.020000
v -37.258702 0.736261 0.020000
v -37.323667 0.738388 0.020000
v -37.267738 0.368180 0.020000
v -37.332729 0.369243 0.020000
v -37.270750 0.000000 0.020000
v -37.335750 0.000000 0.020000
v -37.267738 -0.368180 0.020000
v -37.332729 -0.369243 0.020000
v -37.258702 -0.736261 0.020000
v -37.323667 -0.738388 0.020000
v -37.243645 -1.104145 0.020000
v -37.308566 -1.107335 0.020000
v -37.222570 -1.471734 0.020000
v -37.287431 -1.475985 0.020000
v -37.195485 -1.838928 0.020000
v -37.260267 -1.844240 0.020000
v -37.162394 -2.205631 0.020000
v -37.227081 -2.212002 0.020000
v -37.123309 -2.571742 0.020000
v -37.187883 -2.579171 0.020000
v -37.078238 -2.937166 0.020000
v -37.142682 -2.945650 0.020000
v -37.027194 -3.301803 0.020000
v -37.091491 -3.311340 0.020000
v -36.970192 -3.665555 0.020000
v -37.034323 -3.676144 0.020000
v -36.907245 -4.028327 0.020000
v -36.971195 -4.039963 0.020000
v -36.838371 -4.390020 0.020000
v -36.902122 -4.402701 0.020000
v -36.763588 -4.750538 0.020000
v -36.827123 -4.764260 0.020000
v -36.682917 -5.109784 0.020000
v -36.746219 -5.124544 0.020000
v -36.596378 -5.467661 0.020000
v -36.659430 -5.483455 0.020000
v -36.503996 -5.824076 0.020000
v -36.566781 -5.840899 0.020000
v -36.405794 -6.178930 0.020000
v -36.468296 -6.196779 0.020000
v -36.301800 -6.532131 0.020000
v -36.364001 -6.550999 0.020000
v -36.192040 -6.883583 0.020000
v -36.253924 -6.903466 0.020000
v -36.076545 -7.233192 0.020000
v -36.138096 -7.254085 0.020000
v -35.955345 -7.580864 0.020000
v -36.016546 -7.602762 0.020000
v -35.828473 -7.926507 0.020000
v -35.889307 -7.949403 0.020000
v -35.695963 -8.270027 0.020000
v -35.756414 -8.293916 0.020000
v -35.557849 -8.611334 0.020000
v -35.617901 -8.636208 0.020000
v -35.414170 -8.950335 0.020000
v -35.473807 -8.976189 0.020000
v -35.264963 -9.286940 0.020000
v -35.324169 -9.313766 0.020000
v -35.110269 -9.621058 0.020000
v -35.169028 -9.648850 0.020000
v -34.950129 -9.952601 0.020000
v -35.008426 -9.981350 0.020000
v -34.784585 -10.281479 0.020000
v -34.842404 -10.311178 0.020000
v -34.613683 -10.607605 0.020000
v -34.671008 -10.638246 0.020000
v -34.437468 -10.930891 0.020000
v -34.494284 -10.962465 0.020000
v -34.255987 -11.251250 0.020000
v -34.312278 -11.283750 0.020000
v -34.069288 -11.568597 0.020000
v -34.125040 -11.602014 0.020000
v -33.877422 -11.882847 0.020000
v -33.932620 -11.917171 0.020000
v -33.680440 -12.193915 0.020000
v -33.735069 -12.229138 0.020000
v -33.478395 -12.501719 0.020000
v -33.532440 -12.537831 0.020000
v -33.271341 -12.806176 0.020000
v -33.324788 -12.843168 0.020000
v -33.059333 -13.107204 0.020000
v -33.112168 -13.145065 0.020000
v -32.842427 -13.404724 0.020000
v -32.894636 -13.443444 0.020000
v -32.620684 -13.698654 0.020000
v -32.672252 -13.738224 0.020000
v -32.394160 -13.988917 0.020000
v -32.445074 -14.029325 0.020000
v -32.162918 -14.275435 0.020000
v -32.213163 -14.316670 0.020000
v -31.927018 -14.558131 0.020000
v -31.976583 -14.600183 0.020000
v -31.686525 -14.836929 0.020000
v -31.735395 -14.879787 0.020000
v -31.441503 -15.111755 0.020000
v -31.489665 -15.155407 0.020000
v -31.192016 -15.382536 0.020000
v -31.239457 -15.426969 0.020000
v -30.938133 -15.649198 0.020000
v -30.984841 -15.694402 0.020000
v -30.679920 -15.911670 0.020000
v -30.725882 -15.957632 0.020000
v -30.417448 -16.169883 0.020000
v -30.462652 -16.216591 0.020000
v -30.150786 -16.423766 0.020000
v -30.195219 -16.471207 0.020000
v -29.880005 -16.673253 0.020000
v -29.923657 -16.721415 0.020000
v -29.605179 -16.918275 0.020000
v -29.648037 -16.967145 0.020000
v -29.326381 -17.158768 0.020000
v -29.368433 -17.208333 0.020000
v -29.043685 -17.394668 0.020000
v -29.084920 -17.444913 0.020000
v -28.757167 -17.625910 0.020000
v -28.797575 -17.676824 0.020000
v -28.466904 -17.852434 0.020000
v -28.506474 -17.904002 0.020000
v -28.172974 -18.074177 0.020000
v -28.211694 -18.126386 0.020000
v -27.875454 -18.291083 0.020000
v -27.913315 -18.343918 0.020000
v -27.574426 -18.503091 0.020000
v -27.611418 -18.556538 0.020000
v -27.269969 -18.710145 0.020000
v -27.306081 -18.764190 0.020000
v -26.962165 -18.912190 0.020000
v -26.997388 -18.966819 0.020000
v -26.651097 -19.109172 0.020000
v -26.685421 -19.164370 0.020000
v -26.336847 -19.301038 0.020000
v -26.370264 -19.356790 0.020000
v -26.019500 -19.487737 0.020000
v -26.052000 -19.544028 0.020000
v -25.699141 -19.669218 0.020000
v -25.730715 -19.726034 0.020000
v -25.375855 -19.845433 0.020000
v -25.406496 -19.902758 0.020000
v -25.049729 -20.016335 0.020000
v -25.079428 -20.074154 0.020000
v -24.720851 -20.181879 0.020000
v -24.749600 -20.240176 0.020000
v -24.389308 -20.342019 0.020000
v -24.417100 -20.400778 0.020000
v -24.055190 -20.496713 0.020000
v -24.082016 -20.555919 0.020000
v -23.718585 -20.645920 0.020000
v -23.744439 -20.705557 0.020000
v -23.379584 -20.789599 0.020000
v -23.404458 -20.849651 0.020000
v -23.038277 -20.927713 0.020000
v -23.062166 -20.988164 0.020000
v -22.694757 -21.060223 0.020000
v -22.717653 -21.121057 0.020000
v -22.349114 -21.187095 0.020000
v -22.371012 -21.248296 0.020000
v -22.001442 -21.308295 0.020000
v -22.022335 -21.369846 0.020000
v -21.651833 -21.423790 0.020000
v -21.671716 -21.485674 0.020000
v -21.300381 -21.533550 0.020000
v -21.319249 -21.595751 0.020000
v -20.947180 -21.637544 0.020000
v -20.965029 -21.700046 0.020000
v -20.592326 -21.735746 0.020000
v -20.609149 -21.798531 0.020000
v -20.235911 -21.828128 0.020000
v -20.251705 -21.891180 0.020000
v -19.878034 -21.914667 0.020000
v -19.892794 -21.977969 0.020000
v -19.518788 -21.995338 0.020000
v -19.532510 -22.058873 0.020000
v -19.158270 -22.070121 0.020000
v -19.170951 -22.133872 0.020000
v -18.796577 -22.138995 0.020000
v -18.808213 -22.202945 0.020000
v -18.433805 -22.201942 0.020000
v -18.444394 -22.266073 0.020000
v -18.070053 -22.258944 0.020000
v -18.079590 -22.323241 0.020000
v -17.705416 -22.309988 0.020000
v -17.713900 -22.374432 0.020000
v -17.339992 -22.355059 0.020000
v -17.347421 -22.419633 0.020000
v -16.973881 -22.394144 0.020000
v -16.980252 -22.458831 0.020000
v -16.607178 -22.427235 0.020000
v -16.612490 -22.492017 0.020000
v -16.239984 -22.454320 0.020000
v -16.244235 -22.519181 0.020000
v -15.872395 -22.475395 0.020000
v -15.875585 -22.540316 0.020000
v -15.504511 -22.490452 0.020000
v -15.506638 -22.555417 0.020000
v -15.136430 -22.499488 0.020000
v -15.137493 -22.564479 0.020000
v -14.768250 -22.502500 0.020000
v -14.768250 -22.567500 0.020000
v -14.800750 12.775000 0.022000
v -14.735750 12.775000 0.022000
v -14.735750 22.535000 0.022000
v -14.800750 22.535000 0.022000
v -14.735750 -12.775000 0.022000
v -14.800750 -12.775000 0.022000
v -14.800750 -22.535000 0.022000
v -14.735750 -22.535000 0.022000
v 14.735750 12.775000 0.022000
v 14.800750 12.775000 0.022000
v 14.800750 22.535000 0.022000
v 14.735750 22.535000 0.022000
v 14.800750 -12.775000 0.022000
v 14.735750 -12.775000 0.022000
v 14.735750 -22.535000 0.022000
v 14.800750 -22.535000 0.022000
f 1 2 3
f 1 3 4
f 5 6 7
f 5 7 8
f 9 12 11
f 9 10 12
f 11 14 13
f 11 12 14
f 13 16 15
f 13 14 16
f 15 18 17
f 15 16 18
f 17 20 19
f 17 18 20
f 19 22 21
f 19 20 22
f 21 24 23
f 21 22 24
f 23 26 25
f 23 24 26
f 25 28 27
f 25 26 28
f 27 30 29
f 27 28 30
f 29 32 31
f 29 30 32
f 31 34 33
f 31 32 34
f 33 36 35
f 33 34 36
f 35 38 37
f 35 36 38
f 37 40 39
f 37 38 40
f 39 42 41
f 39 40 42
f 41 44 43
f 41 42 44
f 43 46 45
f 43 44 46
f 45 48 47
f 45 46 48
f 47 50 49
f 47 48 50
f 49 52 51
f 49 50 52
f 51 54 53
f 51 52 54
f 53 56 55
f 53 54 56
f 55 58 57
f 55 56 58
f 57 60 59
f 57 58 60
f 59 62 61
f 59 60 62
f 61 64 63
f 61 62 64
f 63 66 65
f 63 64 66
f 65 68 67
f 65 66 68
f 67 70 69
f 67 68 70
f 69 72 71
f 69 70 72
f 71 74 73
f 71 72 74
f 73 76 75
f 73 74 76
f 75 78 77
f 75 76 78
f 77 80 79
f 77 78 80
f 79 82 81
f 79 80 82
f 81 84 83
f 81 82 84
f 83 86 85
f 83 84 86
f 85 88 87
f 85 86 88
f 87 90 89
f 87 88 90
f 89 92 91
f 89 90 92
f 91 94 93
f 91 92 94
f 93 96 95
f 93 94 96
f 95 98 97
f 95 96 98
f 97 100 99
f 97 98 100
f 99 102 101
f 99 100 102
f 101 104 103
f 101 102 104
f 103 106 105
f 103 104 106
f 105 108 107
f 105 106 108
f 107 110 109
f 107 108 110
f 109 112 111
f 109 110 112
f 111 114 113
f 111 112 114
f 113 116 115
f 113 114 116
f 115 118 117
f 115 116 118
f 117 120 119
f 117 118 120
f 119 122 121
f 119 120 122
f 121 124 123
f 121 122 124
f 123 126 125
f 123 124 126
f 125 128 127
f 125 126 128
f 127 130 129
f 127 128 130
f 129 132 131
f 129 130 132
f 131 134 133
f 131 132 134
f 133 136 135
f 133 134 136
f 135 138 137
f 135 136 138
f 137 140 139
f 137 138 140
f 139 142 141
f 139 140 142
f 141 144 143
f 141 142 144
f 143 146 145
f 143 144 146
f 145 148 147
f 145 146 148
f 147 150 149
f 147 148 150
f 149 152 151
f 149 150 152
f 151 154 153
f 151 152 154
f 153 156 155
f 153 154 156
f 155 158 157
f 155 156 158
f 157 160 159
f 157 158 160
f 159 162 161
f 159 160 162
f 161 164 163
f 161 162 164
f 163 166 165
f 163 164 166
f 165 168 167
f 165 166 168
f 167 170 169
f 167 168 170
f 169 172 171
f 169 170 172
f 171 174 173
f 171 172 174
f 173 176 175
f 173 174 176
f 175 178 177
f 175 176 178
f 177 180 179
f 177 178 180
f 179 182 181
f 179 180 182
f 181 184 183
f 181 182 184
f 183 186 185
f 183 184 186
f 185 188 187
f 185 186 188
f 187 190 189
f 187 188 190
f 189 192 191
f 189 190 192
f 191 194 193
f 191 192 194
f 193 196 195
f 193 194 196
f 195 198 197
f 195 196 198
f 197 200 199
f 197 198 200
f 199 202 201
f 199 200 202
f 201 204 203
f 201 202 204
f 203 206 205
f 203 204 206
f 205 208 207
f 205 206 208
f 207 210 209
f 207 208 210
f 209 212 211
f 209 210 212
f 211 214 213
f 211 212 214
f 213 216 215
f 213 214 216
f 215 218 217
f 215 216 218
f 217 220 219
f 217 218 220
f 219 222 221
f 219 220 222
f 221 224 223
f 221 222 224
f 223 226 225
f 223 224 226
f 225 228 227
f 225 226 228
f 227 230 229
f 227 228 230
f 229 232 231
f 229 230 232
f 231 234 233
f 231 232 234
f 233 236 235
f 233 234 236
f 235 238 237
f 235 236 238
f 237 240 239
f 237 238 240
f 239 242 241
f 239 240 242
f 241 244 243
f 241 242 244
f 243 246 245
f 243 244 246
f 245 248 247
f 245 246 248
f 247 250 249
f 247 248 250
f 249 252 251
f 249 250 252
f 251 254 253
f 251 252 254
f 253 256 255
f 253 254 256
f 255 258 257
f 255 256 258
f 257 260 259
f 257 258 260
f 259 262 261
f 259 260 262
f 261 264 263
f 261 262 264
f 263 266 265
f 263 264 266
f 265 268 267
f 265 266 268
f 267 270 269
f 267 268 270
f 269 272 271
f 269 270 272
f 271 274 273
f 271 272 274
f 273 276 275
f 273 274 276
f 275 278 277
f 275 276 278
f 277 280 279
f 277 278 280
f 279 282 281
f 279 280 282
f 281 284 283
f 281 282 284
f 283 286 285
f 283 284 286
f 285 288 287
f 285 286 288
f 287 290 289
f 287 288 290
f 289 292 291
f 289 290 292
f 291 294 293
f 291 292 294
f 293 296 295
f 293 294 296
f 295 298 297
f 295 296 298
f 297 300 299
f 297 298 300
f 299 302 301
f 299 300 302
f 301 304 303
f 301 302 304
f 303 306 305
f 303 304 306
f 305 308 307
f 305 306 308
f 307 310 309
f 307 308 310
f 309 312 311
f 309 310 312
f 311 314 313
f 311 312 314
f 313 316 315
f 313 314 316
f 315 318 317
f 315 316 318
f 317 320 319
f 317 318 320
f 319 322 321
f 319 320 322
f 321 324 323
f 321 322 324
f 323 326 325
f 323 324 326
f 325 328 327
f 325 326 328
f 327 330 329
f 327 328 330
f 329 332 331
f 329 330 332
f 331 334 333
f 331 332 334
f 333 336 335
f 333 334 336
f 335 338 337
f 335 336 338
f 337 340 339
f 337 338 340
f 339 342 341
f 339 340 342
f 341 344 343
f 341 342 344
f 343 346 345
f 343 344 346
f 345 348 347
f 345 346 348
f 347 350 349
f 347 348 350
f 349 352 351
f 349 350 352
f 351 354 353
f 351 352 354
f 353 356 355
f 353 354 356
f 355 358 357
f 355 356 358
f 357 360 359
f 357 358 360
f 359 362 361
f 359 360 362
f 361 364 363
f 361 362 364
f 363 366 365
f 363 364 366
f 365 368 367
f 365 366 368
f 367 370 369
f 367 368 370
f 369 372 371
f 369 370 372
f 371 374 373
f 371 372 374
f 373 376 375
f 373 374 376
f 375 378 377
f 375 376 378
f 377 380 379
f 377 378 380
f 379 382 381
f 379 380 382
f 381 384 383
f 381 382 384
f 383 386 385
f 383 384 386
f 385 388 387
f 385 386 388
f 387 390 389
f 387 388 390
f 389 392 391
f 389 390 392
f 391 394 393
f 391 392 394
f 395 398 397
f 395 396 398
f 397 400 399
f 397 398 400
f 399 402 401
f 399 400 402
f 401 404 403
f 401 402 404
f 403 406 405
f 403 404 406
f 405 408 407
f 405 406 408
f 407 410 409
f 407 408 410
f 409 412 411
f 409 410 412
f 411 414 413
f 411 412 414
f 413 416 415
f 413 414 416
f 415 418 417
f 415 416 418
f 417 420 419
f 417 418 420
f 419 422 421
f 419 420 422
f 421 424 423
f 421 422 424
f 423 426 425
f 423 424 426
f 425 428 427
f 425 426 428
f 427 430 429
f 427 428 430
f 429 432 431
f 429 430 432
f 431 434 433
f 431 432 434
f 433 436 435
f 433 434 436
f 435 438 437
f 435 436 438
f 437 440 439
f 437 438 440
f 439 442 441
f 439 440 442
f 441 444 443
f 441 442 444
f 443 446 445
f 443 444 446
f 445 448 447
f 445 446 448
f 447 450 449
f 447 448 450
f 449 452 451
f 449 450 452
f 451 454 453
f 451 452 454
f 453 456 455
f 453 454 456
f 455 458 457
f 455 456 458
f 457 460 459
f 457 458 460
f 459 462 461
f 459 460 462
f 461 464 463
f 461 462 464
f 463 466 465
f 463 464 466
f 465 468 467
f 465 466 468
f 467 470 469
f 467 468 470
f 469 472 471
f 469 470 472
f 471 474 473
f 471 472 474
f 473 476 475
f 473 474 476
f 475 478 477
f 475 476 478
f 477 480 479
f 477 478 480
f 479 482 481
f 479 480 482
f 481 484 483
f 481 482 484
f 483 486 485
f 483 484 486
f 485 488 487
f 485 486 488
f 487 490 489
f 487 488 490
f 489 492 491
f 489 490 492
f 491 494 493
f 491 492 494
f 493 496 495
f 493 494 496
f 495 498 497
f 495 496 498
f 497 500 499
f 497 498 500
f 499 502 501
f 499 500 502
f 501 504 503
f 501 502 504
f 503 506 505
f 503 504 506
f 505 508 507
f 505 506 508
f 507 510 509
f 507 508 510
f 509 512 511
f 509 510 512
f 511 514 513
f 511 512 514
f 513 516 515
f 513 514 516
f 515 518 517
f 515 516 518
f 517 520 519
f 517 518 520
f 519 522 521
f 519 520 522
f 521 524 523
f 521 522 524
f 523 526 525
f 523 524 526
f 525 528 527
f 525 526 528
f 527 530 529
f 527 528 530
f 529 532 531
f 529 530 532
f 531 534 533
f 531 532 534
f 533 536 535
f 533 534 536
f 535 538 537
f 535 536 538
f 537 540 539
f 537 538 540
f 539 542 541
f 539 540 542
f 541 544 543
f 541 542 544
f 543 546 545
f 543 544 546
f 545 548 547
f 545 546 548
f 547 550 549
f 547 548 550
f 549 552 551
f 549 550 552
f 551 554 553
f 551 552 554
f 553 556 555
f 553 554 556
f 555 558 557
f 555 556 558
f 557 560 559
f 557 558 560
f 559 562 561
f 559 560 562
f 561 564 563
f 561 562 564
f 563 566 565
f 563 564 566
f 565 568 567
f 565 566 568
f 567 570 569
f 567 568 570
f 569 572 571
f 569 570 572
f 571 574 573
f 571 572 574
f 573 576 575
f 573 574 576
f 575 578 577
f 575 576 578
f 577 580 579
f 577 578 580
f 579 582 581
f 579 580 582
f 581 584 583
f 581 582 584
f 583 586 585
f 583 584 586
f 585 588 587
f 585 586 588
f 587 590 589
f 587 588 590
f 589 592 591
f 589 590 592
f 591 594 593
f 591 592 594
f 593 596 595
f 593 594 596
f 595 598 597
f 595 596 598
f 597 600 599
f 597 598 600
f 599 602 601
f 599 600 602
f 601 604 603
f 601 602 604
f 603 606 605
f 603 604 606
f 605 608 607
f 605 606 608
f 607 610 609
f 607 608 610
f 609 612 611
f 609 610 612
f 611 614 613
f 611 612 614
f 613 616 615
f 613 614 616
f 615 618 617
f 615 616 618
f 617 620 619
f 617 618 620
f 619 622 621
f 619 620 622
f 621 624 623
f 621 622 624
f 623 626 625
f 623 624 626
f 625 628 627
f 625 626 628
f 627 630 629
f 627 628 630
f 629 632 631
f 629 630 632
f 631 634 633
f 631 632 634
f 633 636 635
f 633 634 636
f 635 638 637
f 635 636 638
f 637 640 639
f 637 638 640
f 639 642 641
f 639 640 642
f 641 644 643
f 641 642 644
f 643 646 645
f 643 644 646
f 645 648 647
f 645 646 648
f 647 650 649
f 647 648 650
f 649 652 651
f 649 650 652
f 651 654 653
f 651 652 654
f 653 656 655
f 653 654 656
f 655 658 657
f 655 656 658
f 657 660 659
f 657 658 660
f 659 662 661
f 659 660 662
f 661 664 663
f 661 662 664
f 663 666 665
f 663 664 666
f 665 668 667
f 665 666 668
f 667 670 669
f 667 668 670
f 669 672 671
f 669 670 672
f 671 674 673
f 671 672 674
f 673 676 675
f 673 674 676
f 675 678 677
f 675 676 678
f 677 680 679
f 677 678 680
f 679 682 681
f 679 680 682
f 681 684 683
f 681 682 684
f 683 686 685
f 683 684 686
f 685 688 687
f 685 686 688
f 687 690 689
f 687 688 690
f 689 692 691
f 689 690 692
f 691 694 693
f 691 692 694
f 693 696 695
f 693 694 696
f 695 698 697
f 695 696 698
f 697 700 699
f 697 698 700
f 699 702 701
f 699 700 702
f 701 704 703
f 701 702 704
f 703 706 705
f 703 704 706
f 705 708 707
f 705 706 708
f 707 710 709
f 707 708 710
f 709 712 711
f 709 710 712
f 711 714 713
f 711 712 714
f 713 716 715
f 713 714 716
f 715 718 717
f 715 716 718
f 717 720 719
f 717 718 720
f 719 722 721
f 719 720 722
f 721 724 723
f 721 722 724
f 723 726 725
f 723 724 726
f 725 728 727
f 725 726 728
f 727 730 729
f 727 728 730
f 729 732 731
f 729 730 732
f 731 734 733
f 731 732 734
f 733 736 735
f 733 734 736
f 735 738 737
f 735 736 738
f 737 740 739
f 737 738 740
f 739 742 741
f 739 740 742
f 741 744 743
f 741 742 744
f 743 746 745
f 743 744 746
f 745 748 747
f 745 746 748
f 747 750 749
f 747 748 750
f 749 752 751
f 749 750 752
f 751 754 753
f 751 752 754
f 753 756 755
f 753 754 756
f 755 758 757
f 755 756 758
f 757 760 759
f 757 758 760
f 759 762 761
f 759 760 762
f 761 764 763
f 761 762 764
f 763 766 765
f 763 764 766
f 765 768 767
f 765 766 768
f 767 770 769
f 767 768 770
f 769 772 771
f 769 770 772
f 771 774 773
f 771 772 774
f 773 776 775
f 773 774 776
f 775 778 777
f 775 776 778
f 777 780 779
f 777 778 780
f 781 782 783
f 781 783 784
f 785 786 787
f 785 787 788
f 789 792 791
f 789 790 792
f 791 794 793
f 791 792 794
f 793 796 795
f 793 794 796
f 795 798 797
f 795 796 798
f 797 800 799
f 797 798 800
f 799 802 801
f 799 800 802
f 801 804 803
f 801 802 804
f 803 806 805
f 803 804 806
f 805 808 807
f 805 806 808
f 807 810 809
f 807 808 810
f 809 812 811
f 809 810 812
f 811 814 813
f 811 812 814
f 813 816 815
f 813 814 816
f 815 818 817
f 815 816 818
f 817 820 819
f 817 818 820
f 819 822 821
f 819 820 822
f 821 824 823
f 821 822 824
f 823 826 825
f 823 824 826
f 825 828 827
f 825 826 828
f 827 830 829
f 827 828 830
f 829 832 831
f 829 830 832
f 831 834 833
f 831 832 834
f 833 836 835
f 833 834 836
f 835 838 837
f 835 836 838
f 837 840 839
f 837 838 840
f 839 842 841
f 839 840 842
f 841 844 843
f 841 842 844
f 843 846 845
f 843 844 846
f 845 848 847
f 845 846 848
f 847 850 849
f 847 848 850
f 849 852 851
f 849 850 852
f 851 854 853
f 851 852 854
f 853 856 855
f 853 854 856
f 855 858 857
f 855 856 858
f 857 860 859
f 857 858 860
f 859 862 861
f 859 860 862
f 861 864 863
f 861 862 864
f 863 866 865
f 863 864 866
f 865 868 867
f 865 866 868
f 867 870 869
f 867 868 870
f 869 872 871
f 869 870 872
f 871 874 873
f 871 872 874
f 873 876 875
f 873 874 876
f 875 878 877
f 875 876 878
f 877 880 879
f 877 878 880
f 879 882 881
f 879 880 882
f 881 884 883
f 881 882 884
f 883 886 885
f 883 884 886
f 885 888 887
f 885 886 888
f 887 890 889
f 887 888 890
f 889 892 891
f 889 890 892
f 891 894 893
f 891 892 894
f 893 896 895
f 893 894 896
f 895 898 897
f 895 896 898
f 897 900 899
f 897 898 900
f 899 902 901
f 899 900 902
f 901 904 903
f 901 902 904
f 903 906 905
f 903 904 906
f 905 908 907
f 905 906 908
f 907 910 909
f 907 908 910
f 909 912 911
f 909 910 912
f 911 914 913
f 911 912 914
f 913 916 915
f 913 914 916
f 915 918 917
f 915 916 918
f 917 920 919
f 917 918 920
f 919 922 921
f 919 920 922
f 921 924 923
f 921 922 924
f 923 926 925
f 923 924 926
f 925 928 927
f 925 926 928
f 927 930 929
f 927 928 930
f 929 932 931
f 929 930 932
f 931 934 933
f 931 932 934
f 933 936 935
f 933 934 936
f 935 938 937
f 935 936 938
f 937 940 939
f 937 938 940
f 939 942 941
f 939 940 942
f 941 944 943
f 941 942 944
f 943 946 945
f 943 944 946
f 945 948 947
f 945 946 948
f 947 950 949
f 947 948 950
f 949 952 951
f 949 950 952
f 951 954 953
f 951 952 954
f 953 956 955
f 953 954 956
f 955 958 957
f 955 956 958
f 957 960 959
f 957 958 960
f 959 962 961
f 959 960 962
f 961 964 963
f 961 962 964
f 963 966 965
f 963 964 966
f 965 968 967
f 965 966 968
f 967 970 969
f 967 968 970
f 969 972 971
f 969 970 972
f 971 974 973
f 971 972 974
f 973 976 975
f 973 974 976
f 975 978 977
f 975 976 978
f 977 980 979
f 977 978 980
f 979 982 981
f 979 980 982
f 981 984 983
f 981 982 984
f 983 986 985
f 983 984 986
f 985 988 987
f 985 986 988
f 987 990 989
f 987 988 990
f 989 992 991
f 989 990 992
f 991 994 993
f 991 992 994
f 993 996 995
f 993 994 996
f 995 998 997
f 995 996 998
f 997 1000 999
f 997 998 1000
f 999 1002 1001
f 999 1000 1002
f 1001 1004 1003
f 1001 1002 1004
f 1003 1006 1005
f 1003 1004 1006
f 1005 1008 1007
f 1005 1006 1008
f 1007 1010 1009
f 1007 1008 1010
f 1009 1012 1011
f 1009 1010 1012
f 1011 1014 1013
f 1011 1012 1014
f 1013 1016 1015
f 1013 1014 1016
f 1015 1018 1017
f 1015 1016 1018
f 1017 1020 1019
f 1017 1018 1020
f 1019 1022 1021
f 1019 1020 1022
f 1021 1024 1023
f 1021 1022 1024
f 1023 1026 1025
f 1023 1024 1026
f 1025 1028 1027
f 1025 1026 1028
f 1027 1030 1029
f 1027 1028 1030
f 1029 1032 1031
f 1029 1030 1032
f 1031 1034 1033
f 1031 1032 1034
f 1033 1036 1035
f 1033 1034 1036
f 1035 1038 1037
f 1035 1036 1038
f 1037 1040 1039
f 1037 1038 1040
f 1039 1042 1041
f 1039 1040 1042
f 1041 1044 1043
f 1041 1042 1044
f 1043 1046 1045
f 1043 1044 1046
f 1045 1048 1047
f 1045 1046 1048
f 1047 1050 1049
f 1047 1048 1050
f 1049 1052 1051
f 1049 1050 1052
f 1051 1054 1053
f 1051 1052 1054
f 1053 1056 1055
f 1053 1054 1056
f 1055 1058 1057
f 1055 1056 1058
f 1057 1060 1059
f 1057 1058 1060
f 1059 1062 1061
f 1059 1060 1062
f 1061 1064 1063
f 1061 1062 1064
f 1063 1066 1065
f 1063 1064 1066
f 1065 1068 1067
f 1065 1066 1068
f 1067 1070 1069
f 1067 1068 1070
f 1069 1072 1071
f 1069 1070 1072
f 1071 1074 1073
f 1071 1072 1074
f 1073 1076 1075
f 1073 1074 1076
f 1075 1078 1077
f 1075 1076 1078
f 1077 1080 1079
f 1077 1078 1080
f 1079 1082 1081
f 1079 1080 1082
f 1081 1084 1083
f 1081 1082 1084
f 1083 1086 1085
f 1083 1084 1086
f 1085 1088 1087
f 1085 1086 1088
f 1087 1090 1089
f 1087 1088 1090
f 1089 1092 1091
f 1089 1090 1092
f 1091 1094 1093
f 1091 1092 1094
f 1093 1096 1095
f 1093 1094 1096
f 1095 1098 1097
f 1095 1096 1098
f 1097 1100 1099
f 1097 1098 1100
f 1099 1102 1101
f 1099 1100 1102
f 1101 1104 1103
f 1101 1102 1104
f 1103 1106 1105
f 1103 1104 1106
f 1105 1108 1107
f 1105 1106 1108
f 1107 1110 1109
f 1107 1108 1110
f 1109 1112 1111
f 1109 1110 1112
f 1111 1114 1113
f 1111 1112 1114
f 1113 1116 1115
f 1113 1114 1116
f 1115 1118 1117
f 1115 1116 1118
f 1117 1120 1119
f 1117 1118 1120
f 1119 1122 1121
f 1119 1120 1122
f 1121 1124 1123
f 1121 1122 1124
f 1123 1126 1125
f 1123 1124 1126
f 1125 1128 1127
f 1125 1126 1128
f 1127 1130 1129
f 1127 1128 1130
f 1129 1132 1131
f 1129 1130 1132
f 1131 1134 1133
f 1131 1132 1134
f 1133 1136 1135
f 1133 1134 1136
f 1135 1138 1137
f 1135 1136 1138
f 1137 1140 1139
f 1137 1138 1140
f 1139 1142 1141
f 1139 1140 1142
f 1141 1144 1143
f 1141 1142 1144
f 1143 1146 1145
f 1143 1144 1146
f 1145 1148 1147
f 1145 1146 1148
f 1147 1150 1149
f 1147 1148 1150
f 1149 1152 1151
f 1149 1150 1152
f 1151 1154 1153
f 1151 1152 1154
f 1153 1156 1155
f 1153 1154 1156
f 1155 1158 1157
f 1155 1156 1158
f 1157 1160 1159
f 1157 1158 1160
f 1159 1162 1161
f 1159 1160 1162
f 1161 1164 1163
f 1161 1162 1164
f 1163 1166 1165
f 1163 1164 1166
f 1165 1168 1167
f 1165 1166 1168
f 1167 1170 1169
f 1167 1168 1170
f 1169 1172 1171
f 1169 1170 1172
f 1171 1174 1173
f 1171 1172 1174
f 1175 1178 1177
f 1175 1176 1178
f 1177 1180 1179
f 1177 1178 1180
f 1179 1182 1181
f 1179 1180 1182
f 1181 1184 1183
f 1181 1182 1184
f 1183 1186 1185
f 1183 1184 1186
f 1185 1188 1187
f 1185 1186 1188
f 1187 1190 1189
f 1187 1188 1190
f 1189 1192 1191
f 1189 1190 1192
f 1191 1194 1193
f 1191 1192 1194
f 1193 1196 1195
f 1193 1194 1196
f 1195 1198 1197
f 1195 1196 1198
f 1197 1200 1199
f 1197 1198 1200
f 1199 1202 1201
f 1199 1200 1202
f 1201 1204 1203
f 1201 1202 1204
f 1203 1206 1205
f 1203 1204 1206
f 1205 1208 1207
f 1205 1206 1208
f 1207 1210 1209
f 1207 1208 1210
f 1209 1212 1211
f 1209 1210 1212
f 1211 1214 1213
f 1211 1212 1214
f 1213 1216 1215
f 1213 1214 1216
f 1215 1218 1217
f 1215 1216 1218
f 1217 1220 1219
f 1217 1218 1220
f 1219 1222 1221
f 1219 1220 1222
f 1221 1224 1223
f 1221 1222 1224
f 1223 1226 1225
f 1223 1224 1226
f 1225 1228 1227
f 1225 1226 1228
f 1227 1230 1229
f 1227 1228 1230
f 1229 1232 1231
f 1229 1230 1232
f 1231 1234 1233
f 1231 1232 1234
f 1233 1236 1235
f 1233 1234 1236
f 1235 1238 1237
f 1235 1236 1238
f 1237 1240 1239
f 1237 1238 1240
f 1239 1242 1241
f 1239 1240 1242
f 1241 1244 1243
f 1241 1242 1244
f 1243 1246 1245
f 1243 1244 1246
f 1245 1248 1247
f 1245 1246 1248
f 1247 1250 1249
f 1247 1248 1250
f 1249 1252 1251
f 1249 1250 1252
f 1251 1254 1253
f 1251 1252 1254
f 1253 1256 1255
f 1253 1254 1256
f 1255 1258 1257
f 1255 1256 1258
f 1257 1260 1259
f 1257 1258 1260
f 1259 1262 1261
f 1259 1260 1262
f 1261 1264 1263
f 1261 1262 1264
f 1263 1266 1265
f 1263 1264 1266
f 1265 1268 1267
f 1265 1266 1268
f 1267 1270 1269
f 1267 1268 1270
f 1269 1272 1271
f 1269 1270 1272
f 1271 1274 1273
f 1271 1272 1274
f 1273 1276 1275
f 1273 1274 1276
f 1275 1278 1277
f 1275 1276 1278
f 1277 1280 1279
f 1277 1278 1280
f 1279 1282 1281
f 1279 1280 1282
f 1281 1284 1283
f 1281 1282 1284
f 1283 1286 1285
f 1283 1284 1286
f 1285 1288 1287
f 1285 1286 1288
f 1287 1290 1289
f 1287 1288 1290
f 1289 1292 1291
f 1289 1290 1292
f 1291 1294 1293
f 1291 1292 1294
f 1293 1296 1295
f 1293 1294 1296
f 1295 1298 1297
f 1295 1296 1298
f 1297 1300 1299
f 1297 1298 1300
f 1299 1302 1301
f 1299 1300 1302
f 1301 1304 1303
f 1301 1302 1304
f 1303 1306 1305
f 1303 1304 1306
f 1305 1308 1307
f 1305 1306 1308
f 1307 1310 1309
f 1307 1308 1310
f 1309 1312 1311
f 1309 1310 1312
f 1311 1314 1313
f 1311 1312 1314
f 1313 1316 1315
f 1313 1314 1316
f 1315 1318 1317
f 1315 1316 1318
f 1317 1320 1319
f 1317 1318 1320
f 1319 1322 1321
f 1319 1320 1322
f 1321 1324 1323
f 1321 1322 1324
f 1323 1326 1325
f 1323 1324 1326
f 1325 1328 1327
f 1325 1326 1328
f 1327 1330 1329
f 1327 1328 1330
f 1329 1332 1331
f 1329 1330 1332
f 1331 1334 1333
f 1331 1332 1334
f 1333 1336 1335
f 1333 1334 1336
f 1335 1338 1337
f 1335 1336 1338
f 1337 1340 1339
f 1337 1338 1340
f 1339 1342 1341
f 1339 1340 1342
f 1341 1344 1343
f 1341 1342 1344
f 1343 1346 1345
f 1343 1344 1346
f 1345 1348 1347
f 1345 1346 1348
f 1347 1350 1349
f 1347 1348 1350
f 1349 1352 1351
f 1349 1350 1352
f 1351 1354 1353
f 1351 1352 1354
f 1353 1356 1355
f 1353 1354 1356
f 1355 1358 1357
f 1355 1356 1358
f 1357 1360 1359
f 1357 1358 1360
f 1359 1362 1361
f 1359 1360 1362
f 1361 1364 1363
f 1361 1362 1364
f 1363 1366 1365
f 1363 1364 1366
f 1365 1368 1367
f 1365 1366 1368
f 1367 1370 1369
f 1367 1368 1370
f 1369 1372 1371
f 1369 1370 1372
f 1371 1374 1373
f 1371 1372 1374
f 1373 1376 1375
f 1373 1374 1376
f 1375 1378 1377
f 1375 1376 1378
f 1377 1380 1379
f 1377 1378 1380
f 1379 1382 1381
f 1379 1380 1382
f 1381 1384 1383
f 1381 1382 1384
f 1383 1386 1385
f 1383 1384 1386
f 1385 1388 1387
f 1385 1386 1388
f 1387 1390 1389
f 1387 1388 1390
f 1389 1392 1391
f 1389 1390 1392
f 1391 1394 1393
f 1391 1392 1394
f 1393 1396 1395
f 1393 1394 1396
f 1395 1398 1397
f 1395 1396 1398
f 1397 1400 1399
f 1397 1398 1400
f 1399 1402 1401
f 1399 1400 1402
f 1401 1404 1403
f 1401 1402 1404
f 1403 1406 1405
f 1403 1404 1406
f 1405 1408 1407
f 1405 1406 1408
f 1407 1410 1409
f 1407 1408 1410
f 1409 1412 1411
f 1409 1410 1412
f 1411 1414 1413
f 1411 1412 1414
f 1413 1416 1415
f 1413 1414 1416
f 1415 1418 1417
f 1415 1416 1418
f 1417 1420 1419
f 1417 1418 1420
f 1419 1422 1421
f 1419 1420 1422
f 1421 1424 1423
f 1421 1422 1424
f 1423 1426 1425
f 1423 1424 1426
f 1425 1428 1427
f 1425 1426 1428
f 1427 1430 1429
f 1427 1428 1430
f 1429 1432 1431
f 1429 1430 1432
f 1431 1434 1433
f 1431 1432 1434
f 1433 1436 1435
f 1433 1434 1436
f 1435 1438 1437
f 1435 1436 1438
f 1437 1440 1439
f 1437 1438 1440
f 1439 1442 1441
f 1439 1440 1442
f 1441 1444 1443
f 1441 1442 1444
f 1443 1446 1445
f 1443 1444 1446
f 1445 1448 1447
f 1445 1446 1448
f 1447 1450 1449
f 1447 1448 1450
f 1449 1452 1451
f 1449 1450 1452
f 1451 1454 1453
f 1451 1452 1454
f 1453 1456 1455
f 1453 1454 1456
f 1455 1458 1457
f 1455 1456 1458
f 1457 1460 1459
f 1457 1458 1460
f 1459 1462 1461
f 1459 1460 1462
f 1461 1464 1463
f 1461 1462 1464
f 1463 1466 1465
f 1463 1464 1466
f 1465 1468 1467
f 1465 1466 1468
f 1467 1470 1469
f 1467 1468 1470
f 1469 1472 1471
f 1469 1470 1472
f 1471 1474 1473
f 1471 1472 1474
f 1473 1476 1475
f 1473 1474 1476
f 1475 1478 1477
f 1475 1476 1478
f 1477 1480 1479
f 1477 1478 1480
f 1479 1482 1481
f 1479 1480 1482
f 1481 1484 1483
f 1481 1482 1484
f 1483 1486 1485
f 1483 1484 1486
f 1485 1488 1487
f 1485 1486 1488
f 1487 1490 1489
f 1487 1488 1490
f 1489 1492 1491
f 1489 1490 1492
f 1491 1494 1493
f 1491 1492 1494
f 1493 1496 1495
f 1493 1494 1496
f 1495 1498 1497
f 1495 1496 1498
f 1497 1500 1499
f 1497 1498 1500
f 1499 1502 1501
f 1499 1500 1502
f 1501 1504 1503
f 1501 1502 1504
f 1503 1506 1505
f 1503 1504 1506
f 1505 1508 1507
f 1505 1506 1508
f 1507 1510 1509
f 1507 1508 1510
f 1509 1512 1511
f 1509 1510 1512
f 1511 1514 1513
f 1511 1512 1514
f 1513 1516 1515
f 1513 1514 1516
f 1515 1518 1517
f 1515 1516 1518
f 1517 1520 1519
f 1517 1518 1520
f 1519 1522 1521
f 1519 1520 1522
f 1521 1524 1523
f 1521 1522 1524
f 1523 1526 1525
f 1523 1524 1526
f 1525 1528 1527
f 1525 1526 1528
f 1527 1530 1529
f 1527 1528 1530
f 1529 1532 1531
f 1529 1530 1532
f 1531 1534 1533
f 1531 1532 1534
f 1533 1536 1535
f 1533 1534 1536
f 1535 1538 1537
f 1535 1536 1538
f 1537 1540 1539
f 1537 1538 1540
f 1539 1542 1541
f 1539 1540 1542
f 1541 1544 1543
f 1541 1542 1544
f 1543 1546 1545
f 1543 1544 1546
f 1545 1548 1547
f 1545 1546 1548
f 1547 1550 1549
f 1547 1548 1550
f 1549 1552 1551
f 1549 1550 1552
f 1551 1554 1553
f 1551 1552 1554
f 1553 1556 1555
f 1553 1554 1556
f 1555 1558 1557
f 1555 1556 1558
f 1557 1560 1559
f 1557 1558 1560
f 1561 1562 1563
f 1561 1563 1564
f 1565 1566 1567
f 1565 1567 1568
f 1569 1572 1571
f 1569 1570 1572
f 1571 1574 1573
f 1571 1572 1574
f 1573 1576 1575
f 1573 1574 1576
f 1575 1578 1577
f 1575 1576 1578
f 1577 1580 1579
f 1577 1578 1580
f 1579 1582 1581
f 1579 1580 1582
f 1581 1584 1583
f 1581 1582 1584
f 1583 1586 1585
f 1583 1584 1586
f 1585 1588 1587
f 1585 1586 1588
f 1587 1590 1589
f 1587 1588 1590
f 1589 1592 1591
f 1589 1590 1592
f 1591 1594 1593
f 1591 1592 1594
f 1593 1596 1595
f 1593 1594 1596
f 1595 1598 1597
f 1595 1596 1598
f 1597 1600 1599
f 1597 1598 1600
f 1599 1602 1601
f 1599 1600 1602
f 1601 1604 1603
f 1601 1602 1604
f 1603 1606 1605
f 1603 1604 1606
f 1605 1608 1607
f 1605 1606 1608
f 1607 1610 1609
f 1607 1608 1610
f 1609 1612 1611
f 1609 1610 1612
f 1611 1614 1613
f 1611 1612 1614
f 1613 1616 1615
f 1613 1614 1616
f 1615 1618 1617
f 1615 1616 1618
f 1617 1620 1619
f 1617 1618 1620
f 1619 1622 1621
f 1619 1620 1622
f 1621 1624 1623
f 1621 1622 1624
f 1623 1626 1625
f 1623 1624 1626
f 1625 1628 1627
f 1625 1626 1628
f 1627 1630 1629
f 1627 1628 1630
f 1629 1632 1631
f 1629 1630 1632
f 1631 1634 1633
f 1631 1632 1634
f 1633 1636 1635
f 1633 1634 1636
f 1635 1638 1637
f 1635 1636 1638
f 1637 1640 1639
f 1637 1638 1640
f 1639 1642 1641
f 1639 1640 1642
f 1641 1644 1643
f 1641 1642 1644
f 1643 1646 1645
f 1643 1644 1646
f 1645 1648 1647
f 1645 1646 1648
f 1647 1650 1649
f 1647 1648 1650
f 1649 1652 1651
f 1649 1650 1652
f 1651 1654 1653
f 1651 1652 1654
f 1653 1656 1655
f 1653 1654 1656
f 1655 1658 1657
f 1655 1656 1658
f 1657 1660 1659
f 1657 1658 1660
f 1659 1662 1661
f 1659 1660 1662
f 1661 1664 1663
f 1661 1662 1664
f 1663 1666 1665
f 1663 1664 1666
f 1665 1668 1667
f 1665 1666 1668
f 1667 1670 1669
f 1667 1668 1670
f 1669 1672 1671
f 1669 1670 1672
f 1671 1674 1673
f 1671 1672 1674
f 1673 1676 1675
f 1673 1674 1676
f 1675 1678 1677
f 1675 1676 1678
f 1677 1680 1679
f 1677 1678 1680
f 1679 1682 1681
f 1679 1680 1682
f 1681 1684 1683
f 1681 1682 1684
f 1683 1686 1685
f 1683 1684 1686
f 1685 1688 1687
f 1685 1686 1688
f 1687 1690 1689
f 1687 1688 1690
f 1689 1692 1691
f 1689 1690 1692
f 1691 1694 1693
f 1691 1692 1694
f 1693 1696 1695
f 1693 1694 1696
f 1695 1698 1697
f 1695 1696 1698
f 1697 1700 1699
f 1697 1698 1700
f 1699 1702 1701
f 1699 1700 1702
f 1701 1704 1703
f 1701 1702 1704
f 1703 1706 1705
f 1703 1704 1706
f 1705 1708 1707
f 1705 1706 1708
f 1707 1710 1709
f 1707 1708 1710
f 1709 1712 1711
f 1709 1710 1712
f 1711 1714 1713
f 1711 1712 1714
f 1713 1716 1715
f 1713 1714 1716
f 1715 1718 1717
f 1715 1716 1718
f 1717 1720 1719
f 1717 1718 1720
f 1719 1722 1721
f 1719 1720 1722
f 1721 1724 1723
f 1721 1722 1724
f 1723 1726 1725
f 1723 1724 1726
f 1725 1728 1727
f 1725 1726 1728
f 1727 1730 1729
f 1727 1728 1730
f 1729 1732 1731
f 1729 1730 1732
f 1731 1734 1733
f 1731 1732 1734
f 1733 1736 1735
f 1733 1734 1736
f 1735 1738 1737
f 1735 1736 1738
f 1737 1740 1739
f 1737 1738 1740
f 1739 1742 1741
f 1739 1740 1742
f 1741 1744 1743
f 1741 1742 1744
f 1743 1746 1745
f 1743 1744 1746
f 1745 1748 1747
f 1745 1746 1748
f 1747 1750 1749
f 1747 1748 1750
f 1749 1752 1751
f 1749 1750 1752
f 1751 1754 1753
f 1751 1752 1754
f 1753 1756 1755
f 1753 1754 1756
f 1755 1758 1757
f 1755 1756 1758
f 1757 1760 1759
f 1757 1758 1760
f 1759 1762 1761
f 1759 1760 1762
f 1761 1764 1763
f 1761 1762 1764
f 1763 1766 1765
f 1763 1764 1766
f 1765 1768 1767
f 1765 1766 1768
f 1767 1770 1769
f 1767 1768 1770
f 1769 1772 1771
f 1769 1770 1772
f 1771 1774 1773
f 1771 1772 1774
f 1773 1776 1775
f 1773 1774 1776
f 1775 1778 1777
f 1775 1776 1778
f 1777 1780 1779
f 1777 1778 1780
f 1779 1782 1781
f 1779 1780 1782
f 1781 1784 1783
f 1781 1782 1784
f 1783 1786 1785
f 1783 1784 1786
f 1785 1788 1787
f 1785 1786 1788
f 1787 1790 1789
f 1787 1788 1790
f 1789 1792 1791
f 1789 1790 1792
f 1791 1794 1793
f 1791 1792 1794
f 1793 1796 1795
f 1793 1794 1796
f 1795 1798 1797
f 1795 1796 1798
f 1797 1800 1799
f 1797 1798 1800
f 1799 1802 1801
f 1799 1800 1802
f 1801 1804 1803
f 1801 1802 1804
f 1803 1806 1805
f 1803 1804 1806
f 1805 1808 1807
f 1805 1806 1808
f 1807 1810 1809
f 1807 1808 1810
f 1809 1812 1811
f 1809 1810 1812
f 1811 1814 1813
f 1811 1812 1814
f 1813 1816 1815
f 1813 1814 1816
f 1815 1818 1817
f 1815 1816 1818
f 1817 1820 1819
f 1817 1818 1820
f 1819 1822 1821
f 1819 1820 1822
f 1821 1824 1823
f 1821 1822 1824
f 1823 1826 1825
f 1823 1824 1826
f 1825 1828 1827
f 1825 1826 1828
f 1827 1830 1829
f 1827 1828 1830
f 1829 1832 1831
f 1829 1830 1832
f 1831 1834 1833
f 1831 1832 1834
f 1833 1836 1835
f 1833 1834 1836
f 1835 1838 1837
f 1835 1836 1838
f 1837 1840 1839
f 1837 1838 1840
f 1839 1842 1841
f 1839 1840 1842
f 1841 1844 1843
f 1841 1842 1844
f 1843 1846 1845
f 1843 1844 1846
f 1845 1848 1847
f 1845 1846 1848
f 1847 1850 1849
f 1847 1848 1850
f 1849 1852 1851
f 1849 1850 1852
f 1851 1854 1853
f 1851 1852 1854
f 1853 1856 1855
f 1853 1854 1856
f 1855 1858 1857
f 1855 1856 1858
f 1857 1860 1859
f 1857 1858 1860
f 1859 1862 1861
f 1859 1860 1862
f 1861 1864 1863
f 1861 1862 1864
f 1863 1866 1865
f 1863 1864 1866
f 1865 1868 1867
f 1865 1866 1868
f 1867 1870 1869
f 1867 1868 1870
f 1869 1872 1871
f 1869 1870 1872
f 1871 1874 1873
f 1871 1872 1874
f 1873 1876 1875
f 1873 1874 1876
f 1875 1878 1877
f 1875 1876 1878
f 1877 1880 1879
f 1877 1878 1880
f 1879 1882 1881
f 1879 1880 1882
f 1881 1884 1883
f 1881 1882 1884
f 1883 1886 1885
f 1883 1884 1886
f 1885 1888 1887
f 1885 1886 1888
f 1887 1890 1889
f 1887 1888 1890
f 1889 1892 1891
f 1889 1890 1892
f 1891 1894 1893
f 1891 1892 1894
f 1893 1896 1895
f 1893 1894 1896
f 1895 1898 1897
f 1895 1896 1898
f 1897 1900 1899
f 1897 1898 1900
f 1899 1902 1901
f 1899 1900 1902
f 1901 1904 1903
f 1901 1902 1904
f 1903 1906 1905
f 1903 1904 1906
f 1905 1908 1907
f 1905 1906 1908
f 1907 1910 1909
f 1907 1908 1910
f 1909 1912 1911
f 1909 1910 1912
f 1911 1914 1913
f 1911 1912 1914
f 1913 1916 1915
f 1913 1914 1916
f 1915 1918 1917
f 1915 1916 1918
f 1917 1920 1919
f 1917 1918 1920
f 1919 1922 1921
f 1919 1920 1922
f 1921 1924 1923
f 1921 1922 1924
f 1923 1926 1925
f 1923 1924 1926
f 1925 1928 1927
f 1925 1926 1928
f 1927 1930 1929
f 1927 1928 1930
f 1929 1932 1931
f 1929 1930 1932
f 1931 1934 1933
f 1931 1932 1934
f 1933 1936 1935
f 1933 1934 1936
f 1935 1938 1937
f 1935 1936 1938
f 1937 1940 1939
f 1937 1938 1940
f 1939 1942 1941
f 1939 1940 1942
f 1941 1944 1943
f 1941 1942 1944
f 1943 1946 1945
f 1943 1944 1946
f 1945 1948 1947
f 1945 1946 1948
f 1947 1950 1949
f 1947 1948 1950
f 1949 1952 1951
f 1949 1950 1952
f 1951 1954 1953
f 1951 1952 1954
f 1955 1958 1957
f 1955 1956 1958
f 1957 1960 1959
f 1957 1958 1960
f 1959 1962 1961
f 1959 1960 1962
f 1961 1964 1963
f 1961 1962 1964
f 1963 1966 1965
f 1963 1964 1966
f 1965 1968 1967
f 1965 1966 1968
f 1967 1970 1969
f 1967 1968 1970
f 1969 1972 1971
f 1969 1970 1972
f 1971 1974 1973
f 1971 1972 1974
f 1973 1976 1975
f 1973 1974 1976
f 1975 1978 1977
f 1975 1976 1978
f 1977 1980 1979
f 1977 1978 1980
f 1979 1982 1981
f 1979 1980 1982
f 1981 1984 1983
f 1981 1982 1984
f 1983 1986 1985
f 1983 1984 1986
f 1985 1988 1987
f 1985 1986 1988
f 1987 1990 1989
f 1987 1988 1990
f 1989 1992 1991
f 1989 1990 1992
f 1991 1994 1993
f 1991 1992 1994
f 1993 1996 1995
f 1993 1994 1996
f 1995 1998 1997
f 1995 1996 1998
f 1997 2000 1999
f 1997 1998 2000
f 1999 2002 2001
f 1999 2000 2002
f 2001 2004 2003
f 2001 2002 2004
f 2003 2006 2005
f 2003 2004 2006
f 2005 2008 2007
f 2005 2006 2008
f 2007 2010 2009
f 2007 2008 2010
f 2009 2012 2011
f 2009 2010 2012
f 2011 2014 2013
f 2011 2012 2014
f 2013 2016 2015
f 2013 2014 2016
f 2015 2018 2017
f 2015 2016 2018
f 2017 2020 2019
f 2017 2018 2020
f 2019 2022 2021
f 2019 2020 2022
f 2021 2024 2023
f 2021 2022 2024
f 2023 2026 2025
f 2023 2024 2026
f 2025 2028 2027
f 2025 2026 2028
f 2027 2030 2029
f 2027 2028 2030
f 2029 2032 2031
f 2029 2030 2032
f 2031 2034 2033
f 2031 2032 2034
f 2033 2036 2035
f 2033 2034 2036
f 2035 2038 2037
f 2035 2036 2038
f 2037 2040 2039
f 2037 2038 2040
f 2039 2042 2041
f 2039 2040 2042
f 2041 2044 2043
f 2041 2042 2044
f 2043 2046 2045
f 2043 2044 2046
f 2045 2048 2047
f 2045 2046 2048
f 2047 2050 2049
f 2047 2048 2050
f 2049 2052 2051
f 2049 2050 2052
f 2051 2054 2053
f 2051 2052 2054
f 2053 2056 2055
f 2053 2054 2056
f 2055 2058 2057
f 2055 2056 2058
f 2057 2060 2059
f 2057 2058 2060
f 2059 2062 2061
f 2059 2060 2062
f 2061 2064 2063
f 2061 2062 2064
f 2063 2066 2065
f 2063 2064 2066
f 2065 2068 2067
f 2065 2066 2068
f 2067 2070 2069
f 2067 2068 2070
f 2069 2072 2071
f 2069 2070 2072
f 2071 2074 2073
f 2071 2072 2074
f 2073 2076 2075
f 2073 2074 2076
f 2075 2078 2077
f 2075 2076 2078
f 2077 2080 2079
f 2077 2078 2080
f 2079 2082 2081
f 2079 2080 2082
f 2081 2084 2083
f 2081 2082 2084
f 2083 2086 2085
f 2083 2084 2086
f 2085 2088 2087
f 2085 2086 2088
f 2087 2090 2089
f 2087 2088 2090
f 2089 2092 2091
f 2089 2090 2092
f 2091 2094 2093
f 2091 2092 2094
f 2093 2096 2095
f 2093 2094 2096
f 2095 2098 2097
f 2095 2096 2098
f 2097 2100 2099
f 2097 2098 2100
f 2099 2102 2101
f 2099 2100 2102
f 2101 2104 2103
f 2101 2102 2104
f 2103 2106 2105
f 2103 2104 2106
f 2105 2108 2107
f 2105 2106 2108
f 2107 2110 2109
f 2107 2108 2110
f 2109 2112 2111
f 2109 2110 2112
f 2111 2114 2113
f 2111 2112 2114
f 2113 2116 2115
f 2113 2114 2116
f 2115 2118 2117
f 2115 2116 2118
f 2117 2120 2119
f 2117 2118 2120
f 2119 2122 2121
f 2119 2120 2122
f 2121 2124 2123
f 2121 2122 2124
f 2123 2126 2125
f 2123 2124 2126
f 2125 2128 2127
f 2125 2126 2128
f 2127 2130 2129
f 2127 2128 2130
f 2129 2132 2131
f 2129 2130 2132
f 2131 2134 2133
f 2131 2132 2134
f 2133 2136 2135
f 2133 2134 2136
f 2135 2138 2137
f 2135 2136 2138
f 2137 2140 2139
f 2137 2138 2140
f 2139 2142 2141
f 2139 2140 2142
f 2141 2144 2143
f 2141 2142 2144
f 2143 2146 2145
f 2143 2144 2146
f 2145 2148 2147
f 2145 2146 2148
f 2147 2150 2149
f 2147 2148 2150
f 2149 2152 2151
f 2149 2150 2152
f 2151 2154 2153
f 2151 2152 2154
f 2153 2156 2155
f 2153 2154 2156
f 2155 2158 2157
f 2155 2156 2158
f 2157 2160 2159
f 2157 2158 2160
f 2159 2162 2161
f 2159 2160 2162
f 2161 2164 2163
f 2161 2162 2164
f 2163 2166 2165
f 2163 2164 2166
f 2165 2168 2167
f 2165 2166 2168
f 2167 2170 2169
f 2167 2168 2170
f 2169 2172 2171
f 2169 2170 2172
f 2171 2174 2173
f 2171 2172 2174
f 2173 2176 2175
f 2173 2174 2176
f 2175 2178 2177
f 2175 2176 2178
f 2177 2180 2179
f 2177 2178 2180
f 2179 2182 2181
f 2179 2180 2182
f 2181 2184 2183
f 2181 2182 2184
f 2183 2186 2185
f 2183 2184 2186
f 2185 2188 2187
f 2185 2186 2188
f 2187 2190 2189
f 2187 2188 2190
f 2189 2192 2191
f 2189 2190 2192
f 2191 2194 2193
f 2191 2192 2194
f 2193 2196 2195
f 2193 2194 2196
f 2195 2198 2197
f 2195 2196 2198
f 2197 2200 2199
f 2197 2198 2200
f 2199 2202 2201
f 2199 2200 2202
f 2201 2204 2203
f 2201 2202 2204
f 2203 2206 2205
f 2203 2204 2206
f 2205 2208 2207
f 2205 2206 2208
f 2207 2210 2209
f 2207 2208 2210
f 2209 2212 2211
f 2209 2210 2212
f 2211 2214 2213
f 2211 2212 2214
f 2213 2216 2215
f 2213 2214 2216
f 2215 2218 2217
f 2215 2216 2218
f 2217 2220 2219
f 2217 2218 2220
f 2219 2222 2221
f 2219 2220 2222
f 2221 2224 2223
f 2221 2222 2224
f 2223 2226 2225
f 2223 2224 2226
f 2225 2228 2227
f 2225 2226 2228
f 2227 2230 2229
f 2227 2228 2230
f 2229 2232 2231
f 2229 2230 2232
f 2231 2234 2233
f 2231 2232 2234
f 2233 2236 2235
f 2233 2234 2236
f 2235 2238 2237
f 2235 2236 2238
f 2237 2240 2239
f 2237 2238 2240
f 2239 2242 2241
f 2239 2240 2242
f 2241 2244 2243
f 2241 2242 2244
f 2243 2246 2245
f 2243 2244 2246
f 2245 2248 2247
f 2245 2246 2248
f 2247 2250 2249
f 2247 2248 2250
f 2249 2252 2251
f 2249 2250 2252
f 2251 2254 2253
f 2251 2252 2254
f 2253 2256 2255
f 2253 2254 2256
f 2255 2258 2257
f 2255 2256 2258
f 2257 2260 2259
f 2257 2258 2260
f 2259 2262 2261
f 2259 2260 2262
f 2261 2264 2263
f 2261 2262 2264
f 2263 2266 2265
f 2263 2264 2266
f 2265 2268 2267
f 2265 2266 2268
f 2267 2270 2269
f 2267 2268 2270
f 2269 2272 2271
f 2269 2270 2272
f 2271 2274 2273
f 2271 2272 2274
f 2273 2276 2275
f 2273 2274 2276
f 2275 2278 2277
f 2275 2276 2278
f 2277 2280 2279
f 2277 2278 2280
f 2279 2282 2281
f 2279 2280 2282
f 2281 2284 2283
f 2281 2282 2284
f 2283 2286 2285
f 2283 2284 2286
f 2285 2288 2287
f 2285 2286 2288
f 2287 2290 2289
f 2287 2288 2290
f 2289 2292 2291
f 2289 2290 2292
f 2291 2294 2293
f 2291 2292 2294
f 2293 2296 2295
f 2293 2294 2296
f 2295 2298 2297
f 2295 2296 2298
f 2297 2300 2299
f 2297 2298 2300
f 2299 2302 2301
f 2299 2300 2302
f 2301 2304 2303
f 2301 2302 2304
f 2303 2306 2305
f 2303 2304 2306
f 2305 2308 2307
f 2305 2306 2308
f 2307 2310 2309
f 2307 2308 2310
f 2309 2312 2311
f 2309 2310 2312
f 2311 2314 2313
f 2311 2312 2314
f 2313 2316 2315
f 2313 2314 2316
f 2315 2318 2317
f 2315 2316 2318
f 2317 2320 2319
f 2317 2318 2320
f 2319 2322 2321
f 2319 2320 2322
f 2321 2324 2323
f 2321 2322 2324
f 2323 2326 2325
f 2323 2324 2326
f 2325 2328 2327
f 2325 2326 2328
f 2327 2330 2329
f 2327 2328 2330
f 2329 2332 2331
f 2329 2330 2332
f 2331 2334 2333
f 2331 2332 2334
f 2333 2336 2335
f 2333 2334 2336
f 2335 2338 2337
f 2335 2336 2338
f 2337 2340 2339
f 2337 2338 2340
f 2341 2342 2343
f 2341 2343 2344
f 2345 2346 2347
f 2345 2347 2348
f 2349 2352 2351
f 2349 2350 2352
f 2351 2354 2353
f 2351 2352 2354
f 2353 2356 2355
f 2353 2354 2356
f 2355 2358 2357
f 2355 2356 2358
f 2357 2360 2359
f 2357 2358 2360
f 2359 2362 2361
f 2359 2360 2362
f 2361 2364 2363
f 2361 2362 2364
f 2363 2366 2365
f 2363 2364 2366
f 2365 2368 2367
f 2365 2366 2368
f 2367 2370 2369
f 2367 2368 2370
f 2369 2372 2371
f 2369 2370 2372
f 2371 2374 2373
f 2371 2372 2374
f 2373 2376 2375
f 2373 2374 2376
f 2375 2378 2377
f 2375 2376 2378
f 2377 2380 2379
f 2377 2378 2380
f 2379 2382 2381
f 2379 2380 2382
f 2381 2384 2383
f 2381 2382 2384
f 2383 2386 2385
f 2383 2384 2386
f 2385 2388 2387
f 2385 2386 2388
f 2387 2390 2389
f 2387 2388 2390
f 2389 2392 2391
f 2389 2390 2392
f 2391 2394 2393
f 2391 2392 2394
f 2393 2396 2395
f 2393 2394 2396
f 2395 2398 2397
f 2395 2396 2398
f 2397 2400 2399
f 2397 2398 2400
f 2399 2402 2401
f 2399 2400 2402
f 2401 2404 2403
f 2401 2402 2404
f 2403 2406 2405
f 2403 2404 2406
f 2405 2408 2407
f 2405 2406 2408
f 2407 2410 2409
f 2407 2408 2410
f 2409 2412 2411
f 2409 2410 2412
f 2411 2414 2413
f 2411 2412 2414
f 2413 2416 2415
f 2413 2414 2416
f 2415 2418 2417
f 2415 2416 2418
f 2417 2420 2419
f 2417 2418 2420
f 2419 2422 2421
f 2419 2420 2422
f 2421 2424 2423
f 2421 2422 2424
f 2423 2426 2425
f 2423 2424 2426
f 2425 2428 2427
f 2425 2426 2428
f 2427 2430 2429
f 2427 2428 2430
f 2429 2432 2431
f 2429 2430 2432
f 2431 2434 2433
f 2431 2432 2434
f 2433 2436 2435
f 2433 2434 2436
f 2435 2438 2437
f 2435 2436 2438
f 2437 2440 2439
f 2437 2438 2440
f 2439 2442 2441
f 2439 2440 2442
f 2441 2444 2443
f 2441 2442 2444
f 2443 2446 2445
f 2443 2444 2446
f 2445 2448 2447
f 2445 2446 2448
f 2447 2450 2449
f 2447 2448 2450
f 2449 2452 2451
f 2449 2450 2452
f 2451 2454 2453
f 2451 2452 2454
f 2453 2456 2455
f 2453 2454 2456
f 2455 2458 2457
f 2455 2456 2458
f 2457 2460 2459
f 2457 2458 2460
f 2459 2462 2461
f 2459 2460 2462
f 2461 2464 2463
f 2461 2462 2464
f 2463 2466 2465
f 2463 2464 2466
f 2465 2468 2467
f 2465 2466 2468
f 2467 2470 2469
f 2467 2468 2470
f 2469 2472 2471
f 2469 2470 2472
f 2471 2474 2473
f 2471 2472 2474
f 2473 2476 2475
f 2473 2474 2476
f 2475 2478 2477
f 2475 2476 2478
f 2477 2480 2479
f 2477 2478 2480
f 2479 2482 2481
f 2479 2480 2482
f 2481 2484 2483
f 2481 2482 2484
f 2483 2486 2485
f 2483 2484 2486
f 2485 2488 2487
f 2485 2486 2488
f 2487 2490 2489
f 2487 2488 2490
f 2489 2492 2491
f 2489 2490 2492
f 2491 2494 2493
f 2491 2492 2494
f 2493 2496 2495
f 2493 2494 2496
f 2495 2498 2497
f 2495 2496 2498
f 2497 2500 2499
f 2497 2498 2500
f 2499 2502 2501
f 2499 2500 2502
f 2501 2504 2503
f 2501 2502 2504
f 2503 2506 2505
f 2503 2504 2506
f 2505 2508 2507
f 2505 2506 2508
f 2507 2510 2509
f 2507 2508 2510
f 2509 2512 2511
f 2509 2510 2512
f 2511 2514 2513
f 2511 2512 2514
f 2513 2516 2515
f 2513 2514 2516
f 2515 2518 2517
f 2515 2516 2518
f 2517 2520 2519
f 2517 2518 2520
f 2519 2522 2521
f 2519 2520 2522
f 2521 2524 2523
f 2521 2522 2524
f 2523 2526 2525
f 2523 2524 2526
f 2525 2528 2527
f 2525 2526 2528
f 2527 2530 2529
f 2527 2528 2530
f 2529 2532 2531
f 2529 2530 2532
f 2531 2534 2533
f 2531 2532 2534
f 2533 2536 2535
f 2533 2534 2536
f 2535 2538 2537
f 2535 2536 2538
f 2537 2540 2539
f 2537 2538 2540
f 2539 2542 2541
f 2539 2540 2542
f 2541 2544 2543
f 2541 2542 2544
f 2543 2546 2545
f 2543 2544 2546
f 2545 2548 2547
f 2545 2546 2548
f 2547 2550 2549
f 2547 2548 2550
f 2549 2552 2551
f 2549 2550 2552
f 2551 2554 2553
f 2551 2552 2554
f 2553 2556 2555
f 2553 2554 2556
f 2555 2558 2557
f 2555 2556 2558
f 2557 2560 2559
f 2557 2558 2560
f 2559 2562 2561
f 2559 2560 2562
f 2561 2564 2563
f 2561 2562 2564
f 2563 2566 2565
f 2563 2564 2566
f 2565 2568 2567
f 2565 2566 2568
f 2567 2570 2569
f 2567 2568 2570
f 2569 2572 2571
f 2569 2570 2572
f 2571 2574 2573
f 2571 2572 2574
f 2573 2576 2575
f 2573 2574 2576
f 2575 2578 2577
f 2575 2576 2578
f 2577 2580 2579
f 2577 2578 2580
f 2579 2582 2581
f 2579 2580 2582
f 2581 2584 2583
f 2581 2582 2584
f 2583 2586 2585
f 2583 2584 2586
f 2585 2588 2587
f 2585 2586 2588
f 2587 2590 2589
f 2587 2588 2590
f 2589 2592 2591
f 2589 2590 2592
f 2591 2594 2593
f 2591 2592 2594
f 2593 2596 2595
f 2593 2594 2596
f 2595 2598 2597
f 2595 2596 2598
f 2597 2600 2599
f 2597 2598 2600
f 2599 2602 2601
f 2599 2600 2602
f 2601 2604 2603
f 2601 2602 2604
f 2603 2606 2605
f 2603 2604 2606
f 2605 2608 2607
f 2605 2606 2608
f 2607 2610 2609
f 2607 2608 2610
f 2609 2612 2611
f 2609 2610 2612
f 2611 2614 2613
f 2611 2612 2614
f 2613 2616 2615
f 2613 2614 2616
f 2615 2618 2617
f 2615 2616 2618
f 2617 2620 2619
f 2617 2618 2620
f 2619 2622 2621
f 2619 2620 2622
f 2621 2624 2623
f 2621 2622 2624
f 2623 2626 2625
f 2623 2624 2626
f 2625 2628 2627
f 2625 2626 2628
f 2627 2630 2629
f 2627 2628 2630
f 2629 2632 2631
f 2629 2630 2632
f 2631 2634 2633
f 2631 2632 2634
f 2633 2636 2635
f 2633 2634 2636
f 2635 2638 2637
f 2635 2636 2638
f 2637 2640 2639
f 2637 2638 2640
f 2639 2642 2641
f 2639 2640 2642
f 2641 2644 2643
f 2641 2642 2644
f 2643 2646 2645
f 2643 2644 2646
f 2645 2648 2647
f 2645 2646 2648
f 2647 2650 2649
f 2647 2648 2650
f 2649 2652 2651
f 2649 2650 2652
f 2651 2654 2653
f 2651 2652 2654
f 2653 2656 2655
f 2653 2654 2656
f 2655 2658 2657
f 2655 2656 2658
f 2657 2660 2659
f 2657 2658 2660
f 2659 2662 2661
f 2659 2660 2662
f 2661 2664 2663
f 2661 2662 2664
f 2663 2666 2665
f 2663 2664 2666
f 2665 2668 2667
f 2665 2666 2668
f 2667 2670 2669
f 2667 2668 2670
f 2669 2672 2671
f 2669 2670 2672
f 2671 2674 2673
f 2671 2672 2674
f 2673 2676 2675
f 2673 2674 2676
f 2675 2678 2677
f 2675 2676 2678
f 2677 2680 2679
f 2677 2678 2680
f 2679 2682 2681
f 2679 2680 2682
f 2681 2684 2683
f 2681 2682 2684
f 2683 2686 2685
f 2683 2684 2686
f 2685 2688 2687
f 2685 2686 2688
f 2687 2690 2689
f 2687 2688 2690
f 2689 2692 2691
f 2689 2690 2692
f 2691 2694 2693
f 2691 2692 2694
f 2693 2696 2695
f 2693 2694 2696
f 2695 2698 2697
f 2695 2696 2698
f 2697 2700 2699
f 2697 2698 2700
f 2699 2702 2701
f 2699 2700 2702
f 2701 2704 2703
f 2701 2702 2704
f 2703 2706 2705
f 2703 2704 2706
f 2705 2708 2707
f 2705 2706 2708
f 2707 2710 2709
f 2707 2708 2710
f 2709 2712 2711
f 2709 2710 2712
f 2711 2714 2713
f 2711 2712 2714
f 2713 2716 2715
f 2713 2714 2716
f 2715 2718 2717
f 2715 2716 2718
f 2717 2720 2719
f 2717 2718 2720
f 2719 2722 2721
f 2719 2720 2722
f 2721 2724 2723
f 2721 2722 2724
f 2723 2726 2725
f 2723 2724 2726
f 2725 2728 2727
f 2725 2726 2728
f 2727 2730 2729
f 2727 2728 2730
f 2729 2732 2731
f 2729 2730 2732
f 2731 2734 2733
f 2731 2732 2734
f 2735 2738 2737
f 2735 2736 2738
f 2737 2740 2739
f 2737 2738 2740
f 2739 2742 2741
f 2739 2740 2742
f 2741 2744 2743
f 2741 2742 2744
f 2743 2746 2745
f 2743 2744 2746
f 2745 2748 2747
f 2745 2746 2748
f 2747 2750 2749
f 2747 2748 2750
f 2749 2752 2751
f 2749 2750 2752
f 2751 2754 2753
f 2751 2752 2754
f 2753 2756 2755
f 2753 2754 2756
f 2755 2758 2757
f 2755 2756 2758
f 2757 2760 2759
f 2757 2758 2760
f 2759 2762 2761
f 2759 2760 2762
f 2761 2764 2763
f 2761 2762 2764
f 2763 2766 2765
f 2763 2764 2766
f 2765 2768 2767
f 2765 2766 2768
f 2767 2770 2769
f 2767 2768 2770
f 2769 2772 2771
f 2769 2770 2772
f 2771 2774 2773
f 2771 2772 2774
f 2773 2776 2775
f 2773 2774 2776
f 2775 2778 2777
f 2775 2776 2778
f 2777 2780 2779
f 2777 2778 2780
f 2779 2782 2781
f 2779 2780 2782
f 2781 2784 2783
f 2781 2782 2784
f 2783 2786 2785
f 2783 2784 2786
f 2785 2788 2787
f 2785 2786 2788
f 2787 2790 2789
f 2787 2788 2790
f 2789 2792 2791
f 2789 2790 2792
f 2791 2794 2793
f 2791 2792 2794
f 2793 2796 2795
f 2793 2794 2796
f 2795 2798 2797
f 2795 2796 2798
f 2797 2800 2799
f 2797 2798 2800
f 2799 2802 2801
f 2799 2800 2802
f 2801 2804 2803
f 2801 2802 2804
f 2803 2806 2805
f 2803 2804 2806
f 2805 2808 2807
f 2805 2806 2808
f 2807 2810 2809
f 2807 2808 2810
f 2809 2812 2811
f 2809 2810 2812
f 2811 2814 2813
f 2811 2812 2814
f 2813 2816 2815
f 2813 2814 2816
f 2815 2818 2817
f 2815 2816 2818
f 2817 2820 2819
f 2817 2818 2820
f 2819 2822 2821
f 2819 2820 2822
f 2821 2824 2823
f 2821 2822 2824
f 2823 2826 2825
f 2823 2824 2826
f 2825 2828 2827
f 2825 2826 2828
f 2827 2830 2829
f 2827 2828 2830
f 2829 2832 2831
f 2829 2830 2832
f 2831 2834 2833
f 2831 2832 2834
f 2833 2836 2835
f 2833 2834 2836
f 2835 2838 2837
f 2835 2836 2838
f 2837 2840 2839
f 2837 2838 2840
f 2839 2842 2841
f 2839 2840 2842
f 2841 2844 2843
f 2841 2842 2844
f 2843 2846 2845
f 2843 2844 2846
f 2845 2848 2847
f 2845 2846 2848
f 2847 2850 2849
f 2847 2848 2850
f 2849 2852 2851
f 2849 2850 2852
f 2851 2854 2853
f 2851 2852 2854
f 2853 2856 2855
f 2853 2854 2856
f 2855 2858 2857
f 2855 2856 2858
f 2857 2860 2859
f 2857 2858 2860
f 2859 2862 2861
f 2859 2860 2862
f 2861 2864 2863
f 2861 2862 2864
f 2863 2866 2865
f 2863 2864 2866
f 2865 2868 2867
f 2865 2866 2868
f 2867 2870 2869
f 2867 2868 2870
f 2869 2872 2871
f 2869 2870 2872
f 2871 2874 2873
f 2871 2872 2874
f 2873 2876 2875
f 2873 2874 2876
f 2875 2878 2877
f 2875 2876 2878
f 2877 2880 2879
f 2877 2878 2880
f 2879 2882 2881
f 2879 2880 2882
f 2881 2884 2883
f 2881 2882 2884
f 2883 2886 2885
f 2883 2884 2886
f 2885 2888 2887
f 2885 2886 2888
f 2887 2890 2889
f 2887 2888 2890
f 2889 2892 2891
f 2889 2890 2892
f 2891 2894 2893
f 2891 2892 2894
f 2893 2896 2895
f 2893 2894 2896
f 2895 2898 2897
f 2895 2896 2898
f 2897 2900 2899
f 2897 2898 2900
f 2899 2902 2901
f 2899 2900 2902
f 2901 2904 2903
f 2901 2902 2904
f 2903 2906 2905
f 2903 2904 2906
f 2905 2908 2907
f 2905 2906 2908
f 2907 2910 2909
f 2907 2908 2910
f 2909 2912 2911
f 2909 2910 2912
f 2911 2914 2913
f 2911 2912 2914
f 2913 2916 2915
f 2913 2914 2916
f 2915 2918 2917
f 2915 2916 2918
f 2917 2920 2919
f 2917 2918 2920
f 2919 2922 2921
f 2919 2920 2922
f 2921 2924 2923
f 2921 2922 2924
f 2923 2926 2925
f 2923 2924 2926
f 2925 2928 2927
f 2925 2926 2928
f 2927 2930 2929
f 2927 2928 2930
f 2929 2932 2931
f 2929 2930 2932
f 2931 2934 2933
f 2931 2932 2934
f 2933 2936 2935
f 2933 2934 2936
f 2935 2938 2937
f 2935 2936 2938
f 2937 2940 2939
f 2937 2938 2940
f 2939 2942 2941
f 2939 2940 2942
f 2941 2944 2943
f 2941 2942 2944
f 2943 2946 2945
f 2943 2944 2946
f 2945 2948 2947
f 2945 2946 2948
f 2947 2950 2949
f 2947 2948 2950
f 2949 2952 2951
f 2949 2950 2952
f 2951 2954 2953
f 2951 2952 2954
f 2953 2956 2955
f 2953 2954 2956
f 2955 2958 2957
f 2955 2956 2958
f 2957 2960 2959
f 2957 2958 2960
f 2959 2962 2961
f 2959 2960 2962
f 2961 2964 2963
f 2961 2962 2964
f 2963 2966 2965
f 2963 2964 2966
f 2965 2968 2967
f 2965 2966 2968
f 2967 2970 2969
f 2967 2968 2970
f 2969 2972 2971
f 2969 2970 2972
f 2971 2974 2973
f 2971 2972 2974
f 2973 2976 2975
f 2973 2974 2976
f 2975 2978 2977
f 2975 2976 2978
f 2977 2980 2979
f 2977 2978 2980
f 2979 2982 2981
f 2979 2980 2982
f 2981 2984 2983
f 2981 2982 2984
f 2983 2986 2985
f 2983 2984 2986
f 2985 2988 2987
f 2985 2986 2988
f 2987 2990 2989
f 2987 2988 2990
f 2989 2992 2991
f 2989 2990 2992
f 2991 2994 2993
f 2991 2992 2994
f 2993 2996 2995
f 2993 2994 2996
f 2995 2998 2997
f 2995 2996 2998
f 2997 3000 2999
f 2997 2998 3000
f 2999 3002 3001
f 2999 3000 3002
f 3001 3004 3003
f 3001 3002 3004
f 3003 3006 3005
f 3003 3004 3006
f 3005 3008 3007
f 3005 3006 3008
f 3007 3010 3009
f 3007 3008 3010
f 3009 3012 3011
f 3009 3010 3012
f 3011 3014 3013
f 3011 3012 3014
f 3013 3016 3015
f 3013 3014 3016
f 3015 3018 3017
f 3015 3016 3018
f 3017 3020 3019
f 3017 3018 3020
f 3019 3022 3021
f 3019 3020 3022
f 3021 3024 3023
f 3021 3022 3024
f 3023 3026 3025
f 3023 3024 3026
f 3025 3028 3027
f 3025 3026 3028
f 3027 3030 3029
f 3027 3028 3030
f 3029 3032 3031
f 3029 3030 3032
f 3031 3034 3033
f 3031 3032 3034
f 3033 3036 3035
f 3033 3034 3036
f 3035 3038 3037
f 3035 3036 3038
f 3037 3040 3039
f 3037 3038 3040
f 3039 3042 3041
f 3039 3040 3042
f 3041 3044 3043
f 3041 3042 3044
f 3043 3046 3045
f 3043 3044 3046
f 3045 3048 3047
f 3045 3046 3048
f 3047 3050 3049
f 3047 3048 3050
f 3049 3052 3051
f 3049 3050 3052
f 3051 3054 3053
f 3051 3052 3054
f 3053 3056 3055
f 3053 3054 3056
f 3055 3058 3057
f 3055 3056 3058
f 3057 3060 3059
f 3057 3058 3060
f 3059 3062 3061
f 3059 3060 3062
f 3061 3064 3063
f 3061 3062 3064
f 3063 3066 3065
f 3063 3064 3066
f 3065 3068 3067
f 3065 3066 3068
f 3067 3070 3069
f 3067 3068 3070
f 3069 3072 3071
f 3069 3070 3072
f 3071 3074 3073
f 3071 3072 3074
f 3073 3076 3075
f 3073 3074 3076
f 3075 3078 3077
f 3075 3076 3078
f 3077 3080 3079
f 3077 3078 3080
f 3079 3082 3081
f 3079 3080 3082
f 3081 3084 3083
f 3081 3082 3084
f 3083 3086 3085
f 3083 3084 3086
f 3085 3088 3087
f 3085 3086 3088
f 3087 3090 3089
f 3087 3088 3090
f 3089 3092 3091
f 3089 3090 3092
f 3091 3094 3093
f 3091 3092 3094
f 3093 3096 3095
f 3093 3094 3096
f 3095 3098 3097
f 3095 3096 3098
f 3097 3100 3099
f 3097 3098 3100
f 3099 3102 3101
f 3099 3100 3102
f 3101 3104 3103
f 3101 3102 3104
f 3103 3106 3105
f 3103 3104 3106
f 3105 3108 3107
f 3105 3106 3108
f 3107 3110 3109
f 3107 3108 3110
f 3109 3112 3111
f 3109 3110 3112
f 3111 3114 3113
f 3111 3112 3114
f 3113 3116 3115
f 3113 3114 3116
f 3115 3118 3117
f 3115 3116 3118
f 3117 3120 3119
f 3117 3118 3120
f 3121 3122 3123
f 3121 3123 3124
f 3125 3126 3127
f 3125 3127 3128
f 3129 3132 3131
f 3129 3130 3132
f 3131 3134 3133
f 3131 3132 3134
f 3133 3136 3135
f 3133 3134 3136
f 3135 3138 3137
f 3135 3136 3138
f 3137 3140 3139
f 3137 3138 3140
f 3139 3142 3141
f 3139 3140 3142
f 3141 3144 3143
f 3141 3142 3144
f 3143 3146 3145
f 3143 3144 3146
f 3145 3148 3147
f 3145 3146 3148
f 3147 3150 3149
f 3147 3148 3150
f 3149 3152 3151
f 3149 3150 3152
f 3151 3154 3153
f 3151 3152 3154
f 3153 3156 3155
f 3153 3154 3156
f 3155 3158 3157
f 3155 3156 3158
f 3157 3160 3159
f 3157 3158 3160
f 3159 3162 3161
f 3159 3160 3162
f 3161 3164 3163
f 3161 3162 3164
f 3163 3166 3165
f 3163 3164 3166
f 3165 3168 3167
f 3165 3166 3168
f 3167 3170 3169
f 3167 3168 3170
f 3169 3172 3171
f 3169 3170 3172
f 3171 3174 3173
f 3171 3172 3174
f 3173 3176 3175
f 3173 3174 3176
f 3175 3178 3177
f 3175 3176 3178
f 3177 3180 3179
f 3177 3178 3180
f 3179 3182 3181
f 3179 3180 3182
f 3181 3184 3183
f 3181 3182 3184
f 3183 3186 3185
f 3183 3184 3186
f 3185 3188 3187
f 3185 3186 3188
f 3187 3190 3189
f 3187 3188 3190
f 3189 3192 3191
f 3189 3190 3192
f 3191 3194 3193
f 3191 3192 3194
f 3193 3196 3195
f 3193 3194 3196
f 3195 3198 3197
f 3195 3196 3198
f 3197 3200 3199
f 3197 3198 3200
f 3199 3202 3201
f 3199 3200 3202
f 3201 3204 3203
f 3201 3202 3204
f 3203 3206 3205
f 3203 3204 3206
f 3205 3208 3207
f 3205 3206 3208
f 3207 3210 3209
f 3207 3208 3210
f 3209 3212 3211
f 3209 3210 3212
f 3211 3214 3213
f 3211 3212 3214
f 3213 3216 3215
f 3213 3214 3216
f 3215 3218 3217
f 3215 3216 3218
f 3217 3220 3219
f 3217 3218 3220
f 3219 3222 3221
f 3219 3220 3222
f 3221 3224 3223
f 3221 3222 3224
f 3223 3226 3225
f 3223 3224 3226
f 3225 3228 3227
f 3225 3226 3228
f 3227 3230 3229
f 3227 3228 3230
f 3229 3232 3231
f 3229 3230 3232
f 3231 3234 3233
f 3231 3232 3234
f 3233 3236 3235
f 3233 3234 3236
f 3235 3238 3237
f 3235 3236 3238
f 3237 3240 3239
f 3237 3238 3240
f 3239 3242 3241
f 3239 3240 3242
f 3241 3244 3243
f 3241 3242 3244
f 3243 3246 3245
f 3243 3244 3246
f 3245 3248 3247
f 3245 3246 3248
f 3247 3250 3249
f 3247 3248 3250
f 3249 3252 3251
f 3249 3250 3252
f 3251 3254 3253
f 3251 3252 3254
f 3253 3256 3255
f 3253 3254 3256
f 3255 3258 3257
f 3255 3256 3258
f 3257 3260 3259
f 3257 3258 3260
f 3259 3262 3261
f 3259 3260 3262
f 3261 3264 3263
f 3261 3262 3264
f 3263 3266 3265
f 3263 3264 3266
f 3265 3268 3267
f 3265 3266 3268
f 3267 3270 3269
f 3267 3268 3270
f 3269 3272 3271
f 3269 3270 3272
f 3271 3274 3273
f 3271 3272 3274
f 3273 3276 3275
f 3273 3274 3276
f 3275 3278 3277
f 3275 3276 3278
f 3277 3280 3279
f 3277 3278 3280
f 3279 3282 3281
f 3279 3280 3282
f 3281 3284 3283
f 3281 3282 3284
f 3283 3286 3285
f 3283 3284 3286
f 3285 3288 3287
f 3285 3286 3288
f 3287 3290 3289
f 3287 3288 3290
f 3289 3292 3291
f 3289 3290 3292
f 3291 3294 3293
f 3291 3292 3294
f 3293 3296 3295
f 3293 3294 3296
f 3295 3298 3297
f 3295 3296 3298
f 3297 3300 3299
f 3297 3298 3300
f 3299 3302 3301
f 3299 3300 3302
f 3301 3304 3303
f 3301 3302 3304
f 3303 3306 3305
f 3303 3304 3306
f 3305 3308 3307
f 3305 3306 3308
f 3307 3310 3309
f 3307 3308 3310
f 3309 3312 3311
f 3309 3310 3312
f 3311 3314 3313
f 3311 3312 3314
f 3313 3316 3315
f 3313 3314 3316
f 3315 3318 3317
f 3315 3316 3318
f 3317 3320 3319
f 3317 3318 3320
f 3319 3322 3321
f 3319 3320 3322
f 3321 3324 3323
f 3321 3322 3324
f 3323 3326 3325
f 3323 3324 3326
f 3325 3328 3327
f 3325 3326 3328
f 3327 3330 3329
f 3327 3328 3330
f 3329 3332 3331
f 3329 3330 3332
f 3331 3334 3333
f 3331 3332 3334
f 3333 3336 3335
f 3333 3334 3336
f 3335 3338 3337
f 3335 3336 3338
f 3337 3340 3339
f 3337 3338 3340
f 3339 3342 3341
f 3339 3340 3342
f 3341 3344 3343
f 3341 3342 3344
f 3343 3346 3345
f 3343 3344 3346
f 3345 3348 3347
f 3345 3346 3348
f 3347 3350 3349
f 3347 3348 3350
f 3349 3352 3351
f 3349 3350 3352
f 3351 3354 3353
f 3351 3352 3354
f 3353 3356 3355
f 3353 3354 3356
f 3355 3358 3357
f 3355 3356 3358
f 3357 3360 3359
f 3357 3358 3360
f 3359 3362 3361
f 3359 3360 3362
f 3361 3364 3363
f 3361 3362 3364
f 3363 3366 3365
f 3363 3364 3366
f 3365 3368 3367
f 3365 3366 3368
f 3367 3370 3369
f 3367 3368 3370
f 3369 3372 3371
f 3369 3370 3372
f 3371 3374 3373
f 3371 3372 3374
f 3373 3376 3375
f 3373 3374 3376
f 3375 3378 3377
f 3375 3376 3378
f 3377 3380 3379
f 3377 3378 3380
f 3379 3382 3381
f 3379 3380 3382
f 3381 3384 3383
f 3381 3382 3384
f 3383 3386 3385
f 3383 3384 3386
f 3385 3388 3387
f 3385 3386 3388
f 3387 3390 3389
f 3387 3388 3390
f 3389 3392 3391
f 3389 3390 3392
f 3391 3394 3393
f 3391 3392 3394
f 3393 3396 3395
f 3393 3394 3396
f 3395 3398 3397
f 3395 3396 3398
f 3397 3400 3399
f 3397 3398 3400
f 3399 3402 3401
f 3399 3400 3402
f 3401 3404 3403
f 3401 3402 3404
f 3403 3406 3405
f 3403 3404 3406
f 3405 3408 3407
f 3405 3406 3408
f 3407 3410 3409
f 3407 3408 3410
f 3409 3412 3411
f 3409 3410 3412
f 3411 3414 3413
f 3411 3412 3414
f 3413 3416 3415
f 3413 3414 3416
f 3415 3418 3417
f 3415 3416 3418
f 3417 3420 3419
f 3417 3418 3420
f 3419 3422 3421
f 3419 3420 3422
f 3421 3424 3423
f 3421 3422 3424
f 3423 3426 3425
f 3423 3424 3426
f 3425 3428 3427
f 3425 3426 3428
f 3427 3430 3429
f 3427 3428 3430
f 3429 3432 3431
f 3429 3430 3432
f 3431 3434 3433
f 3431 3432 3434
f 3433 3436 3435
f 3433 3434 3436
f 3435 3438 3437
f 3435 3436 3438
f 3437 3440 3439
f 3437 3438 3440
f 3439 3442 3441
f 3439 3440 3442
f 3441 3444 3443
f 3441 3442 3444
f 3443 3446 3445
f 3443 3444 3446
f 3445 3448 3447
f 3445 3446 3448
f 3447 3450 3449
f 3447 3448 3450
f 3449 3452 3451
f 3449 3450 3452
f 3451 3454 3453
f 3451 3452 3454
f 3453 3456 3455
f 3453 3454 3456
f 3455 3458 3457
f 3455 3456 3458
f 3457 3460 3459
f 3457 3458 3460
f 3459 3462 3461
f 3459 3460 3462
f 3461 3464 3463
f 3461 3462 3464
f 3463 3466 3465
f 3463 3464 3466
f 3465 3468 3467
f 3465 3466 3468
f 3467 3470 3469
f 3467 3468 3470
f 3469 3472 3471
f 3469 3470 3472
f 3471 3474 3473
f 3471 3472 3474
f 3473 3476 3475
f 3473 3474 3476
f 3475 3478 3477
f 3475 3476 3478
f 3477 3480 3479
f 3477 3478 3480
f 3479 3482 3481
f 3479 3480 3482
f 3481 3484 3483
f 3481 3482 3484
f 3483 3486 3485
f 3483 3484 3486
f 3485 3488 3487
f 3485 3486 3488
f 3487 3490 3489
f 3487 3488 3490
f 3489 3492 3491
f 3489 3490 3492
f 3491 3494 3493
f 3491 3492 3494
f 3493 3496 3495
f 3493 3494 3496
f 3495 3498 3497
f 3495 3496 3498
f 3497 3500 3499
f 3497 3498 3500
f 3499 3502 3501
f 3499 3500 3502
f 3501 3504 3503
f 3501 3502 3504
f 3503 3506 3505
f 3503 3504 3506
f 3505 3508 3507
f 3505 3506 3508
f 3507 3510 3509
f 3507 3508 3510
f 3509 3512 3511
f 3509 3510 3512
f 3511 3514 3513
f 3511 3512 3514
f 3515 3518 3517
f 3515 3516 3518
f 3517 3520 3519
f 3517 3518 3520
f 3519 3522 3521
f 3519 3520 3522
f 3521 3524 3523
f 3521 3522 3524
f 3523 3526 3525
f 3523 3524 3526
f 3525 3528 3527
f 3525 3526 3528
f 3527 3530 3529
f 3527 3528 3530
f 3529 3532 3531
f 3529 3530 3532
f 3531 3534 3533
f 3531 3532 3534
f 3533 3536 3535
f 3533 3534 3536
f 3535 3538 3537
f 3535 3536 3538
f 3537 3540 3539
f 3537 3538 3540
f 3539 3542 3541
f 3539 3540 3542
f 3541 3544 3543
f 3541 3542 3544
f 3543 3546 3545
f 3543 3544 3546
f 3545 3548 3547
f 3545 3546 3548
f 3547 3550 3549
f 3547 3548 3550
f 3549 3552 3551
f 3549 3550 3552
f 3551 3554 3553
f 3551 3552 3554
f 3553 3556 3555
f 3553 3554 3556
f 3555 3558 3557
f 3555 3556 3558
f 3557 3560 3559
f 3557 3558 3560
f 3559 3562 3561
f 3559 3560 3562
f 3561 3564 3563
f 3561 3562 3564
f 3563 3566 3565
f 3563 3564 3566
f 3565 3568 3567
f 3565 3566 3568
f 3567 3570 3569
f 3567 3568 3570
f 3569 3572 3571
f 3569 3570 3572
f 3571 3574 3573
f 3571 3572 3574
f 3573 3576 3575
f 3573 3574 3576
f 3575 3578 3577
f 3575 3576 3578
f 3577 3580 3579
f 3577 3578 3580
f 3579 3582 3581
f 3579 3580 3582
f 3581 3584 3583
f 3581 3582 3584
f 3583 3586 3585
f 3583 3584 3586
f 3585 3588 3587
f 3585 3586 3588
f 3587 3590 3589
f 3587 3588 3590
f 3589 3592 3591
f 3589 3590 3592
f 3591 3594 3593
f 3591 3592 3594
f 3593 3596 3595
f 3593 3594 3596
f 3595 3598 3597
f 3595 3596 3598
f 3597 3600 3599
f 3597 3598 3600
f 3599 3602 3601
f 3599 3600 3602
f 3601 3604 3603
f 3601 3602 3604
f 3603 3606 3605
f 3603 3604 3606
f 3605 3608 3607
f 3605 3606 3608
f 3607 3610 3609
f 3607 3608 3610
f 3609 3612 3611
f 3609 3610 3612
f 3611 3614 3613
f 3611 3612 3614
f 3613 3616 3615
f 3613 3614 3616
f 3615 3618 3617
f 3615 3616 3618
f 3617 3620 3619
f 3617 3618 3620
f 3619 3622 3621
f 3619 3620 3622
f 3621 3624 3623
f 3621 3622 3624
f 3623 3626 3625
f 3623 3624 3626
f 3625 3628 3627
f 3625 3626 3628
f 3627 3630 3629
f 3627 3628 3630
f 3629 3632 3631
f 3629 3630 3632
f 3631 3634 3633
f 3631 3632 3634
f 3633 3636 3635
f 3633 3634 3636
f 3635 3638 3637
f 3635 3636 3638
f 3637 3640 3639
f 3637 3638 3640
f 3639 3642 3641
f 3639 3640 3642
f 3641 3644 3643
f 3641 3642 3644
f 3643 3646 3645
f 3643 3644 3646
f 3645 3648 3647
f 3645 3646 3648
f 3647 3650 3649
f 3647 3648 3650
f 3649 3652 3651
f 3649 3650 3652
f 3651 3654 3653
f 3651 3652 3654
f 3653 3656 3655
f 3653 3654 3656
f 3655 3658 3657
f 3655 3656 3658
f 3657 3660 3659
f 3657 3658 3660
f 3659 3662 3661
f 3659 3660 3662
f 3661 3664 3663
f 3661 3662 3664
f 3663 3666 3665
f 3663 3664 3666
f 3665 3668 3667
f 3665 3666 3668
f 3667 3670 3669
f 3667 3668 3670
f 3669 3672 3671
f 3669 3670 3672
f 3671 3674 3673
f 3671 3672 3674
f 3673 3676 3675
f 3673 3674 3676
f 3675 3678 3677
f 3675 3676 3678
f 3677 3680 3679
f 3677 3678 3680
f 3679 3682 3681
f 3679 3680 3682
f 3681 3684 3683
f 3681 3682 3684
f 3683 3686 3685
f 3683 3684 3686
f 3685 3688 3687
f 3685 3686 3688
f 3687 3690 3689
f 3687 3688 3690
f 3689 3692 3691
f 3689 3690 3692
f 3691 3694 3693
f 3691 3692 3694
f 3693 3696 3695
f 3693 3694 3696
f 3695 3698 3697
f 3695 3696 3698
f 3697 3700 3699
f 3697 3698 3700
f 3699 3702 3701
f 3699 3700 3702
f 3701 3704 3703
f 3701 3702 3704
f 3703 3706 3705
f 3703 3704 3706
f 3705 3708 3707
f 3705 3706 3708
f 3707 3710 3709
f 3707 3708 3710
f 3709 3712 3711
f 3709 3710 3712
f 3711 3714 3713
f 3711 3712 3714
f 3713 3716 3715
f 3713 3714 3716
f 3715 3718 3717
f 3715 3716 3718
f 3717 3720 3719
f 3717 3718 3720
f 3719 3722 3721
f 3719 3720 3722
f 3721 3724 3723
f 3721 3722 3724
f 3723 3726 3725
f 3723 3724 3726
f 3725 3728 3727
f 3725 3726 3728
f 3727 3730 3729
f 3727 3728 3730
f 3729 3732 3731
f 3729 3730 3732
f 3731 3734 3733
f 3731 3732 3734
f 3733 3736 3735
f 3733 3734 3736
f 3735 3738 3737
f 3735 3736 3738
f 3737 3740 3739
f 3737 3738 3740
f 3739 3742 3741
f 3739 3740 3742
f 3741 3744 3743
f 3741 3742 3744
f 3743 3746 3745
f 3743 3744 3746
f 3745 3748 3747
f 3745 3746 3748
f 3747 3750 3749
f 3747 3748 3750
f 3749 3752 3751
f 3749 3750 3752
f 3751 3754 3753
f 3751 3752 3754
f 3753 3756 3755
f 3753 3754 3756
f 3755 3758 3757
f 3755 3756 3758
f 3757 3760 3759
f 3757 3758 3760
f 3759 3762 3761
f 3759 3760 3762
f 3761 3764 3763
f 3761 3762 3764
f 3763 3766 3765
f 3763 3764 3766
f 3765 3768 3767
f 3765 3766 3768
f 3767 3770 3769
f 3767 3768 3770
f 3769 3772 3771
f 3769 3770 3772
f 3771 3774 3773
f 3771 3772 3774
f 3773 3776 3775
f 3773 3774 3776
f 3775 3778 3777
f 3775 3776 3778
f 3777 3780 3779
f 3777 3778 3780
f 3779 3782 3781
f 3779 3780 3782
f 3781 3784 3783
f 3781 3782 3784
f 3783 3786 3785
f 3783 3784 3786
f 3785 3788 3787
f 3785 3786 3788
f 3787 3790 3789
f 3787 3788 3790
f 3789 3792 3791
f 3789 3790 3792
f 3791 3794 3793
f 3791 3792 3794
f 3793 3796 3795
f 3793 3794 3796
f 3795 3798 3797
f 3795 3796 3798
f 3797 3800 3799
f 3797 3798 3800
f 3799 3802 3801
f 3799 3800 3802
f 3801 3804 3803
f 3801 3802 3804
f 3803 3806 3805
f 3803 3804 3806
f 3805 3808 3807
f 3805 3806 3808
f 3807 3810 3809
f 3807 3808 3810
f 3809 3812 3811
f 3809 3810 3812
f 3811 3814 3813
f 3811 3812 3814
f 3813 3816 3815
f 3813 3814 3816
f 3815 3818 3817
f 3815 3816 3818
f 3817 3820 3819
f 3817 3818 3820
f 3819 3822 3821
f 3819 3820 3822
f 3821 3824 3823
f 3821 3822 3824
f 3823 3826 3825
f 3823 3824 3826
f 3825 3828 3827
f 3825 3826 3828
f 3827 3830 3829
f 3827 3828 3830
f 3829 3832 3831
f 3829 3830 3832
f 3831 3834 3833
f 3831 3832 3834
f 3833 3836 3835
f 3833 3834 3836
f 3835 3838 3837
f 3835 3836 3838
f 3837 3840 3839
f 3837 3838 3840
f 3839 3842 3841
f 3839 3840 3842
f 3841 3844 3843
f 3841 3842 3844
f 3843 3846 3845
f 3843 3844 3846
f 3845 3848 3847
f 3845 3846 3848
f 3847 3850 3849
f 3847 3848 3850
f 3849 3852 3851
f 3849 3850 3852
f 3851 3854 3853
f 3851 3852 3854
f 3853 3856 3855
f 3853 3854 3856
f 3855 3858 3857
f 3855 3856 3858
f 3857 3860 3859
f 3857 3858 3860
f 3859 3862 3861
f 3859 3860 3862
f 3861 3864 3863
f 3861 3862 3864
f 3863 3866 3865
f 3863 3864 3866
f 3865 3868 3867
f 3865 3866 3868
f 3867 3870 3869
f 3867 3868 3870
f 3869 3872 3871
f 3869 3870 3872
f 3871 3874 3873
f 3871 3872 3874
f 3873 3876 3875
f 3873 3874 3876
f 3875 3878 3877
f 3875 3876 3878
f 3877 3880 3879
f 3877 3878 3880
f 3879 3882 3881
f 3879 3880 3882
f 3881 3884 3883
f 3881 3882 3884
f 3883 3886 3885
f 3883 3884 3886
f 3885 3888 3887
f 3885 3886 3888
f 3887 3890 3889
f 3887 3888 3890
f 3889 3892 3891
f 3889 3890 3892
f 3891 3894 3893
f 3891 3892 3894
f 3893 3896 3895
f 3893 3894 3896
f 3895 3898 3897
f 3895 3896 3898
f 3897 3900 3899
f 3897 3898 3900
f 3901 3902 3903
f 3901 3903 3904
f 3905 3906 3907
f 3905 3907 3908
f 3909 3912 3911
f 3909 3910 3912
f 3911 3914 3913
f 3911 3912 3914
f 3913 3916 3915
f 3913 3914 3916
f 3915 3918 3917
f 3915 3916 3918
f 3917 3920 3919
f 3917 3918 3920
f 3919 3922 3921
f 3919 3920 3922
f 3921 3924 3923
f 3921 3922 3924
f 3923 3926 3925
f 3923 3924 3926
f 3925 3928 3927
f 3925 3926 3928
f 3927 3930 3929
f 3927 3928 3930
f 3929 3932 3931
f 3929 3930 3932
f 3931 3934 3933
f 3931 3932 3934
f 3933 3936 3935
f 3933 3934 3936
f 3935 3938 3937
f 3935 3936 3938
f 3937 3940 3939
f 3937 3938 3940
f 3939 3942 3941
f 3939 3940 3942
f 3941 3944 3943
f 3941 3942 3944
f 3943 3946 3945
f 3943 3944 3946
f 3945 3948 3947
f 3945 3946 3948
f 3947 3950 3949
f 3947 3948 3950
f 3949 3952 3951
f 3949 3950 3952
f 3951 3954 3953
f 3951 3952 3954
f 3953 3956 3955
f 3953 3954 3956
f 3955 3958 3957
f 3955 3956 3958
f 3957 3960 3959
f 3957 3958 3960
f 3959 3962 3961
f 3959 3960 3962
f 3961 3964 3963
f 3961 3962 3964
f 3963 3966 3965
f 3963 3964 3966
f 3965 3968 3967
f 3965 3966 3968
f 3967 3970 3969
f 3967 3968 3970
f 3969 3972 3971
f 3969 3970 3972
f 3971 3974 3973
f 3971 3972 3974
f 3973 3976 3975
f 3973 3974 3976
f 3975 3978 3977
f 3975 3976 3978
f 3977 3980 3979
f 3977 3978 3980
f 3979 3982 3981
f 3979 3980 3982
f 3981 3984 3983
f 3981 3982 3984
f 3983 3986 3985
f 3983 3984 3986
f 3985 3988 3987
f 3985 3986 3988
f 3987 3990 3989
f 3987 3988 3990
f 3989 3992 3991
f 3989 3990 3992
f 3991 3994 3993
f 3991 3992 3994
f 3993 3996 3995
f 3993 3994 3996
f 3995 3998 3997
f 3995 3996 3998
f 3997 4000 3999
f 3997 3998 4000
f 3999 4002 4001
f 3999 4000 4002
f 4001 4004 4003
f 4001 4002 4004
f 4003 4006 4005
f 4003 4004 4006
f 4005 4008 4007
f 4005 4006 4008
f 4007 4010 4009
f 4007 4008 4010
f 4009 4012 4011
f 4009 4010 4012
f 4011 4014 4013
f 4011 4012 4014
f 4013 4016 4015
f 4013 4014 4016
f 4015 4018 4017
f 4015 4016 4018
f 4017 4020 4019
f 4017 4018 4020
f 4019 4022 4021
f 4019 4020 4022
f 4021 4024 4023
f 4021 4022 4024
f 4023 4026 4025
f 4023 4024 4026
f 4025 4028 4027
f 4025 4026 4028
f 4027 4030 4029
f 4027 4028 4030
f 4029 4032 4031
f 4029 4030 4032
f 4031 4034 4033
f 4031 4032 4034
f 4033 4036 4035
f 4033 4034 4036
f 4035 4038 4037
f 4035 4036 4038
f 4037 4040 4039
f 4037 4038 4040
f 4039 4042 4041
f 4039 4040 4042
f 4041 4044 4043
f 4041 4042 4044
f 4043 4046 4045
f 4043 4044 4046
f 4045 4048 4047
f 4045 4046 4048
f 4047 4050 4049
f 4047 4048 4050
f 4049 4052 4051
f 4049 4050 4052
f 4051 4054 4053
f 4051 4052 4054
f 4053 4056 4055
f 4053 4054 4056
f 4055 4058 4057
f 4055 4056 4058
f 4057 4060 4059
f 4057 4058 4060
f 4059 4062 4061
f 4059 4060 4062
f 4061 4064 4063
f 4061 4062 4064
f 4063 4066 4065
f 4063 4064 4066
f 4065 4068 4067
f 4065 4066 4068
f 4067 4070 4069
f 4067 4068 4070
f 4069 4072 4071
f 4069 4070 4072
f 4071 4074 4073
f 4071 4072 4074
f 4073 4076 4075
f 4073 4074 4076
f 4075 4078 4077
f 4075 4076 4078
f 4077 4080 4079
f 4077 4078 4080
f 4079 4082 4081
f 4079 4080 4082
f 4081 4084 4083
f 4081 4082 4084
f 4083 4086 4085
f 4083 4084 4086
f 4085 4088 4087
f 4085 4086 4088
f 4087 4090 4089
f 4087 4088 4090
f 4089 4092 4091
f 4089 4090 4092
f 4091 4094 4093
f 4091 4092 4094
f 4093 4096 4095
f 4093 4094 4096
f 4095 4098 4097
f 4095 4096 4098
f 4097 4100 4099
f 4097 4098 4100
f 4099 4102 4101
f 4099 4100 4102
f 4101 4104 4103
f 4101 4102 4104
f 4103 4106 4105
f 4103 4104 4106
f 4105 4108 4107
f 4105 4106 4108
f 4107 4110 4109
f 4107 4108 4110
f 4109 4112 4111
f 4109 4110 4112
f 4111 4114 4113
f 4111 4112 4114
f 4113 4116 4115
f 4113 4114 4116
f 4115 4118 4117
f 4115 4116 4118
f 4117 4120 4119
f 4117 4118 4120
f 4119 4122 4121
f 4119 4120 4122
f 4121 4124 4123
f 4121 4122 4124
f 4123 4126 4125
f 4123 4124 4126
f 4125 4128 4127
f 4125 4126 4128
f 4127 4130 4129
f 4127 4128 4130
f 4129 4132 4131
f 4129 4130 4132
f 4131 4134 4133
f 4131 4132 4134
f 4133 4136 4135
f 4133 4134 4136
f 4135 4138 4137
f 4135 4136 4138
f 4137 4140 4139
f 4137 4138 4140
f 4139 4142 4141
f 4139 4140 4142
f 4141 4144 4143
f 4141 4142 4144
f 4143 4146 4145
f 4143 4144 4146
f 4145 4148 4147
f 4145 4146 4148
f 4147 4150 4149
f 4147 4148 4150
f 4149 4152 4151
f 4149 4150 4152
f 4151 4154 4153
f 4151 4152 4154
f 4153 4156 4155
f 4153 4154 4156
f 4155 4158 4157
f 4155 4156 4158
f 4157 4160 4159
f 4157 4158 4160
f 4159 4162 4161
f 4159 4160 4162
f 4161 4164 4163
f 4161 4162 4164
f 4163 4166 4165
f 4163 4164 4166
f 4165 4168 4167
f 4165 4166 4168
f 4167 4170 4169
f 4167 4168 4170
f 4169 4172 4171
f 4169 4170 4172
f 4171 4174 4173
f 4171 4172 4174
f 4173 4176 4175
f 4173 4174 4176
f 4175 4178 4177
f 4175 4176 4178
f 4177 4180 4179
f 4177 4178 4180
f 4179 4182 4181
f 4179 4180 4182
f 4181 4184 4183
f 4181 4182 4184
f 4183 4186 4185
f 4183 4184 4186
f 4185 4188 4187
f 4185 4186 4188
f 4187 4190 4189
f 4187 4188 4190
f 4189 4192 4191
f 4189 4190 4192
f 4191 4194 4193
f 4191 4192 4194
f 4193 4196 4195
f 4193 4194 4196
f 4195 4198 4197
f 4195 4196 4198
f 4197 4200 4199
f 4197 4198 4200
f 4199 4202 4201
f 4199 4200 4202
f 4201 4204 4203
f 4201 4202 4204
f 4203 4206 4205
f 4203 4204 4206
f 4205 4208 4207
f 4205 4206 4208
f 4207 4210 4209
f 4207 4208 4210
f 4209 4212 4211
f 4209 4210 4212
f 4211 4214 4213
f 4211 4212 4214
f 4213 4216 4215
f 4213 4214 4216
f 4215 4218 4217
f 4215 4216 4218
f 4217 4220 4219
f 4217 4218 4220
f 4219 4222 4221
f 4219 4220 4222
f 4221 4224 4223
f 4221 4222 4224
f 4223 4226 4225
f 4223 4224 4226
f 4225 4228 4227
f 4225 4226 4228
f 4227 4230 4229
f 4227 4228 4230
f 4229 4232 4231
f 4229 4230 4232
f 4231 4234 4233
f 4231 4232 4234
f 4233 4236 4235
f 4233 4234 4236
f 4235 4238 4237
f 4235 4236 4238
f 4237 4240 4239
f 4237 4238 4240
f 4239 4242 4241
f 4239 4240 4242
f 4241 4244 4243
f 4241 4242 4244
f 4243 4246 4245
f 4243 4244 4246
f 4245 4248 4247
f 4245 4246 4248
f 4247 4250 4249
f 4247 4248 4250
f 4249 4252 4251
f 4249 4250 4252
f 4251 4254 4253
f 4251 4252 4254
f 4253 4256 4255
f 4253 4254 4256
f 4255 4258 4257
f 4255 4256 4258
f 4257 4260 4259
f 4257 4258 4260
f 4259 4262 4261
f 4259 4260 4262
f 4261 4264 4263
f 4261 4262 4264
f 4263 4266 4265
f 4263 4264 4266
f 4265 4268 4267
f 4265 4266 4268
f 4267 4270 4269
f 4267 4268 4270
f 4269 4272 4271
f 4269 4270 4272
f 4271 4274 4273
f 4271 4272 4274
f 4273 4276 4275
f 4273 4274 4276
f 4275 4278 4277
f 4275 4276 4278
f 4277 4280 4279
f 4277 4278 4280
f 4279 4282 4281
f 4279 4280 4282
f 4281 4284 4283
f 4281 4282 4284
f 4283 4286 4285
f 4283 4284 4286
f 4285 4288 4287
f 4285 4286 4288
f 4287 4290 4289
f 4287 4288 4290
f 4289 4292 4291
f 4289 4290 4292
f 4291 4294 4293
f 4291 4292 4294
f 4295 4298 4297
f 4295 4296 4298
f 4297 4300 4299
f 4297 4298 4300
f 4299 4302 4301
f 4299 4300 4302
f 4301 4304 4303
f 4301 4302 4304
f 4303 4306 4305
f 4303 4304 4306
f 4305 4308 4307
f 4305 4306 4308
f 4307 4310 4309
f 4307 4308 4310
f 4309 4312 4311
f 4309 4310 4312
f 4311 4314 4313
f 4311 4312 4314
f 4313 4316 4315
f 4313 4314 4316
f 4315 4318 4317
f 4315 4316 4318
f 4317 4320 4319
f 4317 4318 4320
f 4319 4322 4321
f 4319 4320 4322
f 4321 4324 4323
f 4321 4322 4324
f 4323 4326 4325
f 4323 4324 4326
f 4325 4328 4327
f 4325 4326 4328
f 4327 4330 4329
f 4327 4328 4330
f 4329 4332 4331
f 4329 4330 4332
f 4331 4334 4333
f 4331 4332 4334
f 4333 4336 4335
f 4333 4334 4336
f 4335 4338 4337
f 4335 4336 4338
f 4337 4340 4339
f 4337 4338 4340
f 4339 4342 4341
f 4339 4340 4342
f 4341 4344 4343
f 4341 4342 4344
f 4343 4346 4345
f 4343 4344 4346
f 4345 4348 4347
f 4345 4346 4348
f 4347 4350 4349
f 4347 4348 4350
f 4349 4352 4351
f 4349 4350 4352
f 4351 4354 4353
f 4351 4352 4354
f 4353 4356 4355
f 4353 4354 4356
f 4355 4358 4357
f 4355 4356 4358
f 4357 4360 4359
f 4357 4358 4360
f 4359 4362 4361
f 4359 4360 4362
f 4361 4364 4363
f 4361 4362 4364
f 4363 4366 4365
f 4363 4364 4366
f 4365 4368 4367
f 4365 4366 4368
f 4367 4370 4369
f 4367 4368 4370
f 4369 4372 4371
f 4369 4370 4372
f 4371 4374 4373
f 4371 4372 4374
f 4373 4376 4375
f 4373 4374 4376
f 4375 4378 4377
f 4375 4376 4378
f 4377 4380 4379
f 4377 4378 4380
f 4379 4382 4381
f 4379 4380 4382
f 4381 4384 4383
f 4381 4382 4384
f 4383 4386 4385
f 4383 4384 4386
f 4385 4388 4387
f 4385 4386 4388
f 4387 4390 4389
f 4387 4388 4390
f 4389 4392 4391
f 4389 4390 4392
f 4391 4394 4393
f 4391 4392 4394
f 4393 4396 4395
f 4393 4394 4396
f 4395 4398 4397
f 4395 4396 4398
f 4397 4400 4399
f 4397 4398 4400
f 4399 4402 4401
f 4399 4400 4402
f 4401 4404 4403
f 4401 4402 4404
f 4403 4406 4405
f 4403 4404 4406
f 4405 4408 4407
f 4405 4406 4408
f 4407 4410 4409
f 4407 4408 4410
f 4409 4412 4411
f 4409 4410 4412
f 4411 4414 4413
f 4411 4412 4414
f 4413 4416 4415
f 4413 4414 4416
f 4415 4418 4417
f 4415 4416 4418
f 4417 4420 4419
f 4417 4418 4420
f 4419 4422 4421
f 4419 4420 4422
f 4421 4424 4423
f 4421 4422 4424
f 4423 4426 4425
f 4423 4424 4426
f 4425 4428 4427
f 4425 4426 4428
f 4427 4430 4429
f 4427 4428 4430
f 4429 4432 4431
f 4429 4430 4432
f 4431 4434 4433
f 4431 4432 4434
f 4433 4436 4435
f 4433 4434 4436
f 4435 4438 4437
f 4435 4436 4438
f 4437 4440 4439
f 4437 4438 4440
f 4439 4442 4441
f 4439 4440 4442
f 4441 4444 4443
f 4441 4442 4444
f 4443 4446 4445
f 4443 4444 4446
f 4445 4448 4447
f 4445 4446 4448
f 4447 4450 4449
f 4447 4448 4450
f 4449 4452 4451
f 4449 4450 4452
f 4451 4454 4453
f 4451 4452 4454
f 4453 4456 4455
f 4453 4454 4456
f 4455 4458 4457
f 4455 4456 4458
f 4457 4460 4459
f 4457 4458 4460
f 4459 4462 4461
f 4459 4460 4462
f 4461 4464 4463
f 4461 4462 4464
f 4463 4466 4465
f 4463 4464 4466
f 4465 4468 4467
f 4465 4466 4468
f 4467 4470 4469
f 4467 4468 4470
f 4469 4472 4471
f 4469 4470 4472
f 4471 4474 4473
f 4471 4472 4474
f 4473 4476 4475
f 4473 4474 4476
f 4475 4478 4477
f 4475 4476 4478
f 4477 4480 4479
f 4477 4478 4480
f 4479 4482 4481
f 4479 4480 4482
f 4481 4484 4483
f 4481 4482 4484
f 4483 4486 4485
f 4483 4484 4486
f 4485 4488 4487
f 4485 4486 4488
f 4487 4490 4489
f 4487 4488 4490
f 4489 4492 4491
f 4489 4490 4492
f 4491 4494 4493
f 4491 4492 4494
f 4493 4496 4495
f 4493 4494 4496
f 4495 4498 4497
f 4495 4496 4498
f 4497 4500 4499
f 4497 4498 4500
f 4499 4502 4501
f 4499 4500 4502
f 4501 4504 4503
f 4501 4502 4504
f 4503 4506 4505
f 4503 4504 4506
f 4505 4508 4507
f 4505 4506 4508
f 4507 4510 4509
f 4507 4508 4510
f 4509 4512 4511
f 4509 4510 4512
f 4511 4514 4513
f 4511 4512 4514
f 4513 4516 4515
f 4513 4514 4516
f 4515 4518 4517
f 4515 4516 4518
f 4517 4520 4519
f 4517 4518 4520
f 4519 4522 4521
f 4519 4520 4522
f 4521 4524 4523
f 4521 4522 4524
f 4523 4526 4525
f 4523 4524 4526
f 4525 4528 4527
f 4525 4526 4528
f 4527 4530 4529
f 4527 4528 4530
f 4529 4532 4531
f 4529 4530 4532
f 4531 4534 4533
f 4531 4532 4534
f 4533 4536 4535
f 4533 4534 4536
f 4535 4538 4537
f 4535 4536 4538
f 4537 4540 4539
f 4537 4538 4540
f 4539 4542 4541
f 4539 4540 4542
f 4541 4544 4543
f 4541 4542 4544
f 4543 4546 4545
f 4543 4544 4546
f 4545 4548 4547
f 4545 4546 4548
f 4547 4550 4549
f 4547 4548 4550
f 4549 4552 4551
f 4549 4550 4552
f 4551 4554 4553
f 4551 4552 4554
f 4553 4556 4555
f 4553 4554 4556
f 4555 4558 4557
f 4555 4556 4558
f 4557 4560 4559
f 4557 4558 4560
f 4559 4562 4561
f 4559 4560 4562
f 4561 4564 4563
f 4561 4562 4564
f 4563 4566 4565
f 4563 4564 4566
f 4565 4568 4567
f 4565 4566 4568
f 4567 4570 4569
f 4567 4568 4570
f 4569 4572 4571
f 4569 4570 4572
f 4571 4574 4573
f 4571 4572 4574
f 4573 4576 4575
f 4573 4574 4576
f 4575 4578 4577
f 4575 4576 4578
f 4577 4580 4579
f 4577 4578 4580
f 4579 4582 4581
f 4579 4580 4582
f 4581 4584 4583
f 4581 4582 4584
f 4583 4586 4585
f 4583 4584 4586
f 4585 4588 4587
f 4585 4586 4588
f 4587 4590 4589
f 4587 4588 4590
f 4589 4592 4591
f 4589 4590 4592
f 4591 4594 4593
f 4591 4592 4594
f 4593 4596 4595
f 4593 4594 4596
f 4595 4598 4597
f 4595 4596 4598
f 4597 4600 4599
f 4597 4598 4600
f 4599 4602 4601
f 4599 4600 4602
f 4601 4604 4603
f 4601 4602 4604
f 4603 4606 4605
f 4603 4604 4606
f 4605 4608 4607
f 4605 4606 4608
f 4607 4610 4609
f 4607 4608 4610
f 4609 4612 4611
f 4609 4610 4612
f 4611 4614 4613
f 4611 4612 4614
f 4613 4616 4615
f 4613 4614 4616
f 4615 4618 4617
f 4615 4616 4618
f 4617 4620 4619
f 4617 4618 4620
f 4619 4622 4621
f 4619 4620 4622
f 4621 4624 4623
f 4621 4622 4624
f 4623 4626 4625
f 4623 4624 4626
f 4625 4628 4627
f 4625 4626 4628
f 4627 4630 4629
f 4627 4628 4630
f 4629 4632 4631
f 4629 4630 4632
f 4631 4634 4633
f 4631 4632 4634
f 4633 4636 4635
f 4633 4634 4636
f 4635 4638 4637
f 4635 4636 4638
f 4637 4640 4639
f 4637 4638 4640
f 4639 4642 4641
f 4639 4640 4642
f 4641 4644 4643
f 4641 4642 4644
f 4643 4646 4645
f 4643 4644 4646
f 4645 4648 4647
f 4645 4646 4648
f 4647 4650 4649
f 4647 4648 4650
f 4649 4652 4651
f 4649 4650 4652
f 4651 4654 4653
f 4651 4652 4654
f 4653 4656 4655
f 4653 4654 4656
f 4655 4658 4657
f 4655 4656 4658
f 4657 4660 4659
f 4657 4658 4660
f 4659 4662 4661
f 4659 4660 4662
f 4661 4664 4663
f 4661 4662 4664
f 4663 4666 4665
f 4663 4664 4666
f 4665 4668 4667
f 4665 4666 4668
f 4667 4670 4669
f 4667 4668 4670
f 4669 4672 4671
f 4669 4670 4672
f 4671 4674 4673
f 4671 4672 4674
f 4673 4676 4675
f 4673 4674 4676
f 4675 4678 4677
f 4675 4676 4678
f 4677 4680 4679
f 4677 4678 4680
f 4681 4682 4683
f 4681 4683 4684
f 4685 4686 4687
f 4685 4687 4688
f 4689 4692 4691
f 4689 4690 4692
f 4691 4694 4693
f 4691 4692 4694
f 4693 4696 4695
f 4693 4694 4696
f 4695 4698 4697
f 4695 4696 4698
f 4697 4700 4699
f 4697 4698 4700
f 4699 4702 4701
f 4699 4700 4702
f 4701 4704 4703
f 4701 4702 4704
f 4703 4706 4705
f 4703 4704 4706
f 4705 4708 4707
f 4705 4706 4708
f 4707 4710 4709
f 4707 4708 4710
f 4709 4712 4711
f 4709 4710 4712
f 4711 4714 4713
f 4711 4712 4714
f 4713 4716 4715
f 4713 4714 4716
f 4715 4718 4717
f 4715 4716 4718
f 4717 4720 4719
f 4717 4718 4720
f 4719 4722 4721
f 4719 4720 4722
f 4721 4724 4723
f 4721 4722 4724
f 4723 4726 4725
f 4723 4724 4726
f 4725 4728 4727
f 4725 4726 4728
f 4727 4730 4729
f 4727 4728 4730
f 4729 4732 4731
f 4729 4730 4732
f 4731 4734 4733
f 4731 4732 4734
f 4733 4736 4735
f 4733 4734 4736
f 4735 4738 4737
f 4735 4736 4738
f 4737 4740 4739
f 4737 4738 4740
f 4739 4742 4741
f 4739 4740 4742
f 4741 4744 4743
f 4741 4742 4744
f 4743 4746 4745
f 4743 4744 4746
f 4745 4748 4747
f 4745 4746 4748
f 4747 4750 4749
f 4747 4748 4750
f 4749 4752 4751
f 4749 4750 4752
f 4751 4754 4753
f 4751 4752 4754
f 4753 4756 4755
f 4753 4754 4756
f 4755 4758 4757
f 4755 4756 4758
f 4757 4760 4759
f 4757 4758 4760
f 4759 4762 4761
f 4759 4760 4762
f 4761 4764 4763
f 4761 4762 4764
f 4763 4766 4765
f 4763 4764 4766
f 4765 4768 4767
f 4765 4766 4768
f 4767 4770 4769
f 4767 4768 4770
f 4769 4772 4771
f 4769 4770 4772
f 4771 4774 4773
f 4771 4772 4774
f 4773 4776 4775
f 4773 4774 4776
f 4775 4778 4777
f 4775 4776 4778
f 4777 4780 4779
f 4777 4778 4780
f 4779 4782 4781
f 4779 4780 4782
f 4781 4784 4783
f 4781 4782 4784
f 4783 4786 4785
f 4783 4784 4786
f 4785 4788 4787
f 4785 4786 4788
f 4787 4790 4789
f 4787 4788 4790
f 4789 4792 4791
f 4789 4790 4792
f 4791 4794 4793
f 4791 4792 4794
f 4793 4796 4795
f 4793 4794 4796
f 4795 4798 4797
f 4795 4796 4798
f 4797 4800 4799
f 4797 4798 4800
f 4799 4802 4801
f 4799 4800 4802
f 4801 4804 4803
f 4801 4802 4804
f 4803 4806 4805
f 4803 4804 4806
f 4805 4808 4807
f 4805 4806 4808
f 4807 4810 4809
f 4807 4808 4810
f 4809 4812 4811
f 4809 4810 4812
f 4811 4814 4813
f 4811 4812 4814
f 4813 4816 4815
f 4813 4814 4816
f 4815 4818 4817
f 4815 4816 4818
f 4817 4820 4819
f 4817 4818 4820
f 4819 4822 4821
f 4819 4820 4822
f 4821 4824 4823
f 4821 4822 4824
f 4823 4826 4825
f 4823 4824 4826
f 4825 4828 4827
f 4825 4826 4828
f 4827 4830 4829
f 4827 4828 4830
f 4829 4832 4831
f 4829 4830 4832
f 4831 4834 4833
f 4831 4832 4834
f 4833 4836 4835
f 4833 4834 4836
f 4835 4838 4837
f 4835 4836 4838
f 4837 4840 4839
f 4837 4838 4840
f 4839 4842 4841
f 4839 4840 4842
f 4841 4844 4843
f 4841 4842 4844
f 4843 4846 4845
f 4843 4844 4846
f 4845 4848 4847
f 4845 4846 4848
f 4847 4850 4849
f 4847 4848 4850
f 4849 4852 4851
f 4849 4850 4852
f 4851 4854 4853
f 4851 4852 4854
f 4853 4856 4855
f 4853 4854 4856
f 4855 4858 4857
f 4855 4856 4858
f 4857 4860 4859
f 4857 4858 4860
f 4859 4862 4861
f 4859 4860 4862
f 4861 4864 4863
f 4861 4862 4864
f 4863 4866 4865
f 4863 4864 4866
f 4865 4868 4867
f 4865 4866 4868
f 4867 4870 4869
f 4867 4868 4870
f 4869 4872 4871
f 4869 4870 4872
f 4871 4874 4873
f 4871 4872 4874
f 4873 4876 4875
f 4873 4874 4876
f 4875 4878 4877
f 4875 4876 4878
f 4877 4880 4879
f 4877 4878 4880
f 4879 4882 4881
f 4879 4880 4882
f 4881 4884 4883
f 4881 4882 4884
f 4883 4886 4885
f 4883 4884 4886
f 4885 4888 4887
f 4885 4886 4888
f 4887 4890 4889
f 4887 4888 4890
f 4889 4892 4891
f 4889 4890 4892
f 4891 4894 4893
f 4891 4892 4894
f 4893 4896 4895
f 4893 4894 4896
f 4895 4898 4897
f 4895 4896 4898
f 4897 4900 4899
f 4897 4898 4900
f 4899 4902 4901
f 4899 4900 4902
f 4901 4904 4903
f 4901 4902 4904
f 4903 4906 4905
f 4903 4904 4906
f 4905 4908 4907
f 4905 4906 4908
f 4907 4910 4909
f 4907 4908 4910
f 4909 4912 4911
f 4909 4910 4912
f 4911 4914 4913
f 4911 4912 4914
f 4913 4916 4915
f 4913 4914 4916
f 4915 4918 4917
f 4915 4916 4918
f 4917 4920 4919
f 4917 4918 4920
f 4919 4922 4921
f 4919 4920 4922
f 4921 4924 4923
f 4921 4922 4924
f 4923 4926 4925
f 4923 4924 4926
f 4925 4928 4927
f 4925 4926 4928
f 4927 4930 4929
f 4927 4928 4930
f 4929 4932 4931
f 4929 4930 4932
f 4931 4934 4933
f 4931 4932 4934
f 4933 4936 4935
f 4933 4934 4936
f 4935 4938 4937
f 4935 4936 4938
f 4937 4940 4939
f 4937 4938 4940
f 4939 4942 4941
f 4939 4940 4942
f 4941 4944 4943
f 4941 4942 4944
f 4943 4946 4945
f 4943 4944 4946
f 4945 4948 4947
f 4945 4946 4948
f 4947 4950 4949
f 4947 4948 4950
f 4949 4952 4951
f 4949 4950 4952
f 4951 4954 4953
f 4951 4952 4954
f 4953 4956 4955
f 4953 4954 4956
f 4955 4958 4957
f 4955 4956 4958
f 4957 4960 4959
f 4957 4958 4960
f 4959 4962 4961
f 4959 4960 4962
f 4961 4964 4963
f 4961 4962 4964
f 4963 4966 4965
f 4963 4964 4966
f 4965 4968 4967
f 4965 4966 4968
f 4967 4970 4969
f 4967 4968 4970
f 4969 4972 4971
f 4969 4970 4972
f 4971 4974 4973
f 4971 4972 4974
f 4973 4976 4975
f 4973 4974 4976
f 4975 4978 4977
f 4975 4976 4978
f 4977 4980 4979
f 4977 4978 4980
f 4979 4982 4981
f 4979 4980 4982
f 4981 4984 4983
f 4981 4982 4984
f 4983 4986 4985
f 4983 4984 4986
f 4985 4988 4987
f 4985 4986 4988
f 4987 4990 4989
f 4987 4988 4990
f 4989 4992 4991
f 4989 4990 4992
f 4991 4994 4993
f 4991 4992 4994
f 4993 4996 4995
f 4993 4994 4996
f 4995 4998 4997
f 4995 4996 4998
f 4997 5000 4999
f 4997 4998 5000
f 4999 5002 5001
f 4999 5000 5002
f 5001 5004 5003
f 5001 5002 5004
f 5003 5006 5005
f 5003 5004 5006
f 5005 5008 5007
f 5005 5006 5008
f 5007 5010 5009
f 5007 5008 5010
f 5009 5012 5011
f 5009 5010 5012
f 5011 5014 5013
f 5011 5012 5014
f 5013 5016 5015
f 5013 5014 5016
f 5015 5018 5017
f 5015 5016 5018
f 5017 5020 5019
f 5017 5018 5020
f 5019 5022 5021
f 5019 5020 5022
f 5021 5024 5023
f 5021 5022 5024
f 5023 5026 5025
f 5023 5024 5026
f 5025 5028 5027
f 5025 5026 5028
f 5027 5030 5029
f 5027 5028 5030
f 5029 5032 5031
f 5029 5030 5032
f 5031 5034 5033
f 5031 5032 5034
f 5033 5036 5035
f 5033 5034 5036
f 5035 5038 5037
f 5035 5036 5038
f 5037 5040 5039
f 5037 5038 5040
f 5039 5042 5041
f 5039 5040 5042
f 5041 5044 5043
f 5041 5042 5044
f 5043 5046 5045
f 5043 5044 5046
f 5045 5048 5047
f 5045 5046 5048
f 5047 5050 5049
f 5047 5048 5050
f 5049 5052 5051
f 5049 5050 5052
f 5051 5054 5053
f 5051 5052 5054
f 5053 5056 5055
f 5053 5054 5056
f 5055 5058 5057
f 5055 5056 5058
f 5057 5060 5059
f 5057 5058 5060
f 5059 5062 5061
f 5059 5060 5062
f 5061 5064 5063
f 5061 5062 5064
f 5063 5066 5065
f 5063 5064 5066
f 5065 5068 5067
f 5065 5066 5068
f 5067 5070 5069
f 5067 5068 5070
f 5069 5072 5071
f 5069 5070 5072
f 5071 5074 5073
f 5071 5072 5074
f 5075 5078 5077
f 5075 5076 5078
f 5077 5080 5079
f 5077 5078 5080
f 5079 5082 5081
f 5079 5080 5082
f 5081 5084 5083
f 5081 5082 5084
f 5083 5086 5085
f 5083 5084 5086
f 5085 5088 5087
f 5085 5086 5088
f 5087 5090 5089
f 5087 5088 5090
f 5089 5092 5091
f 5089 5090 5092
f 5091 5094 5093
f 5091 5092 5094
f 5093 5096 5095
f 5093 5094 5096
f 5095 5098 5097
f 5095 5096 5098
f 5097 5100 5099
f 5097 5098 5100
f 5099 5102 5101
f 5099 5100 5102
f 5101 5104 5103
f 5101 5102 5104
f 5103 5106 5105
f 5103 5104 5106
f 5105 5108 5107
f 5105 5106 5108
f 5107 5110 5109
f 5107 5108 5110
f 5109 5112 5111
f 5109 5110 5112
f 5111 5114 5113
f 5111 5112 5114
f 5113 5116 5115
f 5113 5114 5116
f 5115 5118 5117
f 5115 5116 5118
f 5117 5120 5119
f 5117 5118 5120
f 5119 5122 5121
f 5119 5120 5122
f 5121 5124 5123
f 5121 5122 5124
f 5123 5126 5125
f 5123 5124 5126
f 5125 5128 5127
f 5125 5126 5128
f 5127 5130 5129
f 5127 5128 5130
f 5129 5132 5131
f 5129 5130 5132
f 5131 5134 5133
f 5131 5132 5134
f 5133 5136 5135
f 5133 5134 5136
f 5135 5138 5137
f 5135 5136 5138
f 5137 5140 5139
f 5137 5138 5140
f 5139 5142 5141
f 5139 5140 5142
f 5141 5144 5143
f 5141 5142 5144
f 5143 5146 5145
f 5143 5144 5146
f 5145 5148 5147
f 5145 5146 5148
f 5147 5150 5149
f 5147 5148 5150
f 5149 5152 5151
f 5149 5150 5152
f 5151 5154 5153
f 5151 5152 5154
f 5153 5156 5155
f 5153 5154 5156
f 5155 5158 5157
f 5155 5156 5158
f 5157 5160 5159
f 5157 5158 5160
f 5159 5162 5161
f 5159 5160 5162
f 5161 5164 5163
f 5161 5162 5164
f 5163 5166 5165
f 5163 5164 5166
f 5165 5168 5167
f 5165 5166 5168
f 5167 5170 5169
f 5167 5168 5170
f 5169 5172 5171
f 5169 5170 5172
f 5171 5174 5173
f 5171 5172 5174
f 5173 5176 5175
f 5173 5174 5176
f 5175 5178 5177
f 5175 5176 5178
f 5177 5180 5179
f 5177 5178 5180
f 5179 5182 5181
f 5179 5180 5182
f 5181 5184 5183
f 5181 5182 5184
f 5183 5186 5185
f 5183 5184 5186
f 5185 5188 5187
f 5185 5186 5188
f 5187 5190 5189
f 5187 5188 5190
f 5189 5192 5191
f 5189 5190 5192
f 5191 5194 5193
f 5191 5192 5194
f 5193 5196 5195
f 5193 5194 5196
f 5195 5198 5197
f 5195 5196 5198
f 5197 5200 5199
f 5197 5198 5200
f 5199 5202 5201
f 5199 5200 5202
f 5201 5204 5203
f 5201 5202 5204
f 5203 5206 5205
f 5203 5204 5206
f 5205 5208 5207
f 5205 5206 5208
f 5207 5210 5209
f 5207 5208 5210
f 5209 5212 5211
f 5209 5210 5212
f 5211 5214 5213
f 5211 5212 5214
f 5213 5216 5215
f 5213 5214 5216
f 5215 5218 5217
f 5215 5216 5218
f 5217 5220 5219
f 5217 5218 5220
f 5219 5222 5221
f 5219 5220 5222
f 5221 5224 5223
f 5221 5222 5224
f 5223 5226 5225
f 5223 5224 5226
f 5225 5228 5227
f 5225 5226 5228
f 5227 5230 5229
f 5227 5228 5230
f 5229 5232 5231
f 5229 5230 5232
f 5231 5234 5233
f 5231 5232 5234
f 5233 5236 5235
f 5233 5234 5236
f 5235 5238 5237
f 5235 5236 5238
f 5237 5240 5239
f 5237 5238 5240
f 5239 5242 5241
f 5239 5240 5242
f 5241 5244 5243
f 5241 5242 5244
f 5243 5246 5245
f 5243 5244 5246
f 5245 5248 5247
f 5245 5246 5248
f 5247 5250 5249
f 5247 5248 5250
f 5249 5252 5251
f 5249 5250 5252
f 5251 5254 5253
f 5251 5252 5254
f 5253 5256 5255
f 5253 5254 5256
f 5255 5258 5257
f 5255 5256 5258
f 5257 5260 5259
f 5257 5258 5260
f 5259 5262 5261
f 5259 5260 5262
f 5261 5264 5263
f 5261 5262 5264
f 5263 5266 5265
f 5263 5264 5266
f 5265 5268 5267
f 5265 5266 5268
f 5267 5270 5269
f 5267 5268 5270
f 5269 5272 5271
f 5269 5270 5272
f 5271 5274 5273
f 5271 5272 5274
f 5273 5276 5275
f 5273 5274 5276
f 5275 5278 5277
f 5275 5276 5278
f 5277 5280 5279
f 5277 5278 5280
f 5279 5282 5281
f 5279 5280 5282
f 5281 5284 5283
f 5281 5282 5284
f 5283 5286 5285
f 5283 5284 5286
f 5285 5288 5287
f 5285 5286 5288
f 5287 5290 5289
f 5287 5288 5290
f 5289 5292 5291
f 5289 5290 5292
f 5291 5294 5293
f 5291 5292 5294
f 5293 5296 5295
f 5293 5294 5296
f 5295 5298 5297
f 5295 5296 5298
f 5297 5300 5299
f 5297 5298 5300
f 5299 5302 5301
f 5299 5300 5302
f 5301 5304 5303
f 5301 5302 5304
f 5303 5306 5305
f 5303 5304 5306
f 5305 5308 5307
f 5305 5306 5308
f 5307 5310 5309
f 5307 5308 5310
f 5309 5312 5311
f 5309 5310 5312
f 5311 5314 5313
f 5311 5312 5314
f 5313 5316 5315
f 5313 5314 5316
f 5315 5318 5317
f 5315 5316 5318
f 5317 5320 5319
f 5317 5318 5320
f 5319 5322 5321
f 5319 5320 5322
f 5321 5324 5323
f 5321 5322 5324
f 5323 5326 5325
f 5323 5324 5326
f 5325 5328 5327
f 5325 5326 5328
f 5327 5330 5329
f 5327 5328 5330
f 5329 5332 5331
f 5329 5330 5332
f 5331 5334 5333
f 5331 5332 5334
f 5333 5336 5335
f 5333 5334 5336
f 5335 5338 5337
f 5335 5336 5338
f 5337 5340 5339
f 5337 5338 5340
f 5339 5342 5341
f 5339 5340 5342
f 5341 5344 5343
f 5341 5342 5344
f 5343 5346 5345
f 5343 5344 5346
f 5345 5348 5347
f 5345 5346 5348
f 5347 5350 5349
f 5347 5348 5350
f 5349 5352 5351
f 5349 5350 5352
f 5351 5354 5353
f 5351 5352 5354
f 5353 5356 5355
f 5353 5354 5356
f 5355 5358 5357
f 5355 5356 5358
f 5357 5360 5359
f 5357 5358 5360
f 5359 5362 5361
f 5359 5360 5362
f 5361 5364 5363
f 5361 5362 5364
f 5363 5366 5365
f 5363 5364 5366
f 5365 5368 5367
f 5365 5366 5368
f 5367 5370 5369
f 5367 5368 5370
f 5369 5372 5371
f 5369 5370 5372
f 5371 5374 5373
f 5371 5372 5374
f 5373 5376 5375
f 5373 5374 5376
f 5375 5378 5377
f 5375 5376 5378
f 5377 5380 5379
f 5377 5378 5380
f 5379 5382 5381
f 5379 5380 5382
f 5381 5384 5383
f 5381 5382 5384
f 5383 5386 5385
f 5383 5384 5386
f 5385 5388 5387
f 5385 5386 5388
f 5387 5390 5389
f 5387 5388 5390
f 5389 5392 5391
f 5389 5390 5392
f 5391 5394 5393
f 5391 5392 5394
f 5393 5396 5395
f 5393 5394 5396
f 5395 5398 5397
f 5395 5396 5398
f 5397 5400 5399
f 5397 5398 5400
f 5399 5402 5401
f 5399 5400 5402
f 5401 5404 5403
f 5401 5402 5404
f 5403 5406 5405
f 5403 5404 5406
f 5405 5408 5407
f 5405 5406 5408
f 5407 5410 5409
f 5407 5408 5410
f 5409 5412 5411
f 5409 5410 5412
f 5411 5414 5413
f 5411 5412 5414
f 5413 5416 5415
f 5413 5414 5416
f 5415 5418 5417
f 5415 5416 5418
f 5417 5420 5419
f 5417 5418 5420
f 5419 5422 5421
f 5419 5420 5422
f 5421 5424 5423
f 5421 5422 5424
f 5423 5426 5425
f 5423 5424 5426
f 5425 5428 5427
f 5425 5426 5428
f 5427 5430 5429
f 5427 5428 5430
f 5429 5432 5431
f 5429 5430 5432
f 5431 5434 5433
f 5431 5432 5434
f 5433 5436 5435
f 5433 5434 5436
f 5435 5438 5437
f 5435 5436 5438
f 5437 5440 5439
f 5437 5438 5440
f 5439 5442 5441
f 5439 5440 5442
f 5441 5444 5443
f 5441 5442 5444
f 5443 5446 5445
f 5443 5444 5446
f 5445 5448 5447
f 5445 5446 5448
f 5447 5450 5449
f 5447 5448 5450
f 5449 5452 5451
f 5449 5450 5452
f 5451 5454 5453
f 5451 5452 5454
f 5453 5456 5455
f 5453 5454 5456
f 5455 5458 5457
f 5455 5456 5458
f 5457 5460 5459
f 5457 5458 5460
f 5461 5462 5463
f 5461 5463 5464
f 5465 5466 5467
f 5465 5467 5468
f 5469 5472 5471
f 5469 5470 5472
f 5471 5474 5473
f 5471 5472 5474
f 5473 5476 5475
f 5473 5474 5476
f 5475 5478 5477
f 5475 5476 5478
f 5477 5480 5479
f 5477 5478 5480
f 5479 5482 5481
f 5479 5480 5482
f 5481 5484 5483
f 5481 5482 5484
f 5483 5486 5485
f 5483 5484 5486
f 5485 5488 5487
f 5485 5486 5488
f 5487 5490 5489
f 5487 5488 5490
f 5489 5492 5491
f 5489 5490 5492
f 5491 5494 5493
f 5491 5492 5494
f 5493 5496 5495
f 5493 5494 5496
f 5495 5498 5497
f 5495 5496 5498
f 5497 5500 5499
f 5497 5498 5500
f 5499 5502 5501
f 5499 5500 5502
f 5501 5504 5503
f 5501 5502 5504
f 5503 5506 5505
f 5503 5504 5506
f 5505 5508 5507
f 5505 5506 5508
f 5507 5510 5509
f 5507 5508 5510
f 5509 5512 5511
f 5509 5510 5512
f 5511 5514 5513
f 5511 5512 5514
f 5513 5516 5515
f 5513 5514 5516
f 5515 5518 5517
f 5515 5516 5518
f 5517 5520 5519
f 5517 5518 5520
f 5519 5522 5521
f 5519 5520 5522
f 5521 5524 5523
f 5521 5522 5524
f 5523 5526 5525
f 5523 5524 5526
f 5525 5528 5527
f 5525 5526 5528
f 5527 5530 5529
f 5527 5528 5530
f 5529 5532 5531
f 5529 5530 5532
f 5531 5534 5533
f 5531 5532 5534
f 5533 5536 5535
f 5533 5534 5536
f 5535 5538 5537
f 5535 5536 5538
f 5537 5540 5539
f 5537 5538 5540
f 5539 5542 5541
f 5539 5540 5542
f 5541 5544 5543
f 5541 5542 5544
f 5543 5546 5545
f 5543 5544 5546
f 5545 5548 5547
f 5545 5546 5548
f 5547 5550 5549
f 5547 5548 5550
f 5549 5552 5551
f 5549 5550 5552
f 5551 5554 5553
f 5551 5552 5554
f 5553 5556 5555
f 5553 5554 5556
f 5555 5558 5557
f 5555 5556 5558
f 5557 5560 5559
f 5557 5558 5560
f 5559 5562 5561
f 5559 5560 5562
f 5561 5564 5563
f 5561 5562 5564
f 5563 5566 5565
f 5563 5564 5566
f 5565 5568 5567
f 5565 5566 5568
f 5567 5570 5569
f 5567 5568 5570
f 5569 5572 5571
f 5569 5570 5572
f 5571 5574 5573
f 5571 5572 5574
f 5573 5576 5575
f 5573 5574 5576
f 5575 5578 5577
f 5575 5576 5578
f 5577 5580 5579
f 5577 5578 5580
f 5579 5582 5581
f 5579 5580 5582
f 5581 5584 5583
f 5581 5582 5584
f 5583 5586 5585
f 5583 5584 5586
f 5585 5588 5587
f 5585 5586 5588
f 5587 5590 5589
f 5587 5588 5590
f 5589 5592 5591
f 5589 5590 5592
f 5591 5594 5593
f 5591 5592 5594
f 5593 5596 5595
f 5593 5594 5596
f 5595 5598 5597
f 5595 5596 5598
f 5597 5600 5599
f 5597 5598 5600
f 5599 5602 5601
f 5599 5600 5602
f 5601 5604 5603
f 5601 5602 5604
f 5603 5606 5605
f 5603 5604 5606
f 5605 5608 5607
f 5605 5606 5608
f 5607 5610 5609
f 5607 5608 5610
f 5609 5612 5611
f 5609 5610 5612
f 5611 5614 5613
f 5611 5612 5614
f 5613 5616 5615
f 5613 5614 5616
f 5615 5618 5617
f 5615 5616 5618
f 5617 5620 5619
f 5617 5618 5620
f 5619 5622 5621
f 5619 5620 5622
f 5621 5624 5623
f 5621 5622 5624
f 5623 5626 5625
f 5623 5624 5626
f 5625 5628 5627
f 5625 5626 5628
f 5627 5630 5629
f 5627 5628 5630
f 5629 5632 5631
f 5629 5630 5632
f 5631 5634 5633
f 5631 5632 5634
f 5633 5636 5635
f 5633 5634 5636
f 5635 5638 5637
f 5635 5636 5638
f 5637 5640 5639
f 5637 5638 5640
f 5639 5642 5641
f 5639 5640 5642
f 5641 5644 5643
f 5641 5642 5644
f 5643 5646 5645
f 5643 5644 5646
f 5645 5648 5647
f 5645 5646 5648
f 5647 5650 5649
f 5647 5648 5650
f 5649 5652 5651
f 5649 5650 5652
f 5651 5654 5653
f 5651 5652 5654
f 5653 5656 5655
f 5653 5654 5656
f 5655 5658 5657
f 5655 5656 5658
f 5657 5660 5659
f 5657 5658 5660
f 5659 5662 5661
f 5659 5660 5662
f 5661 5664 5663
f 5661 5662 5664
f 5663 5666 5665
f 5663 5664 5666
f 5665 5668 5667
f 5665 5666 5668
f 5667 5670 5669
f 5667 5668 5670
f 5669 5672 5671
f 5669 5670 5672
f 5671 5674 5673
f 5671 5672 5674
f 5673 5676 5675
f 5673 5674 5676
f 5675 5678 5677
f 5675 5676 5678
f 5677 5680 5679
f 5677 5678 5680
f 5679 5682 5681
f 5679 5680 5682
f 5681 5684 5683
f 5681 5682 5684
f 5683 5686 5685
f 5683 5684 5686
f 5685 5688 5687
f 5685 5686 5688
f 5687 5690 5689
f 5687 5688 5690
f 5689 5692 5691
f 5689 5690 5692
f 5691 5694 5693
f 5691 5692 5694
f 5693 5696 5695
f 5693 5694 5696
f 5695 5698 5697
f 5695 5696 5698
f 5697 5700 5699
f 5697 5698 5700
f 5699 5702 5701
f 5699 5700 5702
f 5701 5704 5703
f 5701 5702 5704
f 5703 5706 5705
f 5703 5704 5706
f 5705 5708 5707
f 5705 5706 5708
f 5707 5710 5709
f 5707 5708 5710
f 5709 5712 5711
f 5709 5710 5712
f 5711 5714 5713
f 5711 5712 5714
f 5713 5716 5715
f 5713 5714 5716
f 5715 5718 5717
f 5715 5716 5718
f 5717 5720 5719
f 5717 5718 5720
f 5719 5722 5721
f 5719 5720 5722
f 5721 5724 5723
f 5721 5722 5724
f 5723 5726 5725
f 5723 5724 5726
f 5725 5728 5727
f 5725 5726 5728
f 5727 5730 5729
f 5727 5728 5730
f 5729 5732 5731
f 5729 5730 5732
f 5731 5734 5733
f 5731 5732 5734
f 5733 5736 5735
f 5733 5734 5736
f 5735 5738 5737
f 5735 5736 5738
f 5737 5740 5739
f 5737 5738 5740
f 5739 5742 5741
f 5739 5740 5742
f 5741 5744 5743
f 5741 5742 5744
f 5743 5746 5745
f 5743 5744 5746
f 5745 5748 5747
f 5745 5746 5748
f 5747 5750 5749
f 5747 5748 5750
f 5749 5752 5751
f 5749 5750 5752
f 5751 5754 5753
f 5751 5752 5754
f 5753 5756 5755
f 5753 5754 5756
f 5755 5758 5757
f 5755 5756 5758
f 5757 5760 5759
f 5757 5758 5760
f 5759 5762 5761
f 5759 5760 5762
f 5761 5764 5763
f 5761 5762 5764
f 5763 5766 5765
f 5763 5764 5766
f 5765 5768 5767
f 5765 5766 5768
f 5767 5770 5769
f 5767 5768 5770
f 5769 5772 5771
f 5769 5770 5772
f 5771 5774 5773
f 5771 5772 5774
f 5773 5776 5775
f 5773 5774 5776
f 5775 5778 5777
f 5775 5776 5778
f 5777 5780 5779
f 5777 5778 5780
f 5779 5782 5781
f 5779 5780 5782
f 5781 5784 5783
f 5781 5782 5784
f 5783 5786 5785
f 5783 5784 5786
f 5785 5788 5787
f 5785 5786 5788
f 5787 5790 5789
f 5787 5788 5790
f 5789 5792 5791
f 5789 5790 5792
f 5791 5794 5793
f 5791 5792 5794
f 5793 5796 5795
f 5793 5794 5796
f 5795 5798 5797
f 5795 5796 5798
f 5797 5800 5799
f 5797 5798 5800
f 5799 5802 5801
f 5799 5800 5802
f 5801 5804 5803
f 5801 5802 5804
f 5803 5806 5805
f 5803 5804 5806
f 5805 5808 5807
f 5805 5806 5808
f 5807 5810 5809
f 5807 5808 5810
f 5809 5812 5811
f 5809 5810 5812
f 5811 5814 5813
f 5811 5812 5814
f 5813 5816 5815
f 5813 5814 5816
f 5815 5818 5817
f 5815 5816 5818
f 5817 5820 5819
f 5817 5818 5820
f 5819 5822 5821
f 5819 5820 5822
f 5821 5824 5823
f 5821 5822 5824
f 5823 5826 5825
f 5823 5824 5826
f 5825 5828 5827
f 5825 5826 5828
f 5827 5830 5829
f 5827 5828 5830
f 5829 5832 5831
f 5829 5830 5832
f 5831 5834 5833
f 5831 5832 5834
f 5833 5836 5835
f 5833 5834 5836
f 5835 5838 5837
f 5835 5836 5838
f 5837 5840 5839
f 5837 5838 5840
f 5839 5842 5841
f 5839 5840 5842
f 5841 5844 5843
f 5841 5842 5844
f 5843 5846 5845
f 5843 5844 5846
f 5845 5848 5847
f 5845 5846 5848
f 5847 5850 5849
f 5847 5848 5850
f 5849 5852 5851
f 5849 5850 5852
f 5851 5854 5853
f 5851 5852 5854
f 5855 5858 5857
f 5855 5856 5858
f 5857 5860 5859
f 5857 5858 5860
f 5859 5862 5861
f 5859 5860 5862
f 5861 5864 5863
f 5861 5862 5864
f 5863 5866 5865
f 5863 5864 5866
f 5865 5868 5867
f 5865 5866 5868
f 5867 5870 5869
f 5867 5868 5870
f 5869 5872 5871
f 5869 5870 5872
f 5871 5874 5873
f 5871 5872 5874
f 5873 5876 5875
f 5873 5874 5876
f 5875 5878 5877
f 5875 5876 5878
f 5877 5880 5879
f 5877 5878 5880
f 5879 5882 5881
f 5879 5880 5882
f 5881 5884 5883
f 5881 5882 5884
f 5883 5886 5885
f 5883 5884 5886
f 5885 5888 5887
f 5885 5886 5888
f 5887 5890 5889
f 5887 5888 5890
f 5889 5892 5891
f 5889 5890 5892
f 5891 5894 5893
f 5891 5892 5894
f 5893 5896 5895
f 5893 5894 5896
f 5895 5898 5897
f 5895 5896 5898
f 5897 5900 5899
f 5897 5898 5900
f 5899 5902 5901
f 5899 5900 5902
f 5901 5904 5903
f 5901 5902 5904
f 5903 5906 5905
f 5903 5904 5906
f 5905 5908 5907
f 5905 5906 5908
f 5907 5910 5909
f 5907 5908 5910
f 5909 5912 5911
f 5909 5910 5912
f 5911 5914 5913
f 5911 5912 5914
f 5913 5916 5915
f 5913 5914 5916
f 5915 5918 5917
f 5915 5916 5918
f 5917 5920 5919
f 5917 5918 5920
f 5919 5922 5921
f 5919 5920 5922
f 5921 5924 5923
f 5921 5922 5924
f 5923 5926 5925
f 5923 5924 5926
f 5925 5928 5927
f 5925 5926 5928
f 5927 5930 5929
f 5927 5928 5930
f 5929 5932 5931
f 5929 5930 5932
f 5931 5934 5933
f 5931 5932 5934
f 5933 5936 5935
f 5933 5934 5936
f 5935 5938 5937
f 5935 5936 5938
f 5937 5940 5939
f 5937 5938 5940
f 5939 5942 5941
f 5939 5940 5942
f 5941 5944 5943
f 5941 5942 5944
f 5943 5946 5945
f 5943 5944 5946
f 5945 5948 5947
f 5945 5946 5948
f 5947 5950 5949
f 5947 5948 5950
f 5949 5952 5951
f 5949 5950 5952
f 5951 5954 5953
f 5951 5952 5954
f 5953 5956 5955
f 5953 5954 5956
f 5955 5958 5957
f 5955 5956 5958
f 5957 5960 5959
f 5957 5958 5960
f 5959 5962 5961
f 5959 5960 5962
f 5961 5964 5963
f 5961 5962 5964
f 5963 5966 5965
f 5963 5964 5966
f 5965 5968 5967
f 5965 5966 5968
f 5967 5970 5969
f 5967 5968 5970
f 5969 5972 5971
f 5969 5970 5972
f 5971 5974 5973
f 5971 5972 5974
f 5973 5976 5975
f 5973 5974 5976
f 5975 5978 5977
f 5975 5976 5978
f 5977 5980 5979
f 5977 5978 5980
f 5979 5982 5981
f 5979 5980 5982
f 5981 5984 5983
f 5981 5982 5984
f 5983 5986 5985
f 5983 5984 5986
f 5985 5988 5987
f 5985 5986 5988
f 5987 5990 5989
f 5987 5988 5990
f 5989 5992 5991
f 5989 5990 5992
f 5991 5994 5993
f 5991 5992 5994
f 5993 5996 5995
f 5993 5994 5996
f 5995 5998 5997
f 5995 5996 5998
f 5997 6000 5999
f 5997 5998 6000
f 5999 6002 6001
f 5999 6000 6002
f 6001 6004 6003
f 6001 6002 6004
f 6003 6006 6005
f 6003 6004 6006
f 6005 6008 6007
f 6005 6006 6008
f 6007 6010 6009
f 6007 6008 6010
f 6009 6012 6011
f 6009 6010 6012
f 6011 6014 6013
f 6011 6012 6014
f 6013 6016 6015
f 6013 6014 6016
f 6015 6018 6017
f 6015 6016 6018
f 6017 6020 6019
f 6017 6018 6020
f 6019 6022 6021
f 6019 6020 6022
f 6021 6024 6023
f 6021 6022 6024
f 6023 6026 6025
f 6023 6024 6026
f 6025 6028 6027
f 6025 6026 6028
f 6027 6030 6029
f 6027 6028 6030
f 6029 6032 6031
f 6029 6030 6032
f 6031 6034 6033
f 6031 6032 6034
f 6033 6036 6035
f 6033 6034 6036
f 6035 6038 6037
f 6035 6036 6038
f 6037 6040 6039
f 6037 6038 6040
f 6039 6042 6041
f 6039 6040 6042
f 6041 6044 6043
f 6041 6042 6044
f 6043 6046 6045
f 6043 6044 6046
f 6045 6048 6047
f 6045 6046 6048
f 6047 6050 6049
f 6047 6048 6050
f 6049 6052 6051
f 6049 6050 6052
f 6051 6054 6053
f 6051 6052 6054
f 6053 6056 6055
f 6053 6054 6056
f 6055 6058 6057
f 6055 6056 6058
f 6057 6060 6059
f 6057 6058 6060
f 6059 6062 6061
f 6059 6060 6062
f 6061 6064 6063
f 6061 6062 6064
f 6063 6066 6065
f 6063 6064 6066
f 6065 6068 6067
f 6065 6066 6068
f 6067 6070 6069
f 6067 6068 6070
f 6069 6072 6071
f 6069 6070 6072
f 6071 6074 6073
f 6071 6072 6074
f 6073 6076 6075
f 6073 6074 6076
f 6075 6078 6077
f 6075 6076 6078
f 6077 6080 6079
f 6077 6078 6080
f 6079 6082 6081
f 6079 6080 6082
f 6081 6084 6083
f 6081 6082 6084
f 6083 6086 6085
f 6083 6084 6086
f 6085 6088 6087
f 6085 6086 6088
f 6087 6090 6089
f 6087 6088 6090
f 6089 6092 6091
f 6089 6090 6092
f 6091 6094 6093
f 6091 6092 6094
f 6093 6096 6095
f 6093 6094 6096
f 6095 6098 6097
f 6095 6096 6098
f 6097 6100 6099
f 6097 6098 6100
f 6099 6102 6101
f 6099 6100 6102
f 6101 6104 6103
f 6101 6102 6104
f 6103 6106 6105
f 6103 6104 6106
f 6105 6108 6107
f 6105 6106 6108
f 6107 6110 6109
f 6107 6108 6110
f 6109 6112 6111
f 6109 6110 6112
f 6111 6114 6113
f 6111 6112 6114
f 6113 6116 6115
f 6113 6114 6116
f 6115 6118 6117
f 6115 6116 6118
f 6117 6120 6119
f 6117 6118 6120
f 6119 6122 6121
f 6119 6120 6122
f 6121 6124 6123
f 6121 6122 6124
f 6123 6126 6125
f 6123 6124 6126
f 6125 6128 6127
f 6125 6126 6128
f 6127 6130 6129
f 6127 6128 6130
f 6129 6132 6131
f 6129 6130 6132
f 6131 6134 6133
f 6131 6132 6134
f 6133 6136 6135
f 6133 6134 6136
f 6135 6138 6137
f 6135 6136 6138
f 6137 6140 6139
f 6137 6138 6140
f 6139 6142 6141
f 6139 6140 6142
f 6141 6144 6143
f 6141 6142 6144
f 6143 6146 6145
f 6143 6144 6146
f 6145 6148 6147
f 6145 6146 6148
f 6147 6150 6149
f 6147 6148 6150
f 6149 6152 6151
f 6149 6150 6152
f 6151 6154 6153
f 6151 6152 6154
f 6153 6156 6155
f 6153 6154 6156
f 6155 6158 6157
f 6155 6156 6158
f 6157 6160 6159
f 6157 6158 6160
f 6159 6162 6161
f 6159 6160 6162
f 6161 6164 6163
f 6161 6162 6164
f 6163 6166 6165
f 6163 6164 6166
f 6165 6168 6167
f 6165 6166 6168
f 6167 6170 6169
f 6167 6168 6170
f 6169 6172 6171
f 6169 6170 6172
f 6171 6174 6173
f 6171 6172 6174
f 6173 6176 6175
f 6173 6174 6176
f 6175 6178 6177
f 6175 6176 6178
f 6177 6180 6179
f 6177 6178 6180
f 6179 6182 6181
f 6179 6180 6182
f 6181 6184 6183
f 6181 6182 6184
f 6183 6186 6185
f 6183 6184 6186
f 6185 6188 6187
f 6185 6186 6188
f 6187 6190 6189
f 6187 6188 6190
f 6189 6192 6191
f 6189 6190 6192
f 6191 6194 6193
f 6191 6192 6194
f 6193 6196 6195
f 6193 6194 6196
f 6195 6198 6197
f 6195 6196 6198
f 6197 6200 6199
f 6197 6198 6200
f 6199 6202 6201
f 6199 6200 6202
f 6201 6204 6203
f 6201 6202 6204
f 6203 6206 6205
f 6203 6204 6206
f 6205 6208 6207
f 6205 6206 6208
f 6207 6210 6209
f 6207 6208 6210
f 6209 6212 6211
f 6209 6210 6212
f 6211 6214 6213
f 6211 6212 6214
f 6213 6216 6215
f 6213 6214 6216
f 6215 6218 6217
f 6215 6216 6218
f 6217 6220 6219
f 6217 6218 6220
f 6219 6222 6221
f 6219 6220 6222
f 6221 6224 6223
f 6221 6222 6224
f 6223 6226 6225
f 6223 6224 6226
f 6225 6228 6227
f 6225 6226 6228
f 6227 6230 6229
f 6227 6228 6230
f 6229 6232 6231
f 6229 6230 6232
f 6231 6234 6233
f 6231 6232 6234
f 6233 6236 6235
f 6233 6234 6236
f 6235 6238 6237
f 6235 6236 6238
f 6237 6240 6239
f 6237 6238 6240
f 6241 6242 6243
f 6241 6243 6244
f 6245 6246 6247
f 6245 6247 6248
f 6249 6252 6251
f 6249 6250 6252
f 6251 6254 6253
f 6251 6252 6254
f 6253 6256 6255
f 6253 6254 6256
f 6255 6258 6257
f 6255 6256 6258
f 6257 6260 6259
f 6257 6258 6260
f 6259 6262 6261
f 6259 6260 6262
f 6261 6264 6263
f 6261 6262 6264
f 6263 6266 6265
f 6263 6264 6266
f 6265 6268 6267
f 6265 6266 6268
f 6267 6270 6269
f 6267 6268 6270
f 6269 6272 6271
f 6269 6270 6272
f 6271 6274 6273
f 6271 6272 6274
f 6273 6276 6275
f 6273 6274 6276
f 6275 6278 6277
f 6275 6276 6278
f 6277 6280 6279
f 6277 6278 6280
f 6279 6282 6281
f 6279 6280 6282
f 6281 6284 6283
f 6281 6282 6284
f 6283 6286 6285
f 6283 6284 6286
f 6285 6288 6287
f 6285 6286 6288
f 6287 6290 6289
f 6287 6288 6290
f 6289 6292 6291
f 6289 6290 6292
f 6291 6294 6293
f 6291 6292 6294
f 6293 6296 6295
f 6293 6294 6296
f 6295 6298 6297
f 6295 6296 6298
f 6297 6300 6299
f 6297 6298 6300
f 6299 6302 6301
f 6299 6300 6302
f 6301 6304 6303
f 6301 6302 6304
f 6303 6306 6305
f 6303 6304 6306
f 6305 6308 6307
f 6305 6306 6308
f 6307 6310 6309
f 6307 6308 6310
f 6309 6312 6311
f 6309 6310 6312
f 6311 6314 6313
f 6311 6312 6314
f 6313 6316 6315
f 6313 6314 6316
f 6315 6318 6317
f 6315 6316 6318
f 6317 6320 6319
f 6317 6318 6320
f 6319 6322 6321
f 6319 6320 6322
f 6321 6324 6323
f 6321 6322 6324
f 6323 6326 6325
f 6323 6324 6326
f 6325 6328 6327
f 6325 6326 6328
f 6327 6330 6329
f 6327 6328 6330
f 6329 6332 6331
f 6329 6330 6332
f 6331 6334 6333
f 6331 6332 6334
f 6333 6336 6335
f 6333 6334 6336
f 6335 6338 6337
f 6335 6336 6338
f 6337 6340 6339
f 6337 6338 6340
f 6339 6342 6341
f 6339 6340 6342
f 6341 6344 6343
f 6341 6342 6344
f 6343 6346 6345
f 6343 6344 6346
f 6345 6348 6347
f 6345 6346 6348
f 6347 6350 6349
f 6347 6348 6350
f 6349 6352 6351
f 6349 6350 6352
f 6351 6354 6353
f 6351 6352 6354
f 6353 6356 6355
f 6353 6354 6356
f 6355 6358 6357
f 6355 6356 6358
f 6357 6360 6359
f 6357 6358 6360
f 6359 6362 6361
f 6359 6360 6362
f 6361 6364 6363
f 6361 6362 6364
f 6363 6366 6365
f 6363 6364 6366
f 6365 6368 6367
f 6365 6366 6368
f 6367 6370 6369
f 6367 6368 6370
f 6369 6372 6371
f 6369 6370 6372
f 6371 6374 6373
f 6371 6372 6374
f 6373 6376 6375
f 6373 6374 6376
f 6375 6378 6377
f 6375 6376 6378
f 6377 6380 6379
f 6377 6378 6380
f 6379 6382 6381
f 6379 6380 6382
f 6381 6384 6383
f 6381 6382 6384
f 6383 6386 6385
f 6383 6384 6386
f 6385 6388 6387
f 6385 6386 6388
f 6387 6390 6389
f 6387 6388 6390
f 6389 6392 6391
f 6389 6390 6392
f 6391 6394 6393
f 6391 6392 6394
f 6393 6396 6395
f 6393 6394 6396
f 6395 6398 6397
f 6395 6396 6398
f 6397 6400 6399
f 6397 6398 6400
f 6399 6402 6401
f 6399 6400 6402
f 6401 6404 6403
f 6401 6402 6404
f 6403 6406 6405
f 6403 6404 6406
f 6405 6408 6407
f 6405 6406 6408
f 6407 6410 6409
f 6407 6408 6410
f 6409 6412 6411
f 6409 6410 6412
f 6411 6414 6413
f 6411 6412 6414
f 6413 6416 6415
f 6413 6414 6416
f 6415 6418 6417
f 6415 6416 6418
f 6417 6420 6419
f 6417 6418 6420
f 6419 6422 6421
f 6419 6420 6422
f 6421 6424 6423
f 6421 6422 6424
f 6423 6426 6425
f 6423 6424 6426
f 6425 6428 6427
f 6425 6426 6428
f 6427 6430 6429
f 6427 6428 6430
f 6429 6432 6431
f 6429 6430 6432
f 6431 6434 6433
f 6431 6432 6434
f 6433 6436 6435
f 6433 6434 6436
f 6435 6438 6437
f 6435 6436 6438
f 6437 6440 6439
f 6437 6438 6440
f 6439 6442 6441
f 6439 6440 6442
f 6441 6444 6443
f 6441 6442 6444
f 6443 6446 6445
f 6443 6444 6446
f 6445 6448 6447
f 6445 6446 6448
f 6447 6450 6449
f 6447 6448 6450
f 6449 6452 6451
f 6449 6450 6452
f 6451 6454 6453
f 6451 6452 6454
f 6453 6456 6455
f 6453 6454 6456
f 6455 6458 6457
f 6455 6456 6458
f 6457 6460 6459
f 6457 6458 6460
f 6459 6462 6461
f 6459 6460 6462
f 6461 6464 6463
f 6461 6462 6464
f 6463 6466 6465
f 6463 6464 6466
f 6465 6468 6467
f 6465 6466 6468
f 6467 6470 6469
f 6467 6468 6470
f 6469 6472 6471
f 6469 6470 6472
f 6471 6474 6473
f 6471 6472 6474
f 6473 6476 6475
f 6473 6474 6476
f 6475 6478 6477
f 6475 6476 6478
f 6477 6480 6479
f 6477 6478 6480
f 6479 6482 6481
f 6479 6480 6482
f 6481 6484 6483
f 6481 6482 6484
f 6483 6486 6485
f 6483 6484 6486
f 6485 6488 6487
f 6485 6486 6488
f 6487 6490 6489
f 6487 6488 6490
f 6489 6492 6491
f 6489 6490 6492
f 6491 6494 6493
f 6491 6492 6494
f 6493 6496 6495
f 6493 6494 6496
f 6495 6498 6497
f 6495 6496 6498
f 6497 6500 6499
f 6497 6498 6500
f 6499 6502 6501
f 6499 6500 6502
f 6501 6504 6503
f 6501 6502 6504
f 6503 6506 6505
f 6503 6504 6506
f 6505 6508 6507
f 6505 6506 6508
f 6507 6510 6509
f 6507 6508 6510
f 6509 6512 6511
f 6509 6510 6512
f 6511 6514 6513
f 6511 6512 6514
f 6513 6516 6515
f 6513 6514 6516
f 6515 6518 6517
f 6515 6516 6518
f 6517 6520 6519
f 6517 6518 6520
f 6519 6522 6521
f 6519 6520 6522
f 6521 6524 6523
f 6521 6522 6524
f 6523 6526 6525
f 6523 6524 6526
f 6525 6528 6527
f 6525 6526 6528
f 6527 6530 6529
f 6527 6528 6530
f 6529 6532 6531
f 6529 6530 6532
f 6531 6534 6533
f 6531 6532 6534
f 6533 6536 6535
f 6533 6534 6536
f 6535 6538 6537
f 6535 6536 6538
f 6537 6540 6539
f 6537 6538 6540
f 6539 6542 6541
f 6539 6540 6542
f 6541 6544 6543
f 6541 6542 6544
f 6543 6546 6545
f 6543 6544 6546
f 6545 6548 6547
f 6545 6546 6548
f 6547 6550 6549
f 6547 6548 6550
f 6549 6552 6551
f 6549 6550 6552
f 6551 6554 6553
f 6551 6552 6554
f 6553 6556 6555
f 6553 6554 6556
f 6555 6558 6557
f 6555 6556 6558
f 6557 6560 6559
f 6557 6558 6560
f 6559 6562 6561
f 6559 6560 6562
f 6561 6564 6563
f 6561 6562 6564
f 6563 6566 6565
f 6563 6564 6566
f 6565 6568 6567
f 6565 6566 6568
f 6567 6570 6569
f 6567 6568 6570
f 6569 6572 6571
f 6569 6570 6572
f 6571 6574 6573
f 6571 6572 6574
f 6573 6576 6575
f 6573 6574 6576
f 6575 6578 6577
f 6575 6576 6578
f 6577 6580 6579
f 6577 6578 6580
f 6579 6582 6581
f 6579 6580 6582
f 6581 6584 6583
f 6581 6582 6584
f 6583 6586 6585
f 6583 6584 6586
f 6585 6588 6587
f 6585 6586 6588
f 6587 6590 6589
f 6587 6588 6590
f 6589 6592 6591
f 6589 6590 6592
f 6591 6594 6593
f 6591 6592 6594
f 6593 6596 6595
f 6593 6594 6596
f 6595 6598 6597
f 6595 6596 6598
f 6597 6600 6599
f 6597 6598 6600
f 6599 6602 6601
f 6599 6600 6602
f 6601 6604 6603
f 6601 6602 6604
f 6603 6606 6605
f 6603 6604 6606
f 6605 6608 6607
f 6605 6606 6608
f 6607 6610 6609
f 6607 6608 6610
f 6609 6612 6611
f 6609 6610 6612
f 6611 6614 6613
f 6611 6612 6614
f 6613 6616 6615
f 6613 6614 6616
f 6615 6618 6617
f 6615 6616 6618
f 6617 6620 6619
f 6617 6618 6620
f 6619 6622 6621
f 6619 6620 6622
f 6621 6624 6623
f 6621 6622 6624
f 6623 6626 6625
f 6623 6624 6626
f 6625 6628 6627
f 6625 6626 6628
f 6627 6630 6629
f 6627 6628 6630
f 6629 6632 6631
f 6629 6630 6632
f 6631 6634 6633
f 6631 6632 6634
f 6635 6638 6637
f 6635 6636 6638
f 6637 6640 6639
f 6637 6638 6640
f 6639 6642 6641
f 6639 6640 6642
f 6641 6644 6643
f 6641 6642 6644
f 6643 6646 6645
f 6643 6644 6646
f 6645 6648 6647
f 6645 6646 6648
f 6647 6650 6649
f 6647 6648 6650
f 6649 6652 6651
f 6649 6650 6652
f 6651 6654 6653
f 6651 6652 6654
f 6653 6656 6655
f 6653 6654 6656
f 6655 6658 6657
f 6655 6656 6658
f 6657 6660 6659
f 6657 6658 6660
f 6659 6662 6661
f 6659 6660 6662
f 6661 6664 6663
f 6661 6662 6664
f 6663 6666 6665
f 6663 6664 6666
f 6665 6668 6667
f 6665 6666 6668
f 6667 6670 6669
f 6667 6668 6670
f 6669 6672 6671
f 6669 6670 6672
f 6671 6674 6673
f 6671 6672 6674
f 6673 6676 6675
f 6673 6674 6676
f 6675 6678 6677
f 6675 6676 6678
f 6677 6680 6679
f 6677 6678 6680
f 6679 6682 6681
f 6679 6680 6682
f 6681 6684 6683
f 6681 6682 6684
f 6683 6686 6685
f 6683 6684 6686
f 6685 6688 6687
f 6685 6686 6688
f 6687 6690 6689
f 6687 6688 6690
f 6689 6692 6691
f 6689 6690 6692
f 6691 6694 6693
f 6691 6692 6694
f 6693 6696 6695
f 6693 6694 6696
f 6695 6698 6697
f 6695 6696 6698
f 6697 6700 6699
f 6697 6698 6700
f 6699 6702 6701
f 6699 6700 6702
f 6701 6704 6703
f 6701 6702 6704
f 6703 6706 6705
f 6703 6704 6706
f 6705 6708 6707
f 6705 6706 6708
f 6707 6710 6709
f 6707 6708 6710
f 6709 6712 6711
f 6709 6710 6712
f 6711 6714 6713
f 6711 6712 6714
f 6713 6716 6715
f 6713 6714 6716
f 6715 6718 6717
f 6715 6716 6718
f 6717 6720 6719
f 6717 6718 6720
f 6719 6722 6721
f 6719 6720 6722
f 6721 6724 6723
f 6721 6722 6724
f 6723 6726 6725
f 6723 6724 6726
f 6725 6728 6727
f 6725 6726 6728
f 6727 6730 6729
f 6727 6728 6730
f 6729 6732 6731
f 6729 6730 6732
f 6731 6734 6733
f 6731 6732 6734
f 6733 6736 6735
f 6733 6734 6736
f 6735 6738 6737
f 6735 6736 6738
f 6737 6740 6739
f 6737 6738 6740
f 6739 6742 6741
f 6739 6740 6742
f 6741 6744 6743
f 6741 6742 6744
f 6743 6746 6745
f 6743 6744 6746
f 6745 6748 6747
f 6745 6746 6748
f 6747 6750 6749
f 6747 6748 6750
f 6749 6752 6751
f 6749 6750 6752
f 6751 6754 6753
f 6751 6752 6754
f 6753 6756 6755
f 6753 6754 6756
f 6755 6758 6757
f 6755 6756 6758
f 6757 6760 6759
f 6757 6758 6760
f 6759 6762 6761
f 6759 6760 6762
f 6761 6764 6763
f 6761 6762 6764
f 6763 6766 6765
f 6763 6764 6766
f 6765 6768 6767
f 6765 6766 6768
f 6767 6770 6769
f 6767 6768 6770
f 6769 6772 6771
f 6769 6770 6772
f 6771 6774 6773
f 6771 6772 6774
f 6773 6776 6775
f 6773 6774 6776
f 6775 6778 6777
f 6775 6776 6778
f 6777 6780 6779
f 6777 6778 6780
f 6779 6782 6781
f 6779 6780 6782
f 6781 6784 6783
f 6781 6782 6784
f 6783 6786 6785
f 6783 6784 6786
f 6785 6788 6787
f 6785 6786 6788
f 6787 6790 6789
f 6787 6788 6790
f 6789 6792 6791
f 6789 6790 6792
f 6791 6794 6793
f 6791 6792 6794
f 6793 6796 6795
f 6793 6794 6796
f 6795 6798 6797
f 6795 6796 6798
f 6797 6800 6799
f 6797 6798 6800
f 6799 6802 6801
f 6799 6800 6802
f 6801 6804 6803
f 6801 6802 6804
f 6803 6806 6805
f 6803 6804 6806
f 6805 6808 6807
f 6805 6806 6808
f 6807 6810 6809
f 6807 6808 6810
f 6809 6812 6811
f 6809 6810 6812
f 6811 6814 6813
f 6811 6812 6814
f 6813 6816 6815
f 6813 6814 6816
f 6815 6818 6817
f 6815 6816 6818
f 6817 6820 6819
f 6817 6818 6820
f 6819 6822 6821
f 6819 6820 6822
f 6821 6824 6823
f 6821 6822 6824
f 6823 6826 6825
f 6823 6824 6826
f 6825 6828 6827
f 6825 6826 6828
f 6827 6830 6829
f 6827 6828 6830
f 6829 6832 6831
f 6829 6830 6832
f 6831 6834 6833
f 6831 6832 6834
f 6833 6836 6835
f 6833 6834 6836
f 6835 6838 6837
f 6835 6836 6838
f 6837 6840 6839
f 6837 6838 6840
f 6839 6842 6841
f 6839 6840 6842
f 6841 6844 6843
f 6841 6842 6844
f 6843 6846 6845
f 6843 6844 6846
f 6845 6848 6847
f 6845 6846 6848
f 6847 6850 6849
f 6847 6848 6850
f 6849 6852 6851
f 6849 6850 6852
f 6851 6854 6853
f 6851 6852 6854
f 6853 6856 6855
f 6853 6854 6856
f 6855 6858 6857
f 6855 6856 6858
f 6857 6860 6859
f 6857 6858 6860
f 6859 6862 6861
f 6859 6860 6862
f 6861 6864 6863
f 6861 6862 6864
f 6863 6866 6865
f 6863 6864 6866
f 6865 6868 6867
f 6865 6866 6868
f 6867 6870 6869
f 6867 6868 6870
f 6869 6872 6871
f 6869 6870 6872
f 6871 6874 6873
f 6871 6872 6874
f 6873 6876 6875
f 6873 6874 6876
f 6875 6878 6877
f 6875 6876 6878
f 6877 6880 6879
f 6877 6878 6880
f 6879 6882 6881
f 6879 6880 6882
f 6881 6884 6883
f 6881 6882 6884
f 6883 6886 6885
f 6883 6884 6886
f 6885 6888 6887
f 6885 6886 6888
f 6887 6890 6889
f 6887 6888 6890
f 6889 6892 6891
f 6889 6890 6892
f 6891 6894 6893
f 6891 6892 6894
f 6893 6896 6895
f 6893 6894 6896
f 6895 6898 6897
f 6895 6896 6898
f 6897 6900 6899
f 6897 6898 6900
f 6899 6902 6901
f 6899 6900 6902
f 6901 6904 6903
f 6901 6902 6904
f 6903 6906 6905
f 6903 6904 6906
f 6905 6908 6907
f 6905 6906 6908
f 6907 6910 6909
f 6907 6908 6910
f 6909 6912 6911
f 6909 6910 6912
f 6911 6914 6913
f 6911 6912 6914
f 6913 6916 6915
f 6913 6914 6916
f 6915 6918 6917
f 6915 6916 6918
f 6917 6920 6919
f 6917 6918 6920
f 6919 6922 6921
f 6919 6920 6922
f 6921 6924 6923
f 6921 6922 6924
f 6923 6926 6925
f 6923 6924 6926
f 6925 6928 6927
f 6925 6926 6928
f 6927 6930 6929
f 6927 6928 6930
f 6929 6932 6931
f 6929 6930 6932
f 6931 6934 6933
f 6931 6932 6934
f 6933 6936 6935
f 6933 6934 6936
f 6935 6938 6937
f 6935 6936 6938
f 6937 6940 6939
f 6937 6938 6940
f 6939 6942 6941
f 6939 6940 6942
f 6941 6944 6943
f 6941 6942 6944
f 6943 6946 6945
f 6943 6944 6946
f 6945 6948 6947
f 6945 6946 6948
f 6947 6950 6949
f 6947 6948 6950
f 6949 6952 6951
f 6949 6950 6952
f 6951 6954 6953
f 6951 6952 6954
f 6953 6956 6955
f 6953 6954 6956
f 6955 6958 6957
f 6955 6956 6958
f 6957 6960 6959
f 6957 6958 6960
f 6959 6962 6961
f 6959 6960 6962
f 6961 6964 6963
f 6961 6962 6964
f 6963 6966 6965
f 6963 6964 6966
f 6965 6968 6967
f 6965 6966 6968
f 6967 6970 6969
f 6967 6968 6970
f 6969 6972 6971
f 6969 6970 6972
f 6971 6974 6973
f 6971 6972 6974
f 6973 6976 6975
f 6973 6974 6976
f 6975 6978 6977
f 6975 6976 6978
f 6977 6980 6979
f 6977 6978 6980
f 6979 6982 6981
f 6979 6980 6982
f 6981 6984 6983
f 6981 6982 6984
f 6983 6986 6985
f 6983 6984 6986
f 6985 6988 6987
f 6985 6986 6988
f 6987 6990 6989
f 6987 6988 6990
f 6989 6992 6991
f 6989 6990 6992
f 6991 6994 6993
f 6991 6992 6994
f 6993 6996 6995
f 6993 6994 6996
f 6995 6998 6997
f 6995 6996 6998
f 6997 7000 6999
f 6997 6998 7000
f 6999 7002 7001
f 6999 7000 7002
f 7001 7004 7003
f 7001 7002 7004
f 7003 7006 7005
f 7003 7004 7006
f 7005 7008 7007
f 7005 7006 7008
f 7007 7010 7009
f 7007 7008 7010
f 7009 7012 7011
f 7009 7010 7012
f 7011 7014 7013
f 7011 7012 7014
f 7013 7016 7015
f 7013 7014 7016
f 7015 7018 7017
f 7015 7016 7018
f 7017 7020 7019
f 7017 7018 7020
f 7021 7022 7023
f 7021 7023 7024
f 7025 7026 7027
f 7025 7027 7028
f 7029 7030 7031
f 7029 7031 7032
f 7033 7034 7035
f 7033 7035 7036
